country,query,clean_content,sentiment,score,timestamp,sentiment_value
Algeria,Algeria foreign investment,picture algeria leasing strategic portion desert around 10000 square kilometers roughly 5 times size london develop visionary megacity hightech hub could host groundbreaking science labs cuttingedge industries sustainable infrastructure powered solar energy advanced facilities innovationfriendly policies global collaboration would position algeria player science technology creating jobs boosting gdp driving sustainable development would build mega city would challenges im saying possible dreamer making conversation city like built ground attract pioneers new city development techniques ability improve living space harsher climats huge incentives might work,positive,0,1732901091.0,1
Algeria,Algeria foreign investment,lore ww1 arabia gains independence fall ottoman empire 1919 egyptian revolution strong arabias independence augments arab nationalism sultanate egypt gains independence controls sudan arab maghreb region king mohammed v uses american support decolonization lead panarab movement establishes sultanate maghreb stretching cyrenaica nouakchott 3 countries create economic political union similar european union unified currency single market mutual defense pact making arab block one powerful alliances world,positive,625,1698330589.0,1
Algeria,Algeria foreign investment,surprised everyone 2022 2018 world cups showed algeria force reckoned field futbol kora alqadim bil arabiya decided invest creating soccer programs youths making school soccer fields teams helping train professional soccer teams well military units ship crews encouraged squadron division flotilla subdivision soccer teams competitions 100 million invested youth soccer programs 50 million professional teams another 100 million building stadiums attracting foreign players hope continue strong tradition world cup,positive,3,1426042155.0,1
Algeria,Algeria foreign investment,salam everyone coming across post yesterday time ago seeing ulee_hwaqs comment daily morocco suck post would love see solutions decided make post book im outlining layman think moroccos various quite numerous woes think approached shady book chapter first provide analysis perceive problems importantly think would consider ideal state affairs state strategy solution approach issue seems feasible get id like us close realistically possible given context example islamist feminist might agree state women morocco horrendous opposite reasons helps say way one considerns something problem chapters book along chaotic notes order chapters may revised please let know theres something think look thoughts may 1 education literacy 1 language questions darija vs arabic language continuum dialectal differentiation diglossia linguistic borrowing amazigh french spanish impact condemned learning essentially foreign language assessing feasability desirability attempting standardize darija visàvis arabicspeaking world islam maghreb arabic vs amazigh binational identity faring face centralization homogenization impact elevation amazigh official status exploring various cases spains autonomous regions france ages picardy corsica guyana tahiti turkish kurdistan iranian azerbaijan guangzhou canton switzerland belgium friesland ireland taiwan maybe india french vs english france québec françafrique vs rest world spanish 2 20 birds one stone aka opportunities iberia latam thanks moroccos geographical position shared history spain 2 curriculum finlanda decrease bloat increase effciency reduce hours whenever possible student psychology estimate ideal number hours ideal number days extracurricular activities enjoyment learning freedom choose vs market demand compliance eu international degree equivalence rules hs uni degrees 2 economy standard living health outcomes 1 staffing funding qualifications public services learn france cuba 2 private sector lobby 1 funding services nationalisation sensitive industries shouldnt learn france cuba 2 electric boogaloo 1 amenities 2 health insurance 3 retirement 4 oncf urban transport making fortunate geographical spread moroccos urban centers 5 ocp 2 food subsidies keep principle implement better money goes need instead companies 3 foreign investment market attractiveness capital flight 1 banking 2 employee stock options worker cooperative model 3 keeping capital happy avoiding race bottom international labor 4 falling fertility rates brain drain general emigration mres climbing value chain automation 5 land reform construction housing 3 geopolitics 1 algeria minimum credible deterence maghrebs lost economic potential military spending arms race hidden massive opportunity cost favoring defensive posture belligerent one titfortat ramping support kabylemak separatism counter support sahrawipolisario support risks backfiring rif risks implosion algerian regime contingency plans face desperate unpredictable hostile foreign military looking scapegoat wilaya tunus mauritanian strategic ambiguity moroccan soft power elite circles 2 spain economic cooperation historical political economic rival undercutting breadbasket europes agricultural exports world cup territorial disputes exclusive economic zones migration 3 france french economic interests morocco guarantee support algerian aggression potential disputes keep mind going forward competition subsaharan africa especially banking diversification suppliers economic partners china spain etc going nuclear russias rosatom risks new rapprochement attempt algeria migration mres french schools business 4 eu free trade quotas norms regulations germany 5 ecowas mauritania transafrican trade sahel port dakhla deisolating landlocked sahelian countries potential ecowas repercussions senegal west wfrican development coastal francophone countries nigeria important potential supplier natural gas already huge growing market 6 united states making use fta risk souring relations resistance privatisation key industries risk pressure privatise rail ocp water energy 7 canada mres québec improving economic links making use french 8 mena 1 egypt opportunities morocco ongoing neoliberal destruction egypt 2 gcc reliability saudiemirati support face moroccos potentially shifting internal politics 3 ethnic cleansing palestine necessity israeli strategic alliance 9 muslim world 1 turkey rising superpower things change stay 2 iran really matter 3 pakistan bangladesh 4 se asia far away matter yet populous developped 10 china imports investments navigating rising western protectionism hungary cant get away morocco sure hell cant rubber tires antidumping european court ruling case 11 india good market massive trade surplus opportunities develop phosphatebased fertilizer industry exports agrarian economy 12 mercosur natural practically nonexistent economic partnership 4 politics 1 disenfranchisement might actually good thing hear 2 propaganda culture wars illusion democracy lessons west sophisticated neoliberal political distraction techniques 3 morocco unitary parliamentary semiconstitutional monarchy 1 realistic royalist takes beneluxscandinavian models 2 realistic republican takes italianfrenchswiss models defo german us ones 3 idealistic take liquid democracy aka revokable delegation direct voting power 5 societal attitudes 1 sexism gender expectations misogyny male disposability moroccos various increasing gender divides 2 racism colorism romanticization andalusian ancestry attraction whiteness aversion blackness 3 religion sex policy religious sexual freedom country official state religion 4 drug decriminalization substance abuse lessons swiss 6 housing architecture tourism aesthetics 1 local urban development plans modern architectural ugliness solutions constraints due current potential economic injustice 2 tourism cuisine hospitality industry confronting sexual tourism various forms 7 water climate renewable energies 1 water management dams desalination plants agricultural sector 2 solar plants green hydrogen xlinks becoming energy supplier 3 technological innovation solardesalination synergy green hydrogen cloud seeding aeroponics phosphatebased fertilizers 4 green spaces desert greening learning journey much opportunity express various topics im interested hearing think various subjects im planning exploring limited knowledge understanding nonexpert isnt really prescribe solutions though expect welcome criticism countersuggestions bounce ideas people get critique thoughts nice day,positive,40,1731872799.0,1
Algeria,Algeria foreign investment,wanted share personal experience left quite concerned influence salafism also known wahabism country let clear outset like wahabis never never im kafir label everyone doesnt agree pray follow sunna recently attended wedding fellow attendee salafi individual passionately discussed beliefs struck commitment madhhab rather unwavering loyalty saudi arabia kept talking العقيدة السليمة algerians wrong one including sufis conversation took turn military friend asked hypothetical question grand mufti saudi arabia instructed start revolution algeria harm military personnel would shockingly answer resounding yes incident made reflect events 1990s dark period history marked internal conflict bloodshed secret saudi arabia played role fueling flames tumultuous time fear unwavering loyalty foreign power even expense ones country might rear head essential us question engage discussions influence salafism algeria especially comes matters national security youth even may deeply religious still susceptible persuasive power ideas believe saudi arabia country heavily invested us often criticized actions rightful leader muslim world getting wealthier commerce never buy theyre brothers brother would never call kafir brother would never take foregin orders hurt fellow algerians,positive,112,1703533536.0,1
Algeria,Algeria foreign investment,source unctad 2018 countries mentioned like syria libya 1 uae 10385 billion 2 egypt 6797 billion 3 oman 4190 billion 4 morocco 3640 billion 5 ksa 3208 billion 6 lebanon 2879 billion 7 bahrain 1515 billion 8 algeria 1506 billion 9 sudan 1135 billion 10 tunisia 1035 billion 11 jordan 0949 billion 12 kuwait 0345 billion 13 palestine 0226 billion 14 yemen outflow 0282 billion 15 qatar outflow 2196 billion 16 iraq outflow 4885 billion,positive,4,1580258661.0,1
Algeria,Algeria foreign investment,see picture like algeria problems owning car real solution isnt importing cars producing locally improving economy lowering unemployement point starts increasing peoples salaries supply demand people able buy new cars even used ones algeria car imports really low theyre tryin keep value total imports year around 45 billion usd theres anything increase theyll stop importing otherwise well trade deficit idea behind try maximise much possible trade surplus increase foreign reserves oil prices relatively high eventually fall well reserves live dont agree 100 thats works algeria hope day well higher non hydrocarbon exports cover car imports stuff countries like algeria lowering unemployement requires encouraging investments industrial sector theyve recently via algerian investment promotion agency algerias industrial sector weak incompetitive needs protectionist policies help grow otherwise foreign products would destroy lead factories getting closed however protectionist policies shouldnt outright block imports find balance keep prices reasonable new jobs created industry sector would help create many jobs services sector therefore improving quality life algerians executed properly,positive,10,1734442908.0,1
Algeria,Algeria foreign investment,algerian ministries foreign affairs trade department commerce removal legislation requiring algerian companies 51 local companies department finance tax reinvested profits first 3 years business 10 taxation reinvested profits following 2 years department commerce years clause requiring foreign direct investment primarily algerian owned caused investors query ease operating algeria algerian government cracking imports 900 products including cell phones furniture foods obvious domestic production effort full swing without foreign investors algeria seen shortages common goods increased prices goods monopolies duopolies begun form relatively noncompetitive domestic markets promote foreign investment opportunities deem removal algerian majority ownership companies necessary economy develop competitiveness move forward new age african arab free trade department finance algerian department finance believes tax breaks choosing invest algeria introduced conjunction foreign investment reforms kick start economic growth importance seeing businesses develop algeria critical believe corporate tax reforms result foreign investors choosing algeria nations comes foreign market growth etc tax reforms result growth jobs societal development algeria praised cheap highly skilled labour doorstep europe expect huge growth foreign investment coming years,positive,3,1523772417.0,1
Algeria,Algeria foreign investment,algeria economic discussions often revolve around exports imports foreign currency international trade entire economy countries debates usually focus productivity investments innovation unemployment etc think obsessed foreign trade,negative,10,1736425274.0,-1
Algeria,Algeria foreign investment,alone delighted positive reception left kuomintang rework received also relatively smooth release went however always smaller things pop first hotfix beta 026 fix bugs add bit left kuomintang content didnt make initial release also throw bits pieces working good measure enjoy kr4 team changes notable additions chinese splinters peace entente entente allies asia australasia capitulated reduced political power cost length time takes complete chinese integration decisions tweaked focus trees china unlocks two potential leaders end syndicalist puppet chinas national focus tree depending syndicalist faction previously dominant left kuomintang content colombia overhauled foreign policy tree denmark updated aviation naval defensive military national foci italian republic removed fortification national focus socialist republic italy tweaked buildup italian civil war sweden transamur updated aviation naval national foci new events added events assyria demand kirkuk oil fields rather relevant national focus automatically granting wargoal added events commune france support ukraines radsocs elections republican victory civil war added events ghana kenya nigeria leave reichspakt join entente mittelafrika war entente added news event war ikhwan added annexation event peshawar added unique version capitalist economies collapse event triggered black monday left kuomintang added three new lategame flavour events left kuomintang new decisions added panama list targets natpop mexico take decisions go war claims new custom country paths burmese foreign policy expanded current options canadian intervention alaska left kuomintang alliances convenience siamese foreign policy custom difficulty setting canada also includes united kingdom gfx new portraits algeria ferhat abbas moufdi zakaria austrian empire otto von habsburg bohemia stanislav neumann bolivia bernardino bilbao rioja brazil joão amazonas josé fernandes leite de castro otávio mangabeira costa rica rafael ángel calderón guardia east prussia wilhelm von gayl ernst siehr erich wollenberg ethiopia haile selassie fengtian wu junsheng bao wenyue finland kurt martti wallenius commune france georges valois french republic philippe pétain civilian georgia noe zhordania germany willi munzenberg alfred von vollardbockelberg german east asia rudolph firle hawaii alexander baldwin hunan yaozu dominion india atul chandra chatterjee indochina nguyen ninh left kuomintang chen shaoyu wang jingwei military yi peiji liangguang chen jiongming civilian x2 military uniform variants zhang junmai cai tingkai x2 uniform variants liberia momolu massaquoi malaya abu bakar albaqir mustapha hussain yusof bin ishak onn jaafar lai teck peng zemin morocco mohammed v ottoman empire asım paşa cemil cahit paşa mustafa fevzi paşa civilian military patagonia rodolfo ghioldi princely federation osman ali khan rhodesia harry davies percy fynn charles mzingeli thomas nangle russia vladimir kappel sarawak ong kee hui sardinia umberto di savoia serbia petar ii moša pijade shandong qu yingguang siam phraya srisitthisongkhram sichuan yan huiqing south africa gideon brand van zyl spanish socialist republic francisco largo caballero switzerland jules humbertdroz robert grimm ulrich wille jnr kingdom spain josé calvo sotelo taiwan liao wenkui qing cai chengxun uganda mutesa ii united baltic duchy duke adolf friedrich yunnan tang jiyu fan shisheng x2 uniform variants tweaked portraits ottoman empire fevzi pasha civilian military romania mihai new uniform new advisor portraits finland kyösti kallio denmark niels bohr germany franz von bayern walther von brauchitsch heinrich bruning wilhelm canaris werner von fritsch carl friedrich goerdeler robert von greim franz gürtner karl helfferich alfred hugenberg paul lejeunejung oswald lutz erich von manstein adolf georg von maltzan franz von papen max planck erich raeder walther rathenau manfred von richthofen hjalmar schacht kurt von schleicher fritz thyssen alfred von vollardbockelberg wolfgang wegener otto wels theodor wolff league eight provinces wang kemin liangguang ren honjun zhou shidi ding ying li yuri added new generic american british general portraits added new generic asian female operative portrait added new flag rightwing republican spain added new intro pictures armenia belgium bharatiya commune bhutan bulgaria burma canada costa rica cuba denmark dominican republic egypt el salvador finland georgia greece haiti honduras illyria dominion india italian republic jabal shammar lithuania mexico mittelafrika morocco najd hasa nicaragua panama papal states persia philippines sardinia serbia south africa sweden switzerland transamur two sicilies united baltic duchy west indies federation white ruthenia yemen added generic tank models added upscaled versions vanilla planes textures added new loading screen kaiser kat cinema updated liangguang event pictures changed japans interwar strategic bomber icon fixed upper voltas flag facing wrong direction music mod added erzherzog albrecht marsch archduke albert march austria subjects added velik e nashijat vojnik great soldier bulgaria added sora shinpei divine soldiers sky japan added vals ismenia ismenia waltz central american countries added elláda poté den pethaínei greece never dies greece added king still london united kingdom qí zhèng piāopiāo fluttering flag plays left kuomintang added den vackraste visan om kärleken beautiful visage love sweden added yshly selom partyzany partisans walked village ukraine updated dengang jeg drog afsted left denmark updated el cóndor pasa condor passes peru renamed austrias mahlers symphony 2 totenfeier chinas bailan zhi lian love white jade orchid play japanesealigned chinese splinters commune frances paris pour un beefsteak paris beefsteak play commune 60 capitulation progress germanys mein kleiner grüner kaktus less likely play war removed new zealander songs playing australasia new zealand become separate removed la france de demain france tomorrow nontotalist commune france removed linker marsch left march socialist germany removed belgian songs playing qing fixed algerias ahlen bikoum playing east african countries fixed bohemias vltava track playing country owns prague fixed brazils brasil brasileiro playing fixed lanna medley playing burma owns upper fixed duplicate dutch moroccan ukrainian tracks fixed partant pour la syrie departing syria missing french republic fixed polands prząśniczka track playing hej strzelcy wraz instead fixed welsh songs playing wallonia modelling mod added compatibility plane models blood alone dlc mapping added durres korçe albanian victory points added state represent austrias slovene territories tweaked borders austria northern balkans strategic regions korea split four states two japan split sixteen states ten mongolia longer uses 1962 border renamed romanias mogilevpodolsky mogilev soviet rename would exist kaiserreich timeline added maykop victory point russia reverted rename kuban strategic region north caucasus improved supply situation dhofar hadhramaut fixed denmarks straits applying amphibious penalty fixed mountainous regions mexico showing mountainous map fixed charleroi orléans venice counted wrong terrain type changes north america post1940 antistalemate desertions american civil war longer affect players america always declare war hawaii demand refused added 365day cooldown america demanding hawaii peace deal canada america occur canada entente added new starting division template canada clarified tooltip canadas decisions suppress québecois canada longer claim malta united kingdom already exists increased combat width canadian starting division templates buffed effect canadas establish special branch national focus entente refuse portugals entry faction trimmed descriptions combined syndicates americas arthur carpender william furlong james kelly parson added description combined syndicates americas campbell johnson new england uses american technology art united states political crisis national spirit block us able send volunteers removed united states union state event firebombing americans american union state get 4th research slot second american civil war also gets research speed bonus participants american civil war central america caribbean increased costa ricas starting stability decreased stability hit taken costa rica due black monday replaced several gradually decreasing stability debuffs cuba dominican republic immediate ones dominican republic reach four research slots paths streamlined infantry division templates dominican republic haiti removed political power debuff nicaragua give germany germans decide give military factory south america added lloyd aéreo boliviano second air manufacturer bolivia added sinforiano bilbao rioja general bolivia using previously mislabeled portrait brother renamed brazils manuel césar de góis monteiro real name pedro aurélio de góis monteiro standardised formation gran colombia colombia ecuador venezuela adjust patagonias revolution successful national focus work country puppet south american leaders lose war longer made puppet leader country losing war country ideology western southern europe belgiums national foci removed longer available removed mutual exclusivity military factories research slot belgian military national foci ai belgium longer join entente unless set game rules union britains clement atlee longer run exchequer commissar already chairman union britains george hardy take secondincommand tom mann role dies changed event picture union britain event clarified requirements flanderswallonia game rules updated commune frances starting division templates improved commune frances ai choosing next national focus decreased political power cost commune france send advisors arms left kuomintang amended annexation event pasdecalais account variance flanders netherlands wallonia french republics elections returning europe greater visibility give less party popularity removed mention pierre laval french republics event dealing syndicalist leaders return europe removed several references northern ireland placenames name lists ships australasia union britain canada italian splinters refuse return malta united kingdom former asks nonsocialist italian splinters kingdom spain try directly hold subsaharan land annexes africa similar european colonial powers italian irredentist decisions take states puppets updated requirements italian splinters begin risorgimento adjusted italian ai tries perform naval invasions across adriatic sea war austria tweaked effect army national foci italian republic end socialist republic italys cultural revolution gives national spirit debuffs removed socialist republic italys military buildup national focus requires three middle national foci paths instead specifically infantry line removed socialist republic italys fort national foci updated risorgimento requirements use world tension instead added starting technologies designs carrier variants fighters naval bombers socialist republic italy updated national focus icons socialist republic italy netherlands receive dunkirk annexation event papal states electing elia dalla costa pope stephen x longer causes stability debuff gives autdem popularity monarchist portugal released autdem puppet democratic countries added warning portugal informing wont able claim rhodesia faction south africa rhodesia sardinia keep balance italy unbroken go war socialist republic italy long dont call members entente war added options scotland wales given canada annexation event added new leader description carlist spains javier added new leader description kingdom spains alfonso xiii rebalanced several spanish national foci national spirit effects tweaked conditions countries send volunteers spanish civil war buffed spanish tank designer objectively inferior choice spanish chemical companies longer identical traits tweaked spanish ais choices national focus priority added new leader descriptions cntfais francisco largo caballero buenaventura durruti dumange socialist spain attempt invade portugal sooner portugal declined access entente updated icon venices naval construction investments national spirit central northern europe austria intervene weltkrieg germanys behalf certain circumstances combined syndicates america also attacking germany nonfaction leader austria try take italy balkans middle east added theorist roles three existing austrian military advisors changed theorist trait austrias ludwig von eimannsberger updated danish national focus icons denmark get five research slots updated effect denmarks support institute theoretical physics national focus added niels bohr advisor denmark expanded copenhagen conference event chain alternate locations text case austria denmark longer involved finlands guard åland national focus gives naval experience build slot clarifying tooltip kyösti kallio secondincommand finlands red earth government buffed effect finlands working landowners national spirit updated finlands starting divisions including names equipment experience templates well starting military factory production finnish land reform removes national spirits relating russian ukrainian grain imports newly created german german east asian uboats start number u294 created sequentially restarted sequence losing first world war clarified tooltip germanys decision influence polish elections germany longer gains money refusing sell weapons saudis tweaked map colour north german federation added tooltip event nordic federation formed electing soccon nordic federation add marlibs coalition overhauled effects norways kompani linge decreased starting amount convoys puppet north germany puppet prussia sikorski made leader galicia lodomeria karl albrecht goes poland improved tooltip poland puppeted germany added option give german switzerland germany swiss annexation event added east prussia releasable puppet autdem sweden returned king coalition soccons added jules humbertdroz robert grimm syndicalist radsoc leaders switzerland respectively new description robert grimm added ulrich wille jnr general military high command advisor switzerland switzerland uses germanlanguage name eastern switzerland zurich endonym mode updated text several swiss events national foci make accurate regards hierarchy military switzerland longer temporarily marlib part third internationale socialist switzerland longer refuse return hautesavoie commune france socialist switzerland complete greater switzerland decisions edited swiss division names added starting cavalry division template renamed swiss companies swiss national foci depend world tension continue world tension drops focus underway tweaked availbles swiss navy tree reduced world tension threshold switzerland able resolve black monday eastern southeast europe albania join pact organisation increased albanias starting infrastructure added radsoc leader role albanias current socdem leaders radsoc leader longer generic bulgaria complete path peace national focus serbia joined another faction playercontrolled countries longer need majors order able offer macedonia bulgaria serbia exchange alliance bulgarias national focus seize greek fleet longer available blood alone dlc active ai bulgaria avoid giving transylvania puppet romania croatia puppet serbia relevant annexation events greeces choice faction join influenced opinion towards leader buffed lithuanias equipment starting units nordic federation uses estonian names estonian states victory points updated romanias coring silistria use compliance russias attack decisions available midwar provided relevant states controlled tweaked ai russian socialists second russian civil war updated russian national focus icons increased penalty ukraines encouraging new exports national spirit readjusted balance two ukraines shd events ukraine ivan poltavetsostrianytsias influence national spirit reduce stability higher levels pavlo skoropadskyis father nation trait ukraine grants war support ukraines national foci line succession gears industry longer cancel requirements met completion ukraine longer send volunteers antihetman revolt hetmanist ukraine send volunteers bulgaria ukraines ai complete solidify homzyns position decision less often soclibsocdem hetmanate ukraine uses different map colour ukraine take loans either germany austria depending whose faction rather always germany updated text ukraines hurevych incident event account socialist russia africa algeria given nonsocialist frances added moufdi zakaria socdem puppet leader algeria improved ethiopia somalias starting divisions templates updated national focus icons katanga mittelafrika claims starting territory expense starting cores several national focus rewards updated accordingly mittelafrika claim liberia annexation event mittelafrika claims rio muni upon seizing spain removed starting civilian military factories mittelafrikas rowuma reconfigured name template size mittelafrikas starting divisions added war support bonus effect mittelafrikas war economy national focus added military high command roles mittelafrikas ludwig bockholt hermann von göring richard wenig tweaked map colours morocco ubangishari upper volta socialist south africa longer loses council theorists advisor caucasus middleeast expanded arab ship namelists changed hashemite arabias map colour arabian federation broadened requirements egypts national foci regarding war ottomans tweaked rewards annexing khasab ottomans enables centralisation mechanic ottomans longer start game empty garrisons lebanon version splendid isolation national spirit persia able enter faction bharatiya commune even dominion india defeated persia longer separately declare war playercontrolled ottoman empire war desert added turkish endonyms yemen oman crimea states east asia added description chinese unification decision category expanded text new capital event chinese unifiers also used united provinces china via decision rebalanced chinas warlord era inadequacies national spirits chinese integration taiwan requires 80 compliance end second sinojapanese war chinese victory play kai xuan ge song victory victor music mod installed added new text unified china joins reichspakt leadership chinese united front goes strongest chinese splinter heavily favouring player fengtians mantetsu lifts railway restrictions event reduces concordia association support fengtian always become puppet japan yuting takes japan nonfengtian chinese splinters see enemies peacetime added building slots japans land reform decisions events japans garrison templates set low reinforcement priority added option split sakhalin kuril islands japan russia annexation event added hushan secondincommand kumul khanates zhongying moved league eight provinces chen cheng yunnan left kuomintangs wang jingwei changes leader portrait second sinojapanese war nerfed secondincommand advisor traits left kuomintangs sun fo tweaked colours left kuomintang tooltips added warning left kuomintang decision join internationale make difficult complete final foreign policy national focus added tooltips related left kuomintangs advisors clarified requirements needed wang jingweilead left kuomintang complete imperialism crushed forevermore national focus reduced cost left kuomintnags liberation war decisions gu mengyu leader socdem slot song qinglings ending left kuomintang nerfed first option left kuomintangs harvest 1936 event four elders dynamic trait realising datong left kuomintang adjusted allow truly dynamic socconboosting effects adjusted accordingly left kuomintangs fate reconstruction faction national focus longer available war philippines decreased radsoc popularity debuff given song qinglings first three national foci left kuomintang left kuomintangs promote local self government national focus available red napoleon path rein military rebalanced later versions left kuomintangs westerninspired army national spirit left kuomintangs expand military pension system national focus adds natpop party popularity rather totalist left kuomintang target ceylon beyond macmahon line decisions added fallback puppet leader left kuomintang hu zongnan died earlier campaign left kuomintang recruits admiral chen ce complete scavenge beiyang fleet national focus left kuomintangs preparing long war national focus upgrades economy law total mobilisation already war economy added paratroopers bonus left kuomintangs create 9th column national focus left kuomintangs decision attack shandong replaced event fire shandong autdem clarified renamed added new descriptions demobilising nra national spirits left kuomintang updated national focus icons left kuomintang expanded legation cities release event cover possible ports added ren hongjun ding ying li yuri political advisors liangguang added zhou shidi military high command advisor liangguang chinese federalists recruit beiyang admirals right kuomintanglead liangguang default leader right kuomintang unless right kuomintanglead yunnan controlled player buffed cliques dispersed society elite cavalry national spirits removed cliques decisions spawn aircraft infantry equipment artillery support equipment civilian factories military factories decreased amounts military factories received clique national foci updated alignments cliques leaders updated descriptions game rules accordingly tweaked effect mongolias russian economic assistance national spirit decreased mongolias starting number military factories transamurs tank division template includes cavalry rather infantry battalions tidied description qings pekingkommission influence level dynamic modifier added rename new description yan xishans political party successfully reunify china tweaking final event accordingly xinjiangs urumqi known dihua chinese contexts removed command power costs xinjiangs decisions removed trap decision added tang jiyu general yunnan added descriptions south asia oceania added description australasias anderson doctrine australasia longer entente added new starting division template australasia added starting tank variants australasia buffed bharatiya communes starting divisions burma potentially join coprosperity sphere nerfed starting army templates experience dominion india rebalanced starting stability war support indian splinters india seizing goa pondicherry gives optional wargoal india former owners instead claim rebalanced indochinas revolt war removed insulindias option form malphilinsul faction madras longer given control possible territory split particular subtype madras updated malaysian party names added lai teck peng zemin puppet leaders malaysia puppeted chinese socialists added abu bakar albaqir onn jaafar mustapha hussain autdem soclib socdem leaders malaya respectively pakistan longer automatically released kashmir way player gets choice release independent kashmir add pakistan added ong kee hui leader sarawak puppeted chinese socialists miscellaneous slightly nerfed ais fighter plane designs extensive conscription conscription law available losing war added five new german loading screen quotes removed one old one kaiserreich options menu longer closes added new tooltip indicate character killed tweaked ais progression forming infantry division templates reimplemented vanilla value party popularity stability modifier mass assault doctrine grants combat width reduction irregulars militias added warning players use ironman mode kaiserreich peace conferences longer possible use liberate force government options outside africa added path guides colombia sardinia siam switzerland transamur yemen updated path guides hunan spain clarified requirements several game rules fixes notable fixes fixed austria locked going pluralism path unless set game rules fixed crash desktop caused transamur annexed middle peace conference fixes part north america fixed peace deal canada america giving away states controlled third parties fixed wrong vice president referenced event united states fixed canadian event referring canada supporting federal government regardless chose support fixed broken tooltip canadas referendum national focus fixed combined syndicates americas decision join internationale checking faction faction leader fixed combined syndicates america cautious declaring war canada fixed new englands brooklyn yard lease giving double number dockyards fixed union states description patton describing field marshal central america caribbean fixed central america generic advisors fixed cubas radsocs electing socdems soclibs part third internationale causing combined syndicates america declare war due spreading revolution starting war third internationale combined syndicates fixed effects dominican republics land reform responsible bureaucracy national spirits fixed guatemalas pataut game rule working reliably fixed panamanian investment events fired puppet panama fixed countries unable annex puerto rico fixed west indies federations socialist game rules south america fixed tooltip vargas brazil stating could weaken soccons fixed fate northern chile annexation mission completing properly fixed ecuadors 1941 1946 elections firing simultaneously fixed patagonia losing socialist characters released puppet fixed missing tooltip patagonian event indicate ioseb jughashvilis death western southern europe fixed capitulated union britain given germany socialist canada fixed union britains elections referring characters longer exist fixed union britains horner making cole secondincommand despite saying fixed union britain trying make dead tom mann secondincommand arthur horner gdh cole made secondincommand instead fixed event surrender union britain accounting entente led country canada fixed commune frances totalists getting 80 stability fixed commune frances ai overly focusing germans ignoring enemies fronts fixed phalanstère decisions taken nonfrance leaders internationale fixed ireland missing truck technology starting division templates used fixed event firing informing faction members breaking balance italy fixed italian splinters united kingdom taking turns returning malta fixed italian republics decision attack socialist republic italy appearing fixed italian federation releasing venice puppet fixed socialist republic italy declaring war austrianguaranteed venice second weltkrieg fixed portugal claiming core fixed portugal causing ententereichspakt war puppeting congo war mittelafrika fixed republican portugal monarch fixed sardinias autdem game rule fixed cntfai advisors portraits appearing later fixed cntfai losing militia technology reloading saved game fixed united kingdom demanding northern ireland join former currently revolt fixed characters correctly transferred totalist wallonia forms central northern europe fixed able give syrmia kotor austria annexation event fixed austria germanys decision divert polish exports available poland already refused fixed hybrid regime denmark kicked phalanstère fixed denmarks king christian x heir dies fixed finland receiving events related prerework ukraine fixed finlands cruisers purchase german light cruisers national focus default names fixed germany duplicate close air support production lines fixed germany unable core previously austrian states fixed treaty budapests event return hungary firing incorrect country fixed germany able support polish monarchy republican poland fixed germany able declare war entente internationalealigned belgium early fixed german splinters using german generic portraits fixed incorrect requirement text norways foreign policy game rule fixed missing text illyrian ausgleich event fixed national focus lockout illyria agreed pay hungarians ausgleich fixed illyrian condominium getting slovenia littorale fixed broken initial nordic federation naval template fixed nordic federation endonyms fixed nordic federation generic advisors fixed nordic federations trade relations stuck zero formation due lack opinion modifiers fixed socialist poland declaring war socialist ukraine fixed austrianpuppet poland replacing karl albrecht first election fixed several swedish party popularity changes events hidden fixed natpop switzerland using german endonyms instituted german sole language fixed switzerland declaring commune france savoyard crisis set game rules weve gone maximum post length reddit continue comments hope enjoy playing kaiserreich much making kr4 team alpinia arvidus augenis blackfalcon501 blackleaf carmain cazadorian chazem chiang kaishrek chiron29 cody conchobhar duodex el daddy falling_robin fedex flamefang gaboemi hamfast hildagrim ido igor050301 jazzyhugh jeankedezeehond jonny bl juliet wehrwolf kano katieluka kennedy kergely kfateweaver klyntar king krčo luwofe matoro mcomghall mrmano mw miwaco nukegaming ppsyrius pelmen ragnostrangeros rnk shiroe sonny ocad supergreenbeans suzuha alpha dog irredentista italian jojo vidyaország zimbabwe salt co,negative,284,1692985511.0,-1
Algeria,Algeria foreign investment,propose proisrael prolgbtprofrance proamazigh dictatorship led ben ali jr president someone bourguibas family prime minister dont find someone pick random dude sahel usual preferably competent mandatory plan economy 1 complete deindustrialization 2 boycott china kick present investors 3 boycott nonfrench car manufacturers 4 trade phosphate least still get commie bozos 500 visas eu per year 5 skip middle man give utica complete control investment buildingrelated permits 6 sell 50 interior regions northwest algeria tbarka stays tho lovely algeria deserves 7 sell south libya 8 give nestlé complete control agriculture 9 government workers legally job pass children 10 every tunisian pimp least 3 women family libyans algerians 11 ban private investment anyone isnt سي فلان see number 5 also goes small shops cafés plans education culture politics 1 remove stem subjects emphasize dancing theater sexual education 2 grant ugtt uget complete control universities even private ones yelling beating professors everyone get degree learning exams classist part international capitalist conspiracy 3 inmates life sentences death row rehabilitated tunisian public schools along children 4 unions allowed guns heavy weaponry physical education teachers diddle kids gunpoint need strikes legal illegal تضامنا مع الزميل gets caught 5 foreign currency used concerts 6 abolish ministry culture turn straight atm actors artists need pretend theyre producing anything anymore fewer ministries less salaries pay 7 forgive israel operation wooden leg shouldnt whiny us 911 pearl harbor 8 replace allah official documents bourguiba 9 expose farhat hached traitor trying ruin good thing france 10 remove article 1 constitution transparency real country independent definitely arent arab muslim 11 pictures ben ali mandatory continued x200b,negative,7,1703197000.0,-1
Algeria,Algeria foreign investment,first would like state underlying assumptions 1 say support ukraine mean means taking public position favour ukraine arguing south africa become party conflict donate arms ukraine instead argue south africa take strong unambiguous position invasion wrong russia withdraw using vote international organisations un general assembly 2 neutrality option face aggressive war russia south africa really two options south africa either condemn invasion choose condemn south africa chooses latter option states including russia correctly interpret tacit prorussian position 3 opposition russias war remove south africas ability oppose wars common prorussian argument subreddits yes bad actions carried western countries israel shouldnt oppose bad actions instead however obvious logical fallacy since things mutually exclusive example south africa oppose israels occupation palestinian territories south africa chose condemn russia would suddenly lose ability condemn israel therefore argument fallacious disregarded three assumptions place four arguments view would south africas national interests support ukraine rather russia 1 south africa benefits strong sovereignty norm international relations basic rule international relations sovereignty idea country legal right control territory principle codified international agreements signed aftermath world war world war ii strengthened international movement towards decolonisation postwwii era terms international law means countries allowed wage war unless engaged selfdefence aggressor authorised un security council south africa direct national interest maintaining strong sovereignty norm international relations since russias invasion ukraine direct challenge norm sovereignty south africa interest opposing 2 south africa oppose claims colonial spheres influence strip away propagandistic justifications current war eg denazification actual cause conflict russias claim quasiimperial sphere influence russia colonial power incorporated ukraine russian empire late 1700s catherine great grigory potemkin give historical perspective roughly historical period dutch republic consolidating colonial control cape colony southern africa several waves decolonisation 20th century ukraine regained independence 1991 2014 euromaidan uprising ukraine become increasingly liberal democratic political values sought align politically economically culturally europe rather russia sovereign state ukraine obviously allowed wishes however russia willing allow ukraine formal independence still regards ukraine quasicolonial terms believes veto power ukrainian foreign policy punish ukraine trying align europe russia invaded eastern ukraine crimea 2014 launched fullscale invasion rest ukraine 2022 south africa also postcolonial state furthermore south africa friendly relationships close business ties states africa also postcolonial states postcolonial state south africa clear interest rejecting claims colonial spheres influence former colonial powers obvious imagine similar situation elsewhere world change names players example imagine situation algeria wished ally china france objected former colonial power region veto power algerian foreign policy imagine france invaded algeria occupied industrialised regions country declared regions french departments legally part france clearly situation south africa would realise neocolonial war would set precedent national interests would strongly oppose precisely precedent russia setting invasion attempted annexation ukraine 3 supporting russia south africa siding probable loser paper russia seems like much stronger power ukraine population 3x larger ukraines far tanks artillery soldiers combat aircraft nevertheless likelihood russia ultimately winning war low russias fundamental problem colonial imperial power trying take control country wants remain independent history shows doomed fail postwar world ii world emergence modern nationalism anticolonialism repeatedly seen work regardless onesided balance forces might appear paper example us far powerful paper viet cong ultimately us could hold south vietnam france could maintain control algeria even though theoretically powerful fln recently russia usa tried establish client states afghanistan course failed ukraine also important advantage resupplied west whereas russia largely supplying war effort western states provided ukraine increasingly sophisticated weapons javelins himars ifvs mbts next step probably supply ukraine combat aircraft longerrange artillery russia tried compel europe end support ukraine cutting supply natural gas european countries able get winter 2022 minimal disruption demonstrating russias ability wage economic warfare less effective many people imagined ukraine probably continue resupplied west however ultimately wars morale equipment side willing keep fighting longest ultimately prevail side war stakes simply higher ukraine russia ukraine fighting survival independent nation whereas russia despite official propaganda claims anticipate even ukraines conventional war effort collapse army destroyed ukraine simply keep fighting regardless even takes decadeslong insurgency ukraine ultimately bleed russia point russia forced accept effort control ukrainian territory worth ongoing cost withdraw since russia probably going lose war benefits south africa gain siding russia war russia probably position provide rewards countries supported instead likely recovering failure war 4 russias war harming south africas economy russias invasion already caused significant harm south african economy due rising oil food prices increased price diesel particular harmful south africa since south africa relies diesel power generation make energy shortfall caused failing coal power stations south africa direct economic interest stake pressuring russia withdraw end war furthermore south africa beneficial economic ties western countries south africas exports europe united states far exceed exports russia furthermore western countries several economic programmes give south africa additional benefits beyond south africa legally entitled wto rules example united states allows south africa export advantageous rates agoa european countries along united states offered provide south africa 85 billion invest desperatelyneeded renewable energy production however perspective european states europe continue provide benefits south africa south africa supporting enemy nation attacking europe war drags south africa continues support russia likely european countries eventually lose patience cut foreign assistance south africa however dangerous outcome would south africa found helping russia evade international sanctions causing become sanctioned well already seen evidence south africa willing engage sanctionsbusting efforts help russia refuel aircraft south african airports withdrawal foreign assistance programmes west would harsh blow survivable however south africa become caught financial sanctions investment restrictions russia could lead fullblown economic crisis south africa could recover 5 bonus argument moralethical issues im leaving point last people argue foreign policy driven strategic considerations national interest rather ethics want engage view however also noted russia engaged numerous war crimes ukraine mass killings civilians occupied territories systematic use rape weapon war separating families mass transfer ukrainian children russia pressganging ukrainian civilians occupied territories fight country bombing civilian apartment blocks destroying power stations intent freeze kill ukrainian civilians transferring civilians occupied territories work camps russia support russian war effort tactics reminiscent employed world war ii nazi germany comprehensive 48page report russian war crimes ukraine found reasonable grounds conclude russia bears state responsibility direct public incitement commit genocide b pattern atrocities inference intent destroy ukrainian national group worth noting report published may 2022 include evidence recent russian war crimes probably understating case see agree foreign policy primarily focused pursuit national interest would also prefer south africa support war crimes,negative,36,1677925735.0,-1
Algeria,Algeria foreign investment,five years passed since bouteflikas rule nothing changed country rather things getting worse dinar declining unemployment rate rising think two things revive algeria 1 replace tebboune new president young educated knowledgeable politics economics 2 tebboune insists staying military rule must removed economic decisions reliance must placed specialists economics development future projects opening way foreign companies invest country develop increase economic diversification help dinar rise introducing digitization states internal system states income profits become clear numbers tampered launching projects building factories local manufacturers medicine raw materials reduce unemployment increase local product rely buying simple things like eggs milk ten times twice price france changing countrys infrastructure least crowded states changing buildings attract tourists opening way tourists tourism facilitating visas relying tourism opens many doors country become dependent oil rather welcomes tourism like countries turkey emirates qatar europe general tell opinion,positive,31,1705524835.0,1
Algeria,Algeria foreign investment,statement president georges pompidou new years address december 31st 1971 president spoke radio address french citizens speaking black white televised address broadcast millions citizens replicated well radio would last time president france would speak without color french women french men comes new year winter cold calendar reminds us passing time yet men always wanted make moment celebration forget presence winter anticipate next spring want believe growing old way move towards best called hope french people reason hope well yes due respect specialists sad figure year ago day told strongest count respected didnt year 1971 provide proof friendly visits paid us many foreign heads state government chinese delegation top soviet official interview european soil president united states bear witness interest aroused cooperation france african malagasy states closely related us history culture never ceased show us confidence solidarity france provided considerable support solution two major problems enlargement european community international monetary crisis berlin united nations action visible useful reason proud hide country independent peaceful selfconfident fallen rank general de gaulle placed year ago still telling richest among happiest look around us today listen voices foreign commentators whether english american russian learn situation france appreciated envied many let us take pride either let us recognize try rest laurels success nothing ever definitively acquired everything always redone people give many times history irrational temptation disorder agitation one day next everything would rebuilt saw long ago ridiculous selfsatisfaction blinds us faults society dangers stalk us stalk nation times situation would long deteriorating let go independence would threatened one way another let go progression standard living would halted rising prices inflation unemployment government believe clearly aware problems assure maintain dignity france promise take essential measures circumstances require develop wellbeing ensure suitable level employment decisions already taken improve pensions increase allowance elderly help families organize professional training generalize monthly payments workers guarantees firm determination defend agriculture help resolve problems selfemployed french women men end year full events could limit telling wishes would like feel every one first weakest destitute worried young life opening bottom heart wish year 1972 mild happy new year friends happy new year long live france speech met positive reviews even gaullist spheres appears far france concerned 1972 year everdominated gaullists see next year coming elections nbsp presidents office nbsp commemorative commission honor charles de gaulle january 12 kick new year president pompidou gathered funds amount 1650000 francs commission saw legitimization charles de gaulle foundation members foundation working prominent members leading party union democrats republic new commission alongside charles de gaulle foundation hope create statue honoring legacy great general rear admiral philippe de gaulle one charles de gaulles children commented commission stating necessity government honor father great frenchmen women fought rear admiral de gaulle called presidents commission include late father also living simone segouin also known nicole minet simone segouin renowned infamous resistance fighter time nazi occupation france segouin began time resistance acting messenger carrying small jobs later became actively involved participating successful trainexploding expedition retired year 1946 awarded rank second lieutenant works still pediatric nurse courvillesureure famously photographed german american soldiers meeting general de gaulle asked following meeting general gaullist stated gaullist simply woman fighting war occupation interviewed following rear admirals comments stance charles de gaulle changed declined comment inclusion reaches across aisle politically sexually le figaro gaullist news organization since posted images stories infamous men women resistance fighters party calls month honor extends even charles de gaulles niece geneviève de gaulleanthonioz famously joined resistance even captured transported ravensbruck concentration camp famous gaullist interviewed former communist charlotte delbo shared experiences one anecdote book following quote de gaulleanthonioz moments life completely unacceptable invasion country nazis one father xavier general de gaulles older brother made read mein kampf knew hitlers doctrine great need something went nearest bridge river vilaine brittany pulled nazi flag great riveting start new year nbsp national assembly temp worker protections france temp agencies legal january 5th 1972 currently france 34 adults ages 1824 work contract workers hired fixedterm contract less hired commissionbasis wellextends idea selfemployed contractor express support growing industry government seen expand protections governance everfluid workforce temporary work initially intended ensure exceptional replacement companys employees fill temporary role within company past 15years much abuse reported ranging wage theft personal financial suits even foreign workers accommodate growing expansive needs french government national assembly seen fit formally legalize idea temporary workers award protections care duration specified contract expected grow industry importantly allow foreign workers opportunity work temporary work facilities internationally referred temp agencies thus formal recognition workers able qualify additional residency accepted temp agency lingua francia dont borrow words foreigners january 7th 1972 domestic view bill effort stomp increasing waves americanisation french language culture also encouraging development outreach francophone nations national assembly headed union democrats republic simply udr passed new law bent enrichment french language party insisted legislation necessary right step forward france establishing specific sector inventories gaps french vocabulary proposed terms needed either designate new phrases replace undesirable borrowings foreign languages undoubtedly gaullist maneuver department ministry government already begun drafts replace certain words brought english italian german even russian one reference word pogrom simply defer phrases mass genocide extermination de masse meutre de masse mass murder intriguingly enough epuration ethnique ethnic cleansing imply saying original words would banned rather prioritized french explanations undoubtedly nationalistic stance gaullists foreign view bill however francosphere appears stringent commitment maintaining french language continued education abroad following nations french ambassadors shall always advocate nations learn french schools offered lucrative linguistic investment programs developing nations even opportunity nations recognize french either official administrative language republic zaire peoples republic congo algeria morocco cameroon canada côte divoire belgium madagascar tunisia switzerland burkina faso haiti senegal benin mali togo niger lebanon chad united states louisiana new england gabon central african republic burundi mauritius rwanda viet nams mauritania luxembourg cambodia laos vanuatu seychelles monaco saint martin india puducherry select nations within francophonesphere mean nation may qualify stated priority outreach education interested nation may qualify,positive,17,1736178483.0,1
Algeria,Algeria foreign investment,francophone ringing januarymarch 1972 find name private france nations involved nation mentioned shy reaching us comments negotiable trade openly african desk african desk committed towards rapprochement former colonies expansion french influence language independent nations purpose french sphere least ensure nations falling trap east vs west game washington moscow must leave continent shall maintain policy nations deserve upmost autonomy respect looking create new surging colonial empire rather wish enter region transparency lot contents going theyre diplo posts ethiopia following extensive negotiations ethiopia would like simply use forum confirm jointmining operations expansion ethiopias uranium deposits additional investment bisha mines french mining company eramet hope hire train locals well french citizens endeavor agreement carries broader deals involving deeper strategic items ethiopia france respectively first step important relation also work ethiopia sending geological surveyors reveal deposits ethiopia agreed jointly mine nations equal ownership awaiting signature nbsp madagascar malagasy republic france acknowledges faults much like parent like acknowledge problems constantly remind book good parent simply try best hope works must admit lacking malagasy republic apologize immediate start raise foreign aid malagasy 3m year 5m year next 4 years famine solved well provide 850 agricultural specialists architects assist republic current ongoing famine drought first goal priority malagasy drought mitigation measures assist education lessen effects famine facilitate also sending 2500 french doctors nurses volunteers médecins sans frontières ensure treated upmost care nbsp republic zaire forged strong relationships republic zaire france would much like expand already lingua francia program investing nations seek maintain french language would like offer specific program republic zaire cultural university exchange program wherein french citizens may attend zairian schools viceversa addition specialized scholarships zairian youth wish enter stem fields priority towards medicine engineering 12000000 every year select students qualify apply france offer educational investment 3500000 zairian ministry education hope seen little stepup terms course negotiable beyond nbsp algeria know relations algeria best would like reach nation sit discuss right best ways move forward together global community naturally start would acceptance acknowledgement harki genocide france willing recognize alongside algeria interested feel big step even bigger one france normalize relations algeria,positive,14,1736354688.0,1
Algeria,Algeria foreign investment,indonesia joins brics bloc full member brazil says reuters indonesia formally join brics full member brazils government said monday expanding group major emerging economies also includes russia india china south africa indonesia 10th member egypt ethiopia iran united arab emirates uae became brics members year malaysia vietnam thailand also seeking membership along nine emerging countries algeria belarus bolivia cuba kazakhstan nigeria turkey uganda uzbekistan since asean neighbors practically brics members couple years mean economy well two main points 1 lesser influence regional economic concerns since outnumbered already hopefully direct impact geopolitical concerns well 2 might bigger competition foreign investments brics members financial banking access brics new development bank ndb boost infra business environment,positive,3,1736261489.0,1
Algeria,Algeria foreign investment,past decade one difficulties tunisia topdown enforcement collectivization cooperative economics given results desired government whole error admitted error corrected president bourguiba announced fiveyear plan focused several key areas initiatives order chart country sounder route social justice development points include soft cooperative economics forcing collectivization mistake measure cooperative principles certain industries sound private ownership land farms preserved maintained said government incentivize creation localized cooperative organizations streamline processing distribution primarily agricultural products farmers shall join one another westerninspired models like ocean spray cranberry growers instance government force measures government directly though subsidize agricultural machinery coops provide low cost equipment farmers along degree feed seed intended tunisia become food selfsufficient possible create solid stable export market goods western eastern blocs limited privatization commission put place ascertain viability privatization certain government industries clear plans place current year creation sovereign wealth fund starting 10 oil revenues tunisian government begin funding sovereign wealth fund modeled kuwait investment authority new tunisian national trust invest primarily growing western markets serve strategic reserve wealth build grow coming years infrastructure development government come plan allocate funds put modernization expansion tunisian infrastructure apartmentbased public housing public transit solid eastwest roadway highly expanded tuniscarthage international airport take priority microcredit credit unions tunisian state begin experiment setting around twenty thirty rural banks backed state able offer small loans farmers rural entrepreneurs inspired pakistani experiment 1950s encourage rural development around five set urban areas towards encourage growth small scale shop ownership private local enterprise credit unions general sense incentivized state provide financial services general tunisian population larger scale banking sector penalized take precedent least tunisian citizens banking secrecy laws flag convenience laws order compete lebanon tunisia pass bank secrecy laws favorable conditions foreign depositors money borders part whatever fees incurred transfer new wealth fund along revenues new loosened maritime registry able provide competitive flags convenience foreign vessels entertainment sector expansion tunisia offer tax incentives foreign entertainment companies willing able film movies television tunisia hoped expand flow stocks foreign currency country provide employment locals supplementing leisure hospitality industry experience gained locals also helping facilitate growth domestic entertainment industry regional international cooperation tunisia seeks become hub north africa international business region government policy encourage closer ties emerging economies east japan koreas etc yugoslavia players europe namely italy sweden eastern bloc united states excluded tunisian neutrality prized government want overreliance either ties libya algeria hopefully also strengthened coming years hoped tunisia point distribution investments light industry able build industrial hub arab mediterranean,positive,19,1736127260.0,1
Algeria,Algeria foreign investment,hello folks ive working past years quite decent salary allow put 100 millions centimes average per year thing high inflation rate algeria devaluation national currency keeping money bank account best solution far addition dont enough money right invest real estate sector btw best investment algeria opinion thinking buying foreign currency usd euro keep constantly gaining value parallel market longer safe possible future opening exchange offices experience keep money beside without loss value,positive,19,1706701971.0,1
Algeria,Algeria foreign investment,cant post original link reddit kill post x200b food payment units economists cmasf russia needs field finance feed half world solving problem food security developing countries one key topics russianafrican summit opens july 27 oleg solntsev ilya medvedev irina ipatova denis pekhalsky gleb krivenko center macroeconomic analysis shortterm forecasting cmasf article kommersant show task requires creation alternative global payment system participation russia demonstrate may x200b photo dmitry azarov kommersant question ripe would like hope discussions second russianafrican summit opens july 27 st petersburg well august brics summit johannesburg focus formation new alternative existing global payment settlement systems question say overdue determined much geopolitical factors economic necessity 1 without longer possible ensure global economic including energy food security clearly evidenced failure grain deal due barriers western banks insurance companies payment systems significant volumes grain fertilizers russia delivered end consumers thus according exiar director general nikita gusakov shortage fertilizers russia led underproduction agricultural products would enough feed 20 million people time problem malnutrition hunger mainly developing countries remains quite acute according un estimates 2021 number hungry people reached 830 million 2030 despite growth global food production number decrease significantly one reasons instability price conjuncture food markets well payments supplies developing countries 2 need eliminate largescale redistribution investment income large developed countries developing ones perpetuates gap wealth levels development number countries paying net investment income 45 times greater number recipient countries basically former include countries developing transitional economies including brics countries average level net payments 37 gdp median 33 average higher annual economic growth rates words additional volume value added created per year payment investment income average completely redistributed abroad russian wheat rises price following global price increase among recipient countries consider offshore territories investment portals hong kong etc majority developed economies moreover four countries united states japan germany france account 80 global net investment income received countries major direct investors also play role global payment centers issuers major world currencies payment developing transitional economies significant payment rents means outflow income also leads longterm undervaluation purchasing power currencies turn limits ability independently acquire technologies advanced equipment intellectual assets world market 3 need protect potential instability major world currencies due excessive emission recent years financial bubbles cases largescale imbalance foreign trade issuing countries look solution mutual payments national currencies partner countries cannot longterm solution sooner later attempt build settlements based national currencies stumble upon limitations form low liquidity markets legislative restrictions convertibility high level exchange rate risks well imbalance mutual trade leading accumulation chronic potentially bad debts due high volatility limited market capacity classic cryptocurrencies cannot solutions private stablecoins cannot due insufficient security currency one key developing country chinese yuan political restrictions use international trade particularly india way seems formation within framework one another association countries system crossborder payments using multilateral clearing special payment unit form digital currency conversion national currencies domestic markets guaranteed central banks participating countries use digital currency platform provide high significantly superior traditional payment systems example swift settlement speed reliability confidentiality cost savings independence equality participants protection thirdcountry sanctions implementation mutual settlements using special payment unit transparent principle determining value combining flexibility sufficient stability proportions exchange national currencies minimize exchange rate risks participants settlements determine fair nature exchange trust system participants special payment unit based provision issued obligations security asset collateral case classic stablecoin time possibility converting assets must real confirmed sufficiency corresponding reserves multilateral clearing reduce requirements amount digital currency balances accordingly amount protective assets pledged limit costs ensuring stability system prototype system european payments union epu existed 1950s clearing system countries western europe functioned basis currency epunit value tied international price gold exchange rate national currencies participating countries relation epunit established countries independently new system architecture foundation calculations v salnikov gnidchenko cmasf used however experience enp shows order launch multilateral system motivation simplify increase reliability payment system enough needs linked solution pressing economic problems high level priority example epunite used establish cooperative ties within framework european coal steel community reasonable lay idea ensuring food security basis new settlement system developing countries topic significant postsoviet countries china one key items economic agenda india african countries andrey kolesnikov stands big russianafrican summit st petersburg decorated purposes synergistic strengthening advisable combine development payment infrastructure international projects services create fullfledged food security ecosystem example rapidly growing eurasian agroexpress project accelerated delivery agricultural products already actively used main buyer china expanded countries recently agreed include india iran uae create scalable payment logistics system seamless delivery configuration payment zone proposed us optimal terms scale balance agroindustrial food fertilizers agricultural machinery trade flows multilateral clearing full composition proposed configuration formed 21 countries see fig 1 largest asian countries china india eaeu countries russia belarus armenia kazakhstan kyrgyzstan key countries southeast asia thailand malaysia indonesia vietnam six african countries including largest south africa nigeria tanzania ghana madagascar uganda four countries near middle east uae iran syria oman composition clearing provide approximately 80 mutual trade zone see fig 2 noteworthy even countries generally unbalanced terms trade within zone become balanced example india optimal configuration agroindustrial payment zone turns quite largescale terms trade volumes share mutual trade zone trade participating countries whole world third size coverage 4 billion people live countries zone half population earth cereal meat consumption zone accounts approximately 4045 global consumption time zone includes countries experience shortage food resources include primarily countries africa india see fig 3 x200b figure 1 composition countries optimal payment zone flows mutual trade agroindustrial products area circle corresponds volume domestic markets grain meat byproducts thickness arrows corresponds volume mutual trade food fertilizers agricultural machinery calculated using baci merchandise shipment data 20212022 x200b figure 2 main indicators countries optimal agroindustrial payment zone calculated using baci merchandise shipment data 20212022 security special unit account advisable choose gold trustworthy asset traded almost country possible determine exchange rates national currencies unit account alternative cross rate dollar price gold dollar national currency time annual gold production countries optimal zone twice annual demand gold ensure nonclearing settlements purpose guaranteeing fulfillment obligations full repayment digital currency balances participating countries form reserve fund collateral assets stored physical gold goldbacked nonfungible tokens nfts issued accordance requirements accepted system amount participating countrys contribution reserve fund affects size debt limit set country limit exceeds amount contribution architecture new system interior exterior ensure systems performance several additional conditions must met 1 first necessary work mechanisms limit exchange rate risks arise new means payment tied gold value gold currencies emerging markets volatile rates us dollar problem solved two ways first value unit account determined basis instant spot price gold basis average previous period example rolling year case calculations show volatility value currencies developing countries drop sharply cases become close corresponding volatility us dollar secondly builtin exchange rate risk insurance system created form options exporters importers purchase sell unit account national currencies based estimates using blackscholes formula cost options currencies potential participants region 2 contract value half average 1 cost contract paid system created source funds system service fee income time fee income 1 retain multiple competitive advantage terms costs compared traditional systems swift commissions 24 system participant pay half cost contract contracts principle could quoted marketmaker banks countries zone countries account 56 banks 200 largest world mostly china india 33 9 respectively russia 2 banks could well master offer financial products insurance exchange rate risks required volume 2 creation institutions settlement problem debts since clearing system incomplete countries chronic trade imbalances risk default payment obligations case history enp therefore require system restructuring sovereign troubled debts kind analogue paris club creditors system offer soft terms restructuring perhaps debtforinvestment swap participation promising assets 3 unification trading standards gold markets countries gold mining significant reserves able purchase countries zone minimal transaction costs gold trading carried basis platforms existing zone shanghai mumbai dubai moscow standards gold trading sites must harmonized unified order actively warm entry barriers sites countries participating system lowered large liquid players banks global top 200 attracted countries 4 building around idea ensuring food security limited number participating countries typical initial stages development system goal scale system terms composition participating countries terms coverage commodity flows particular countries need solve problem low food security including african countries may gradually enter slightly increase imbalance mutual payments becomes mature able withstand provision unit account gold also applied first stages zone begins scale significantly gold backing enough necessary expand collateral include example government securities key largest time solvent countries give thanks proposed alternative system payments settlements participating countries able receive firstly cheaper stable supplies agroindustrial products food fertilizers agricultural machinery effect especially noticeable coordinating development payment system logistics initiatives eurasian agroexpress northsouth transport corridor etc second additional opportunities stabilize food prices time relevant markets develop funds used subsidize foreign exchange options redirected formation intervention grain fund participating countries work analogy state grain fund russia well food fund eaeu created calculations show stock wheat fee 1 accumulated fund 2 years approximately equal standard deviation annual consumption countries zone longterm trend means second year operation fund ready compensate excess shortage wheat countries greater predictability wheat prices help smooth price movements types food thirdly growth southsouth trade investment due simplification ties countries participating payment system emergence unclearable imbalances encourage parties look new common ground whether increased trade investment projects aimed unlocking countrys food security potential example africa significant mineral resource base production fertilizers growth fdi countries continent provide domestic demand fertilizers also form stable supply countries need increase cultivation crops x200b figure 3 provision population various countries basic types food x200b,positive,170,1690459353.0,1
Algeria,Algeria foreign investment,excerpts article arab thermidor anand gopal published volume 4 2 catalyst back 2020 article essentially argues 2010s arab spring longterm consequence wave privatization austerity took place across arab world 1980s essentially dissolved social contract sustained typical arab military dictatorship earlier decades cold war arab spring particularly relevant season thought would useful post excerpts article detailing changes arab society immediate postww2 era late 1980s viewpoints expressed necessarily shared cwp mod team whole nbsp arab thermidor nbsp nbsp 1990s arab world organized around social contract wherein masses incorporated staterun bodies received basic protections market well means representing interests exchange surrendered democratic freedoms along right independent organization collective bargaining regionwide neoliberal turn beginning early 1990s unraveled social contract reforms gut social safety net expose millions market transformed nature work without membership corporate bodies people longer connections secure scarce publicsector jobs meanwhile crony capitalism limited growth formal private sector majority working class therefore thrust informal sector survived temporary contracts precarious employment nbsp article provide broad historical overview rise social contract across countries middle east north africa mena detail neoliberal turn undid contract restructured arab working class propelled doomed uprisings nbsp arab social contract nbsp 1950s decades colonialism series liberal oligarchies took power across arab world syria elite agricultural merchant families formed peoples party led postmandate government 1954 elections first truly free polls arab world peoples party advocated closer ties west robust personal freedoms opposed calls serious land reform keeping class interests egypt leadership nationalist wafd party represented alliance urban middle class landed aristocracy wafd called full political rights wary land reform tunisia powerful constituency within ruling neodestour party large landowners sahel region nbsp end liberals unwillingness address class demands proved undoing creating opening left many countries witnessed mass political mobilization rise peasant worker movements explosive strike waves 1950s example third workers egypt tunisia unionized first time masses directly contesting national politics usually leftwing parties southern yemen aden trade union congress became leading force independence movement british subsequently peoples democratic republic yemen egypt syria arab nationalists aligned gemal abd alnasser seized power nbsp new leftwing regimes sought limit power capital egypt nasser took hammer landlord class nearly 75 million people benefited land reform 13 million peasants finally owning land tilled regime nationalized foreign firms famously seized suez canal british syria hundred firms nationalized state monopolized 70 percent foreign trade libya muammar algaddafi unveiled principle shuraka la ujara partners wage earners attempted abolish commodification labor altogether largescale expropriation private sector tunisia habib bourguiba expropriated french companies agricultural holdings regimes scholars usually describe populist authoritarian pursued broad program wealth redistribution commanded dictatorial fiat subordinating capital needs nation populist authoritarian regimes prioritized redistribution economic growth egypt example nasser made university education virtually free guaranteed government employment graduates millions egyptians ascended middle class 1969 state employing 60 percent university graduates including twothirds lawyers 87 percent physicians nbsp reforms placed enormous financial burden state explosive growth public sector egypt example diverted scarce resources away productive investment writes carrie rosefsky wickham ultimately eroding states resource base distribution added global slump early 1970s exacerbated oil shock 1973 growth rates egypt cooled inflation soaring populist authoritarian regimes faced dilemma deepen extraction capitalist profits fund redistribution retreat class conflict former would spark civil war unless regimes relied mass mobilization form strikes protests arab rulers wanted avoid nationalist vision sought minimize class struggle name national unity2 opted latter pursued rapprochement private sector 1970 hafez alassad overthrew left wing baath party syria launched corrective movement seeking reconcile sunni merchant class especially damascus land reform halted trade restrictions eased year bourguiba moved leftwing leadership ugtt powerful trade union confederation tunisia appointed promarket liberal hédi nouira prime minister 1974 anwar sadat announced infitah egypt policy economic openness attract private investment reverse nasserist policies 2 nasser refused use iron fist overturn capitalism signals countries core abounded class predilections rather course set real unwillingness sacrifice put present generation future unleash potentially uncontrollable elements class conflict john waterbury egypt nasser sadat political economy two regimes princeton princeton university press 1983 nbsp mid1970s era leftwing arab nationalism finished3 usually chalked arab nationalists defeat hands israel 1967 fact internal contradictions structural reasons forced rulers halt radical extractive measures reengage bourgeoisie yet would mistake call resulting regimes capitalist state developed body bureaucratic interests sectors classes society scholars call bureaucratic authoritarianism see figure 1 managed balancing act classes alleviating extractive pressure private sector using exogenous revenue maintain redistribution syria relied soviet aid oil rents afforded regime measure independence egypt tunisia hand resorted taking large amounts western debt exposed designs international monetary fund imf world bank pressed slash redistribution attempts radical liberalization failed sadat example forced scrap proposed subsidy riots broke 1977 instead regimes pursued reforms great caution5 result sectors egyptian tunisian economies opened private capital 1970s 1980s social safety net remained place6 3 exception libya due oil rents able maintain redistribution subordinate capitalist class small begin 4 authors treat post1970s arab regimes bureaucratic authoritarian see example leonard binder islamic liberalism critique development ideologies chicago university chicago press 1988 14 16 268 waterbury egypt nasser sadat ch 1 others refer pre post1970s regimes populist authoritarian eg raymond hinnebusch syria revolution london routledge 2001 concept bureaucratic authoritarianism developed latin american context refer form state development seeks deepen industrialization alliance domestic foreign capital adapting term middle eastern context emphasize states autonomy modus vivendi capital 5 example sadat unable end nassers guaranteed employment scheme placing strain state budget state increased waiting period new graduates obtain publicsector job 6 course dynamic unique middle east featured across global south middle east however state autonomy perhaps greater efforts constrain private sector balancing act ambitious elsewhere nbsp figure 1 regime typefeaturessyriatunisiaegyptlibya oligarchy liberal monarchialsevere inequality prowest promarket orientation1946 19581952 19561922 19521951 1969 populist authoritarianradical extraction private sector redistribution power capital curtailed1958 19701961 19701962 19701970 1987 bureaucratic authoritarianmoderate extraction reconciliation private sector debt oil rents maintain class balance1946 19581970 19871974 19911987 2002 neoliberal authoritarianrise new state bourgeoisie radical extraction popular classes integration world market2000 present1987 20111991 present2002 present nbsp millions working people continued benefit subsidies free education health care guaranteed state employment cheap credit price controls inputs outputs agricultural sector programs together oil remittances achieved remarkable results end 1980s mena region lowest poverty rate developing world 2 percent population living 1 per day inequality similarly far lower mena comparable regions mena led developing world access health education nbsp despite benefits masses enjoyed almost political rights provision safety net exchange surrendering political freedom great social contract underpinned arab regimes torture chambers butter elections free press opposition parties independent judiciary independent unions right strike shielding poorest citizens violence market dictatorships exposed populations naked violence political order nbsp yet social contract simply tradeoff desirable ends fact contract means people could improve lot limited manner represent interests state level way interests represented democracies nbsp coporatism nbsp order mobilize society around nationalist antiimperialist causes arab regimes viewed contradictory internal interests society labor capital secondary possibly distracting development arab nation arab nationalists agreed communists workers employers constituted distinct interest groups believed contradiction resolved direct negotiation mediated state words arab nationalists viewed various interest groups society necessary components body politic veritable corpus ultimately united goal national development whether consciously regimes drawing tradition corporatism nbsp nbsp corporatism also primary means populist bureaucratic authoritarian arab regimes ruled arab state represented single party mediated various functional groups society supposedly distinct interests peasants teachers lawyers industrial workers women class stratification within groups determine function least paper agricultural cooperative represented interests rich poor peasants womens organization represented everyone female industrial workers housewives system solidarities basis except functional groups definition groups therefore national interest attempt political economic activity conducted channels ipso facto illegitimate hence strikes severely curtailed outlawed union membership carefully controlled syria example unions merged general federation trade unions adjoined general union peasants revolutionary youth union assortment leftist parties form statecontrolled national progressive front nbsp limits right strike pursue independent collective bargaining benefited employers time state ministries fixed wages controlled private industrys ability discipline workers sense working class lost collective power exchange broad redistributive program partially decommodified labor offered protections market addition economic tradeoff social contract consisted important political tradeoff arab nationalist corporatism eliminated democratic rights wasnt merely mechanism fragmentation control replacing horizontal ties solidarity collective action vertical ties state corporatist regimes actually created new form interest representation one hand corporatist structures means state control popular activity stifle dissent channel interest group rivalries manner concordant bureaucratic interests state hand membership corporate body allowed individuals communities tap patronage networks even circumstances influence policy example peasants joined statemanaged agricultural cooperatives village became linked center never state would set prices would face direct indirect pressure various quarters peasants union agricultural ministry employees party bosses ministry employee might push crop rotation schedule favorable home village party official might cajole agricultural bank offer cheaper credit familys area individuals moved national power structure writes raymond hinnebusch syria used position help kin village applied urban sphere workers given community might succeed pushing one onto industrial laborrelations body shop steward plant might manage sit corporate board might push greater share profits local teacher would join national party get choice posting manner using personal connections goods services best described arabic term wasta usually viewed form corruption wasta feature bug corporatist regime served cement social contract offering social mobility means influencing policy words despite lack formal political freedoms popular sectors could contend interests albeit attenuated form representation corporate structures way hinnebusch points patronage democratized local level public goods diverted laws bent favor locals nbsp sense social contract merely exchange political rights economic protections authors argue instead complex tradeoff various social political resources surrendering independent collective organization formal political rights masses given protection market means interest representation patronage networks latter proved especially valuable vehicle upward mobility12 millions poor people ascended middle class took jobs government employees wasta crucial upwardly mobile layer generally formed social base bureaucratic authoritarian regimes 12 corporatist rule model deployed oneparty states across global south comparison juan perón nasser example see robert bianchi unruly corporatism associational life twentiethcentury egypt oxford oxford university press 1989 278 nbsp neoliberal turn nbsp core element social contract redistribution ultimately depended revenue long bureaucratic authoritarian regimes could fund redistribution exogenously without extracting domestic private sector could maintain delicate balance bourgeoisie popular sphere syria example foreign aid 1979 accounted 409 percent state revenue 1985 13 percent state revenue derived income taxes 10 percent customs duties rest coming oil foreign aid across mena nonrentier revenue accounted 16 percent state coffers compared nearly 26 percent subsaharan african states inherently unstable approach rents fickle debt mounts rapidly sooner later something would give nbsp middle east spark collapsed house cards hydrocarbons 1980s oil prices came crashing heady heights previous decade 1981 1986 price barrel crude fell nearly twothirds immediately impacted rentier states like libya became one first mena countries attempt neoliberal reforms also indirectly affected nonoilexporting countries tapering flow migrant labor squeezed remittances expanded domestic labor pool put pressure state employment programs leading increased unemployment underemployment countries guaranteed state employment faced publicsector wage bill rising alarming rate anemic private sector insufficient tax base redistribution technological advances international market exerting downward pressure domestic labor productivity investment plummeted late 1980s growth physical capital per worker across region fallen threequarters previous decade nbsp confronted crisis regimes simply attempted borrow spawned spiraling debt crisis exacerbated credit crunch following mexicos default 1982 adam hanieh explains mid1980s algeria egypt jordan morocco tunisia paying 3065 percent entire export earnings service debt time new loans taken order keep afloat overall debt stock actually rose despite continual outflows debt service words indebtedness increased year tandem growing debt interest repayments debt thus represented everescalating drain wealth arab region richest financial institutions world regimes clung hope foreign aid disappeared example syria avoided debt cycle relying soviet aid oil rents 1980s oil glut 1991 soviet collapse made continuing course impossible nbsp bureaucratic authoritarian regimes facing similar choice populist predecessors two decades earlier remove fetters private capital accumulation pursue radical extraction time balancing act longer possible beginning late 1980s accelerating thereafter nearly every nonopec country mena turned decisively away redistributive programs underwrote social contract embraced various forms neoliberalism nbsp countries firmly boot international financial institutions followed typical recipe structural adjustment egypt example pledged increase sales tax remove tariffs slash subsidies various publicsector firms privatized hundreds thousands workers laid nassers guaranteed employment scheme university graduates finally abolished meanwhile countries avoided world bank imf like syria embarked upon adjustments first tentative steps came 1991 investment law 10 granted tax holidays corporations waived import duties opened access hard currency flattened income tax rates upon inheriting power 2000 bashar alassad turned dial widespread privatization even services privatized like education suffered declining quality teachers wildly underpaid absenteeism soared nbsp nbsp syrian case revolution counterrevolution nbsp nbsp syria emerged ottoman rule deeply unequal country saddled corruption reeling injustices world war urban merchants tribal sheikhs amassed riches peasants toiled near slavery indeed actual slavery abolished 1950s vast steppes eastern syria abutting euphrates river forty chieftains town notables owned 90 percent land34 world powers imposed mandate 1920 french attempted coopt elite partial success first mandate administration forced quell numerous nationalist uprisings culminating great revolt 192527 french savagely repressed little regard rebel civilian life nbsp yet time nationalist leaders adapted elements frenchstyle liberalism flagbearers movement included national bloc nationalist alliance merchants landed families commanded extraordinary wealth ottoman years bloc similar groupings championed democratic elections secularism personal freedoms eschewed questions economic justice carefully projecting anticolonial politics way threaten class interests led syria independence 1946 shepherding countrys liberal oligarchic phase similar formations power around mena watershed moment came parliamentary elections 1954 hailed first free elections arab world polls marked emergence political parties muslim brotherhood syrian social nationalist party right baath communist parties left centrist liberals carried day winning fortynine seats double nearest competitor baathists nbsp syria poised become arab worlds first successful democracy article 15 1950 constitution guaranteed freedom press syrian landscape bloomed new periodicals kevin w martin writes along plethora specialty journals published syrian government agencies foreign embassies private corporations educational religious institutions professional associations literate syrians could choose remarkable range conventional news entertainment periodicals damascus alone least twentynine different titles appeared daily newspapers 1954 1958 student associations professional syndicates began appear workers forming unions countryside first time peasants began organizing wretched conditions nbsp yet democratic experiment soon unraveled centrists comprised wealthy merchants landed elites harbored little desire tackle extreme inequities marring syrian life period 003 percent population owned nearly third land refusing address class demands working class peasantry rapidly lost ground left arab socialist baath party arab nationalist party comprised primarily teachers middleincome professionals placed agrarian question center platform leading peasant campaigns rapacious landlords time organized within armed forces giving foothold within sector society enormous structural leverage middleclasssoldierpeasant alliance proved recipe spectacular success 1949 constituent assembly election baathists captured four seats liberals seventysix 1954 increased vote fivefold year six thousand supporters countrywide thirty thousand 1957 1958 arab nationalists politicked way engineering union syria nassers egypt nasser promptly dissolved political parties outlawed strikes syrias democratic moment finished nbsp baathist social contract nbsp arab nationalists syria quickly realized union egypt equal terms cairo ultimately calling shots splits emerged among left elites seeking repudiate union carousel coups ensued baathists finally seized control 1963 1958 1963 various regimes carried four waves land reform prereform 50 percent population worked massive latifundia post expropriation 823 percent tilled small medium plots northeast syrias breadbasket 63 percent rainfed irrigated land redistributed woefully inefficient corrupt land reform nonetheless centerpiece baathist policy pulling millions poverty thus agrarian redistribution regime acquired mass base nbsp state organized base corporatist measures moved cities took government employment joined syndicates baath party countryside meanwhile peasant receiving expropriated land required join cooperative cooperative state determined crops planted agreed buy harvest fixed price factors production remained privatized state agricultural bank offered credit market rates result peasantry shielded market 1983 85 percent families agricultural sector incorporated nbsp system successfully severed national horizontal ties among population based ideology profession promoted localism example due limits size singlefamily plots group brothers close friends might attempt exchanges obtain adjacent plots would farm plots de facto unit combining resources increasing efficiency pooling income might purchase tractor acquire truck bring surplus crops market might also rent truck taxi children pick day work farms françoise métral describes approach case study cooperative ghab plain north hama family strategies organized around double objective diversifying sources income extending familys network relations may way penetrate system staterun economic activities money invested private sector provide new sources income family also tries place son nephew ghab development office ministry agriculture second may placed teaching third army etc fact one must prior authorization guarantees invest private sector obtain raw materials carry number semiclandestine activities administrative procedures long complicated costly achieve desired ends require good relations degree protection individuals became clientelistically linked state networks solidarity developed solely kinship neighborhood territoriality became ironically logic incorporation social contract nbsp opposition regime nbsp course old moneyed classes stood lose land reform mass incorporation opposition arose among two sectors agrarian elite whod slipped land reform plots fell expropriation ceiling merchants based souq former unconnected corporatist structures regime creditworthy borrowers could obtain loans cheaply market agricultural banks regimes redistributive program affront values interests profits souq merchants meanwhile suffered due competition states monopoly foreign trade subsidies consumer goods early 1960s marginalized elites made common cause muslim brotherhood brotherhood marginal 1950s gaining 3 percent seats 1954 election benefited influx support bourgeois families enough able stoke riots city hama 1964 proved warning sign populist authoritarian regime lacked social forces necessary fully dislodge capitalist class hafez alassad grabbed power 1970 launched corrective movement sought rapprochement elites partially succeeded struck alliance damascus bourgeoisie could come terms old guard whole without sacrificing base peasantry nbsp result tenuous balancing act marginalized capitalists seized moment late 1970s elite classes aleppo hama backed brotherhoodled insurgency outside two cities majority country incorporated stake baathist rule damascene bourgeoisie assad able isolate crush uprising resulting brutal denouement 1982 hama regime massacred tens thousands people assad war brotherhood failed win peasantry unite bourgeoisie nbsp nbsp tunisian exception nbsp nbsp tunisian revolution produced democratic transition among 2011 arab spring countries reason turn events lies unique history union générale tunisienne du travail ugtt national trade union confederation due contingent factors ugtt significant workers organization arab spring countries absorbed corporatist pact ruling regime instead ugtt functioned degree autonomy unimaginable egypt syria allowed respond revolutions differently counterparts words tunisian working class far less disarticulated atomized arab spring countries tunisia therefore exception proves rule nbsp ugtt emerged powerful nationalist force colonial period 1950s 60s become absorbed bourguibas corporatist pact 1962 1969 example real wages rose 1 percent cost living jumped 30 percent one five workers unemployed yet hardly strikes corporatist pact similar arab spring countries egyptian trade union federation general federation trade unions syria union producers libya abandon right strike elect leadership exchange worker protections nasser stated workers dont demand give nbsp 1970s bourguiba fell ill sparking liberal faction plot takeover ruling party ugtt leadership sided bourguiba pivotal moment led see confederation ally rival elite groupings keenan wilder demonstrated factional crisis created conditions ugtts autonomy bourguiba looked way ugtt underwent rapid growth membership leftists entering ranks large numbers potential rankandfile militancy greater ever yet moment elite rule fractious bourguiba purge ranks discipline confederation wilder writes instead bourguiba forced ensure single individual faction much including prime minister could ever consolidate enough power party remove presidency turn sharply limited possibilities rebuilding old labour regime half partys membership willing openly challenge even bourguiba members could hardly relied administer full takeover ugtt staff new industrial cells nbsp result elite crisis ugtt freed corporatist pact strikes still banned left ugtt leaders enforce moreover leadership given right collectively bargain sectoral interests granted ugtt enormous leverage times nearly 80 percent tunisias workforce covered agreements nbsp years regime continued allow viewed confederations ability demobilize base limit militancy worth price autonomy outside ugttled general strike 1978 rank file essentially forced leadership support confederation mostly acted means limit class struggle 1970s economy lost average 241 working days per strike since early 1980s lost 151 nbsp ben ali came power 1987 launched liberalizing reforms hoped ugtt would means controlling workforce alternative crush confederation outright would require use military ben ali wanted avoid given persistent fears coup result countrys largest workers organization neither totally submissive totally aligned regime balancing act allowed union play unique role liberalization process nbsp,positive,7,1734558705.0,1
Algeria,Algeria foreign investment,title shamelessly stolen uwannabe_sadboi sighs go firstly labelled shitpost youre going post fabricated image loving quality sub right _ khaled mashal worth 5bn answer havent found credible source claims hes obviously wealthy much easy infer havent seen compelling reporting suggest wealth 5bn going sources provided op comments post hamass top leaders worth billions heres continue grow rich national post article links twitter post israeli embassy us hamas leaders net worth abu marzuk 3 billion khaled mashal 4 billion ismail haniyeh 4 billion hamas annual turnover 1 billion thats national post article links various sources website i24news goes even giving recent estimate mashals worth 5 billion investment portfolio includes banks egypt real estate projects arabian gulf countries suggests hundreds mid highlevel hamas leaders become millionaires often due 20 per cent tax smuggled goods brought organizations network underground tunnels international donors primarily qatar report msn notes addition creating personal wealth hamas assets often used compensate jailed terrorists families payments ranging 400 per month serving three years 3400 per month serving 30 years region 60 per cent palestinians live international poverty line 60 per month organizations nations crack hamass assets enforcement complicated last month cnn reported ongoing investigation us justice department groups use cryptocurrency stemming seizure three years ago several accounts linked hamas report msn report msn simply acting aggregator news articles merely article financial world random irrelevant south african outlet considering lovingly report putin fact feel need report kremlin propagandist fucking scott ritter saying throw outlet dumpster i24news obscure outlet heres say piece taxes smuggled goods real estate portfolios across middle east banking cryptocurrencies millionaires assets revenue streams majority gaza residents live international humanitarian aid others coastal enclave accumulated colossal fortunes notably leaders terrorist organization hamas former hamas chairman khaled mashal already decade ago fortune billions according arab media recent estimates 5 billion investment portfolio consists banks egypt real estate projects arabian gulf countries living luxuriously qatar ismael haniyeh current head hamas political bureau also living qatar estimated fortune least 5 million recently purchased one sought beachside areas gaza 4 million 27000 square foot plot another top figure yahya sinwar hamas chief gaza holds 1 3 million according bbc mohammed deif head izz addin alqassam brigades fortune estimated 5 million hamas accumulated wealth part due tunnel industry imposing taxes smuggled goods well terrorist organization investment portfolio worth least 500 million addition terror group utilized cryptocurrencies circumvent internal sanctions according reuters stated hes worth 5bn havent provided link arab media making claim cnn article us gulf nations target secret hamas investment portfolio worth 1 billion last week treasury leveled sanctions individuals officials say managing assets secret hamas investment portfolio likely valued 400 million 1 billion according us official official added portfolio generating significant amounts revenue hamas nothing article treasury press release stating mashal worth 5bn addition funds hamas receives iran global portfolio investments generates vast sums revenue assets estimated worth hundreds millions dollars companies operating sudan algeria türkiye united arab emirates countries companies hamass portfolio operated guise legitimate businesses representatives attempted conceal hamass control assets investment network directed highest levels hamas leadership allowed hamas senior officials live luxury ordinary palestinians gaza struggle harsh living economic conditions article linked op merely lebanese politicians affiliated hezbollah mocking mashal remarks rejected claiming made man staying fivestar hotel accused ashamed urge lebanon provoke israel lebanese politician wiam wahab closely aligned hezbollah syrian regime remarked khaled mashal meddled arab spring destructive spring aimed weaken arab world mashal 30 billion dollars offer perhaps consider going war journalist salem zahran close ties hezbollah declared mashal arrives beirut airport ready take south lebanon fight forces op claims arab sources also criticized mashal first usfac114 heavily downvoted asking criticism mashal arab sources theyre looking independent verification 5bn figure second actually look arab sources article merely reporting saudi journalist stating twitter post original repoting arab source article reports condemnation ismail haniyeh khaled mashal subject ops post theyre scum received palestinians living luxurious lifestyle away gaza family article links aforementioned twitter post article states hard believe numbers first hear saudi journalist abdulaziz revealed thursday wealth ismail haniyeh head political bureau hamas movement estimated huge amount 4 billion astronomical figure reported thursday times shows stark contrast situation people experiencing gaza saudi journalist abdulaziz reveal information maybe something got lost translation articles reference times article hes merely posting entire excerpts article british outlet times says leader hamas ismail haniyeh whose fortune estimated 4 billion many gaza struggle 1 day rarely gives interviews met istanbul times year ago pull punches ready war said always ready war source claim safely assume melanie swan writer article probably came across figure somewhere twitter heres washington post say matter israeli foreign ministry claimed haniyehs personal fortune billions dollars though independent experts say evidence support claim hamass financial resources contrast starkly vast poverty facing people gaza even israels military unleashed devastating bombardment territory retaliation hamass oct 7 attack 1400 people killed dont get wrong worthless scum still exorbitantly wealthy yes duh fuck languishing comfort gazans suffer yknow stop taking whatever various twitter accounts affiliated israeli government say facevalue edit op posted two additional sources astonishingly still dont realize sfac114 asking evidence mashal wealthy already acknowledged hey long post couple links comment doesnt matter youve completely missed point folk arent going read articles ones get heavily downvoted,negative,144,1699113554.0,-1
Algeria,Algeria foreign investment,happens often guys holding algeria impossible standardsand ungrateful people keep criticizing even good things happen instead cheering small things lets get background country 132 year vs french destroyed economy french companies monopolies industries 20 years continuously suffer huge brain leak people elected 20 years government gave free stuff 10 year civil war ended 20 years ago algeria embargo dont reliablenon hostile neighbors trade surrounded least 7 different terror groups 2 failed states around us libyamali maybe tunisia country still standing cant even recognize thatthis want top security freecheap housing going build houses money cheap cars going pay imports would like deplete national foreign reserves square included national foreign reserves gotta thing little freegreat healthcare cry quality pay afford go private clinic let poorer people access public ones freegreat education haveis quality good dont know ranked first uni assure didnt learn anything value program taught abroad want green economy huge investments solarnuclear want algeria fix issues neighbors bunch even supporting foreign military intervention want government give job probably worst thing ever government doesnt jobcarhouse responsible life graduating obviously didnt find job get fb started cryinginsulting govnoi learned skills free money 300 start earning working online many options want big daddy government take care life wont want freedom freedom responsible failed fault youre one blame get better study real skills get specialized go earn money trillions transferred around glob everyday youre telling cant claim,negative,27,1634046235.0,-1
Algeria,Algeria foreign investment,timeline 20th century defined rise communism ideological battles cold war impact global conflicts like world war ii however russian communist revolution 1905 failed utterly crushed russias trajectory 1917 led bourgeois revolution instead bolshevik triumph alternative history explores ripple effects scenario reimagining world communism never becomes dominant global force secular movements dominate middle east north africa mena ideological geopolitical dynamics 20th century unfold along drastically different lines crushing 1905 revolution timeline tsar nicholas ii decisively defeats 1905 revolution combination military suppression political repression strategic alliances moderates lenin key marxist leaders executed exiled leaving communist movement disarray marxist ideology unable gain traction among working class intelligentsia becomes associated failure radicalism marginalized russia beyond 1914 onset world war russia still autocratic state faces increasing pressure liberals nationalists demanding reform absence strong communist faction limits influence revolutionary ideologies broader population bourgeois revolution 1917 tsars inability manage world war domestic unrest leads abdication 1917 without bolshevik faction lead revolution liberal reformers moderate socialists seize power provisional government drafts constitution establishes democratic capitalist republic economic modernization new government focuses attracting foreign investment modernize russias economy particularly industrial agricultural sectors avoiding civil war unlike original timeline russia avoids protracted civil war lack bolshevik faction reduces political polarization integration global order russias bourgeois government seeks closer ties western powers participating postworld war global economic order new global order without communism soviet union global communism absence soviet union eliminates communism global ideological force without soviet funding propaganda revolutionary movements europe asia latin america struggle gain momentum china without communist party china kuomintang kmt achieve level power original timeline without soviet support chinese communist party ccp remains marginal force quickly disbands due lack resources popular support fragmented chinese political landscape results continued regionalism foreign influence chinese civil war absence ccpkmt rivalry prevents decadeslong civil conflict maoist revolution communist ideology taking root chinas rural regions remain influence local elites warlords reformist nationalists decline communist extremism worldwide without strong ccp soviet union inspire fund global movements vietnam ho chi minhs communist movement never gains traction instead nationalist factions dominate anticolonial struggle france korea korean peninsula remains united nationalist government without sovietbacked communism north latin america revolutionary movements like cuba fail gain traction marxist ideologies remain isolated unsupported germanys crisis without nazi party germany still faces severe economic challenges world war including hyperinflation unemployment however without soviet union global specter communism nazi party fails rally significant public support red scare fear communist uprising drove conservatives industrialists back nazis materialize weimar republic consolidates moderate socialist liberal factions gain broader public trust untainted associations radical communism hitler remains marginal adolf hitler nazi party remain fringe figures german politics unable leverage fear communism gain power failure nazism prevents rise fascist extremism europe avoiding catastrophic destruction world war ii germanys recovery slower stable driven international trade gradual economic reform hyperinflationary collapse colonial empires prolonged economic devastation world war leaves france britain unable maintain colonial empires hyperinflation far worse original timeline forces nations prioritize domestic recovery imperial ambitions france facing severe unrest home financial collapse france grants independence north african subsaharan colonies mid1920s britain similarly weakened britain withdraws colonies india parts africa late 1920s dominions like canada australia south africa gain full autonomy accelerated decolonization leads earlier reorganization global power dynamics united states bourgeois russia rising japan stepping influence former colonies decolonization rise secular states middle east north africa without ideological rivalry cold war western powers focus fostering secular procapitalist regimes newly independent mena region nationalist leaders inspired atatürks reforms turkey implement sweeping modernization efforts egypt becomes secular republic supported western investments infrastructure education iran develops constitutional monarchy progressive reforms north africa freed french rule adopts secular governance algeria tunisia morocco led westerneducated elites suppressing islamist movements lacking antiimperialist fervor fueled cold war dynamics islamist movements fail gain significant traction westernbacked secular regimes suppress religious opposition integrating mena economies global capitalist order indochinas nationalist independence southeast asia colonial struggle france takes different shape vietnam cambodia laos nationalist movements rather communistled forces spearhead push independence figures like ho chi minh timeline deeply connected communism remain influential struggle gain support necessary revolutionary movement instead nationalist factions inspired westernstyle republics anticolonial sentiment lead fight freedom viet minh communist takeover absence communist ideology removes possibility radical communist revolution vietnam period negotiation achieves independence secular republic nationalist government trend continues cambodia laos nationalist movements gain momentum broader struggle independence indochina leads reorganization region rather embroiled cold war conflict newly independent states southeast asia opt moderate secular paths toward modernization national unity close ties west rather soviet union pragmatic global order multipolar world without ideological polarization cold war global order becomes defined pragmatic economic competition united states leads dominant superpower investing heavily decolonized nations bourgeois russia asserts regional hegemon central asia eastern europe japan expands influence east asia trade industrial development proxy wars absence communism prevents many 20th centurys proxy wars korean peninsula remains peaceful vietnams independence achieved negotiation middle east avoids cold warfueled conflicts secular century absence ideological conflict allows accelerated modernization economic integration mena region beyond education womens rights secular governments prioritize scientific technical education promoting gender equality urbanization industrialization former colonies experience rapid urbanization economic growth supported western investments stability ideology political regimes prioritize stability economic development ideological purity,negative,7,1732001689.0,-1
Algeria,Algeria foreign investment,despite plans move away fossil fuels continuing engage destructive mining practices within borders turkey signing one agreement another african countries explore oil natural gas minerals turkey increasing energy mining cooperation trade agreements african countries signed agreements nearly 20 african countries mineral exploration oil natural gas cooperation turkey recently sent oruç reis research vessel somali coast indian ocean last week oruç reis conduct seismic research explore oil end year turkish companies begin gold exploration niger early 2000s turkey launched africa initiative transformed africa partnership program 2013 first results steps seen military defense cooperation agreements recent years energy cooperation especially focused fossil fuels come fore according bbc compilation turkey begun implement concrete cooperation processes nearly 20 countries including somalia sudan libya angola niger nigeria morocco djibouti egypt algeria signed agreements fields mining energy turkeys claim colonialists establish equal relations african continent hydrocarbon resources rare minerals diamonds gold uranium cobalt lithium attracted attention major economies like us russia china france germany competing countries turkey emphasizes colonial past establishes equal relations african countries somalia oil exploration production relations turkey somalia intensified visit thenprime minister recep tayyip erdoğan country 2011 deep relations established two countries since visit country one poorest insecure world defense economic cooperation framework agreement signed february 2024 gave turkey right contribute development marine resources return protecting somali waters 10 years subsequently hydrocarbon exploration production agreement turkey somalia signed turkish petroleum corporation somali petroleum authority oruç reis research vessel docked mogadishu port october 25 energy natural resources minister alparslan bayraktar stated upcoming process participation international companies operations may possible somalis expressed openness words one feel left behind taking pioneering role turkey conduct threedimensional seismic activities 15000kilometer area three blocks coast somalia also authority produce oil found agreement includes drilling sea also terrestrial regions oil expected found october 2022 somalia granted petroleum exploration license american company coastline exploration seven blocks energy experts predict somalia may around 30 billion barrels oil natural gas reserves according geoseismic surveys niger gold production niger another important country terms turkeys investments africa last july highlevel turkish delegation consisting foreign minister hakan fidan national defense minister yaşar güler energy natural resources minister alparslan bayraktar national intelligence chief i̇brahim kalın defense industry president haluk görgün deputy trade minister özgür volkan ağar visited country met officials junta government seized power military coup 2023 niger country rich natural resources gold uranium clear statements made regarding results discussions cooperation military defense industry visit two countries signed declaration intent oil natural gas cooperation energy ministers two countries also signed cooperation agreement field mining istanbul october 22 2019 niger licensed three areas high potential gold mineralization southwest country mta international mining inc mtaic production areas expected start end year stated security sites provided niger soldiers egypt nigeria hydrocarbon cooperation turkey signed concession agreement exploration operation gold related metals sudan 2018 however technical studies yet reached stage concrete production mining agreements also signed countries morocco djibouti nigeria concrete developments recorded yet libya one worlds leading oil producers significant licenses granted turkish petroleum corporation tpao onshore offshore areas maritime jurisdiction agreement signed turkey libya 2019 disrupted balance eastern mediterranean drew criticism turkey also plans liquefied natural gas trade finding new production fields egypt algeria latest agreement egypt signed egyptian president abdel fattah elsisis visit turkey september 4 17article agreement aims strengthen energy cooperation two countries develop joint projects areas electricity infrastructure trade renewable energy energy efficiency hydrogen nuclear energy three separate agreements nigeria also include energy efficiency renewable energy cooperation hydrocarbon mining cooperation nigeria approximately 3 worlds oil reserves turkey angola also signed cooperation agreement hydrocarbons mining 2021 angola approximately 13 billion barrels oil reserves translated türkiye fosil yakıt vahşi madencilik politikasını afrikaya ihraç ediyor yeşil gazete,positive,10,1730285977.0,1
Algeria,Algeria foreign investment,kenya almost every african country birthed ending empire borders drawing drawn distant colonial metropoles london paris lisbon regard ancient nations cleaved apart today across border every single african country live countrymen share deep historical cultural linguistic bonds independence chosen pursue states basis ethnic racial religious homogeneity would still waging bloody wars many decades later instead agreed would settle borders inherited would still pursue continental political economic legal integration rather form nations looked ever backward history dangerous nostalgia chose look forward greatness none many nations peoples ever known chose follow rules oau united nations charter borders satisfied us wanted something greater forged peace believe states formed empires collapsed retreated many peoples yearning integration peoples neighboring states normal understandable want joined brethren make common purpose however kenya rejects yearning pursued force must complete recovery embers dead empires way plunge us back new forms domination oppression rejected irredentism expansionism basis including racial ethnic religious cultural factors reject today representative kenya united nations martin kimani february 21st 2022 eve russian invasion ukraine african continent may perhaps one intriguing regions cold war good reason behold decline european imperialism directly led establishment one largest political experiments would decide fate millions economically dynamic ethnically diverse region world consequences european colonialism defining borders legacy institutions economic systems exploitation creation unequal stratified societies based along ethnic religious lines led many nations africa falling fires civil war interstate conflict revolutions rampant coups defined politics continent decades come however would mistake assume due preceding colonial experience african nations endured countries destined ruin countries completely beholden material conditions time indeed 1970s africa inflection point time great change political upheaval independent underlying circumstances would usher politics would dominate african geopolitical affairs fall soviet union beyond contrary popular opinion africa 1950s1960s rapidly growing economic sophistication development dramatic rise european industrialization meteoric rise living standards old continent rise demand raw materials luxury goods commodities postwar world saw colonial powers invest hundreds millions remnant colonial territories exploit rich lands africa fuel economic growth also slow rise independence sentiment colonies investments later increased industrial development schemes sectors textiles fertilizers glass concrete light industries even developing local steel industries necessary greater industrialization high profitability commodity market enriched colonial administrations african landed elite owned stakes mines plantations factories across region even aforementioned countries eventually became independent african nations retained colonialera economic growth figures stability save outstanding political circumstances see congo crisis 1960 1970 average gdp per capita subsaharan africa nearly double gdp per capita southeast asia even colonies portuguese angola mozambique territories notoriously underdeveloped embroiled already decadeslong insurgency war greater far sophisticated industries development countries asia precisely portuguese regime invested enormous portion budget build colonies futile hope lands would remain loyal portugal general assumption time nations africa track become wealthy nations asia would remain lagging behind africa living standards economic growth precisely average growth african independent nations colonies remained consistently performing well economic indicators went wrong things going well africa africa similar development status today latin america modernday asia always devil details every country africa different reason plight none created equally nevertheless commonalities amongst would explain african countries enjoyed respectable standards living economic development time sharply skewed due residence white settlers metropole served countrys educated middle class skilled workforce due colonial policy natives allowed government positions served key roles civil service industry bureaucracy thus colonialism ended settlers would make way back homeland either due ostracization majority role colonization exodus due failure establish minority rule desire return metropole simple racist fear economic anxiety losing privileged status newly independent territories regardless exit would cause imminent crisis government newly independent nations would suddenly struggle shortage skilled personnel order help manage state economy efficient manner without welldeveloped state apparatus countries could operate adequate legal systems enforce property protection provide security people would force people use clientelist relationships interest groups political forces independent state weakening grasp state country hampering development occurred basically every single african country postindependence faster others mention time withdrawal colonial elite nature chaotic unplanned sudden exit personnel likely leads complete breakdown government results civil war happened congo 1960 portuguese colonies 1974 another factor long unresolved ethnoreligious political disputes left simmering nations would burst shortly independence nearly african nations ethnically religiously diverse way exactly essentialist detriment nation history ethnoreligious coexistence africa decisions made colonial elite creating collaborationist class uplifting one ethnic groups part divide conquer strategy belgians rwanda uplifting tutsi hutu subsequently create tensions groups uplifted group would desire retain privileged status postindependence underclass seek either equality topple ethnopolitical order country reality african nations time nationalism pretty novel concept pushed mostly educated native intelligentsia would lead early stages independence countries people newly independent countries supersede loyalties country favor interests tribe clan faith thus national project african countries slow costly affair lives resources nations botswana managed overcome diversity shrewd execution political skill compromise nations however relied using force favors clamp separatist sentiment well clan tribal power structures side effect democratic regimes established right colonial rule collapsing authoritarianism either ambitious commanders former colonial army sensing weakness installing military coups militant communist movements filling power vacuum simply key statesmen slowly accumulating political powers respective governments eroding democracy lastly key factor broader context decolonization backdrop cold war would mistake assume european imperialism reason lack development african nations absolutely important factor regimes allowed emerge immediacy decolonization governments consent imperial metropole continue usually already established elements colonial regime army bureaucracy landed elite etc reason example nearly colonies french west africa senegal dahomey benin ivory coast guinea upper volta burkina faso togo etc followed governing principles french union similar constitutional presidential systems decolonized around time another example former british colonies tanzania kenya botswana uganda malawi zambia mentioning rhodesia since unique case inheriting westminster model governance staying within british commonwealth obviously policies implemented metropole able retain influence nowdecolonized countries elite socialization power dynamics countries preclude seeking aid development said former metropole nevertheless working metropole newly decolonized country unpopular risky endeavor governments eventually contend empowered politically conscious citizenry longer direct support metropole threat force marginal became much easier antigovernment elements regional separatists religious militants ideological militias fight claim fiefdoms topple regime wholesale conflicts eventually draw interest global major powers broader backdrop international contestation cold war united states soviet union sought advance commercial military geopolitical interests african continent communist governments africa would align soviets become proxies multiple wars africa especially later 1970s 1980s usbacked anticommunist governments interest groups africa help contain spread panafricanist communist ideals continent admittedly impact foreign interference major powers decisive influence former colonial powers still nations example french continued maintain sizable economic strategic interest west africa helping install military coups saw crucial maintain power bloc africa belgians regularly intervened congo crisis rwandaburundi 1960s nevertheless majority highprofile conflicts africa time ogaden war angolan war mozambique civil war western sahara conflict etc prints major powers shape form shared brief intellectual discussion africa 1970s lets talk geopolitics africa moderated cwp cwps history concerned africa remained much afterthought player base mostly boils reasons first start dates early cold war meant gameplay africa focused around statebuilding colonial government asking metropole investments exactly engaging interesting often devolve problematic implications player bases conception playing colonial government second fact sadly drought academic sources subject especially hard economic data sources politics certain african countries least accessible internet makes hard players interact countries playing third also lack socialization players region lets face people play africa makes boring since isnt much 1970s start date completely different story 1970s african nations already decolonized gone immediate tumult postdecolonization politics thus established diverse array colorful regimes parties governments reasons like oppose cold war also vastly asymmetric early start dates due emergence china alternative communist power bloc competition ussr currying favors third world european powers retreat capability claw way back retaining influence region distinct african regional powers emerge egypt libya south africa ethiopia nigeria zaire algeria tanzania rhodesia new geopolitical reality acute security dilemma occurs continent allows african nations call mobutu moment play along interests great powers enrich careful diplomacy balance interests playing three sides cold war walking tightrope secure tremendous amounts support economic development loans military equipment eliminate domestic rivals foreign enemies cash help finance wifes weekly trips paris obviously choose side cold war cant exactly swindle three great powers much example cant simultaneously ask loans china derg cuban soviet troops borders interstate warfare africa also uncommon actually happens lot time many african countries intervened conflicts little business course someone wants invade another country intervene deal consequences decision make good justification go goal africa season make interesting region players enjoy playing rich value espionage great power intrigue interstate wars geopolitics cold war game offer thus much like last season system diplomatic chains implemented emphasis africa principle works crisis conflict post drops detailing certain major civil war conflict coup detat civil unrest government crisis country occurs clock starts ticking players certain regions eligible involved given choice intervene stay neutral said intervention could myriad choices depending initiative player volunteers economic support military aid humanitarian aid un assistance etc player involvement discretion mods due wild nature african conflicts time allowing ahistorical wiggle room permissibility read cwp realism treatise comes clock ends chain stops conflictcrisis resumes resolved reso power begins neutral diplomatic chain wants get involved later considered escalation start another short diplomatic chain involving powers incentives player get involved diplomatic chains notwithstanding drama value implementation upcoming power bloc system works later mod post individual countries big small extend consolidate power region help strengthen among power rankings another key implementation elevation certain african nations regional powers due relative outsized influence continent following regional powers africa egypt led general anwar sadat took office president egypt 1970 embroiled preparations upcoming war israel retake sinai sharp contrast predecessor gamal abder nasser pursued nasserist ideals egypt wider middle east sadat began corrective revolution 1974 indicated split egypts historical alliance soviet union toward rapprochement united states israel nevertheless factions would like see sadat fall muslim brotherhood leftwing officers within egyptian army would like take egypt radically different direction algeria led fln oneparty dictatorship algeria pursued close ties soviet union ostensibly remained nonaligned power middle east africa historically mostly concerned strategic rivalry morocco borders western sahara irredentist claims morocco nevertheless changes administration algerians could look elsewhere nigeria coming devastating nigerian civil war nigerian military dictatorship colonel yakubu gowon focused consolidating powers nigerian federal government cracking internal dissent regional separatism internally fractured size country potential economy could lead nigeria become powerful force african politics zaire iron fist president joseph désiré mobutu also known mobutu sese seko managed consolidate power congo party popular movement revolution renamed country zaire directing country towards non aligned nationalist direction historically supported west also built ties south africa israel china counterbalance western interests enrichment strategically keeping angola crisis arms length mostly focused internal matters congo south africa 1970s apartheid national party lay zenith political hegemony south africa becoming strongest bastion white minority rule africa enjoying sophisticated militaries industries continent rise communism southern africa led country engaging multiple wars forestall spread supporting proxy regimes anticommunist militias regions well directly sending troops fight swapo mpla frelimo note south africa claimable application mod review rhodesia declaring udi british 1970 rhodesia one two white minorityruled independent states africa south africa led prime minister ian smith country embroiled bush war zapu zanu communist rebel groups historically rhodesians engaged multiple proxy conflicts alongside south africa stop spread communism rhodesia south africa isolated international community cope pressure progressively drying support strengthening militancy among territories note rhodesia claimable application mod review ethiopia currently ruled abyssinian dynasty emperor haile selassie empire holds distinct prestige influence international community lackluster economy conservative politics keep nation underdeveloped leading rise nationalist antimonarchical elements within armed forces emperors position government insecure failure address reformist concerns amongst intelligentsia land reform separation church state weakening unions radicalization officer corps matter time coup detat occurs country tight window opportunity royal government could attempt wrest control reform succumb revolution senegal led president leopold senghor senegal one examples democratic institutions rule law surviving tumult decolonization thus largely respected international community 1972 senegalese engaged dispute portuguese military violations sovereignty due war paigc portuguese guinea leadership difficult autocrats take country thus pursue democratic statebuilding countries region libya led muammar gadaffi libyan arab republic one wealthiest countries africa due vast oil reserves strongest economic power terms purchasing power africa allowed revolutionary command council field large powerful military compared neighbors geopolitically aligned soviet union nonaligned power libya perhaps one interventionistminded powers africa precisely due gaddaffis personality revolutionary ruler participating multiple conflicts abroad power consolidated among council gaddafi aims concentrate power morocco rule king hassan ii royal government morocco consolidated power shortly independence established new constitutional order king center throughout 1960s kings government brutally repressed demands democratic suffrage continued state siege 1970 approved token concessions towards democratic institutions nevertheless kings regime risk coups restless military whose proclivities stand democratic movement morocco locked bitter struggle territory polisario front western sahara algerians territorial disputes bid establish greater morocco tanzania rule julius nyerere tanu party tanzania transformed ethnically diverse fragmented polity one politically stable regimes africa tanzania along zambia 1970s quickly became staunch ally chinese interests africa taking turn left arusha declaration 1967 enjoying strong economy due massive chinese investments exhaustive list many countries africa pursued ambitious policies somalia mohammed siad barre uganda idi amin principle posited wealth options potential gameplay africa limit econ posting working global powers mistake assume one country economically destitute politically fractured options change future better worse anything african experience extremely diverse outcomes hope system grows sophisticated players enjoy time playing africa help increase player interest playing fascinating continent,positive,20,1729354022.0,1
Algeria,Algeria foreign investment,ive thinking finally little time put together wrap head around citys ever evolving wages transfer amortisations wanted look citys actual squad cost per seasons one thing note tables doesnt include cfg signings loans loan fees end day main expenses generally main squad current squad one important parts balancing squad complying cl squad restrictions require maximum 17 foreign spots 8 home grown 25 size squad 8 homegrown 4 need academy trained less academy trained players smaller squad size gets today squad looks like typecount foreign15 homegrown6 academy trained1 due 1 main squad player academy trained 2 homegrown players go foreign giving us total squad size 22 today signed harry kane would forced sell player left cl squad list playertypeagecountrycontract fernandinhoforeignmay 4 1985 36brazil30062022 benjamin mendyforeignjul 17 1994 27france30062023 ilkay gündoganforeignoct 24 1990 31germany30062023 riyad mahrezforeignfeb 21 1991 30algeria30062023 gabriel jesusforeignapr 3 1997 24brazil30062023 oleksandr zinchenkoforeigndec 15 1996 25ukraine30062024 rodriforeignjun 22 1996 25spain30062024 zack steffenforeignapr 3 1995 26usa30062024 edersonforeignaug 17 1993 28brazil30062025 aymeric laporteforeignmay 27 1994 27spain30062025 joao canceloforeignmay 27 1994 27portugal30062025 kevin de bruyneforeignjun 28 1991 30belgium30062025 bernardo silvaforeignaug 10 1994 27portugal30062025 ferran torresforeignfeb 292000 21spain30062025 ruben diasforeignmay 14 1997 24portugal30062027 john stoneshomegrownmay 28 1994 27england30062022 kyle walkerhomegrownmay 28 1990 31england30062024 raheem sterlinghomegrowndec 8 1994 27england30062023 scott carsonhomegrownsep 3 1985 36england31052022 phil fodenacademy trainedmay 28 2000 21england30062024 nathanakéhomegrownfeb 18 199526netherlands30062025 jack grealishhomegrownsep 10 199526england30062027 much squad cost manchester city per year well dont fret ive worked assumptions wages 100 accurate mention city run complicated bonus structure include 75 bonus structure rumored around grealishs base package 200k reported full wage could earn around 375k week means player could hit bonuses always sure bonuses tied goals assists winning trophies winning individual accolades etc etc ive heard bonuses teams offer incentives players scorekeep cleansheets first 6 weeks ensure strong starts etc playerwwamp75pa75 patfcafrmaxnotes fernandinho150k263k780136530000000001365 benjamin mendy130k228k6761183520086717332050 ilkay gündogan180k315k936163820002004001838signed 2016 new contract 2019 4years riyad mahrez250k438k130022756000120024003475 gabriel jesus120k210k624109227004328641524signed 2017 new contract 2018 5 years oleksandr zinchenko100k175k520910180000000910so minimal going count rodri100k175k5209106200124037202150 zack steffen60k105k312546700140420686 ederson120k210k6241092350040016001492signed 2017 nc 2018 7 years aymeric laporte150k263k7801365570076030402125signed 2017 nc 2019 6 years joao cancelo120k210k62410926000120048002292 kevin de bruyne375k656k19503413550033013203743signed 2016 nc 20185 years nc 2021 4years bernardo silva150k263k7801365430057028701935signed 2018 new contract 2019 6 years ferran torres80k140k416728318063625441364 ruben dias160k280k8321456630087552502331signed 2021 new contract 2021 6 years john stones150k263k780136547001567831521signed 2016 new contract 2021 5 years kyle walker150k263k7801365510061218361977signed 2017 new contract 2019 5 years raheem sterling250k438k13002275450072014402995signed 2016 new contract 2018 5 years scott carson50k88k260455000000000455 phil foden60k105k312546000000000546 nathanaké90k158k468819410082032801639 jack grealish220k385k11442002100001667100003669 totals167182925788860128244830142081 key keydescription wwages wamp75wages amp 75 added pawages per annum 75 pawages 75 added per annum tftransfer fee acurrent amortisation per annum frfee remaining maxmax cost per year wages 75 amortisation yes sat taking amortisation values based new contracts signed work whats owning city pay per year past transfers quite enlighting city currently pay 136m per year current squad transfer fees including recently signed 100m jack grealish citys squad bought worth 888m however actual owing said transfers 483 half value mostly gets spread life players contracts example sell bernardo silva today 50m wipe remaining value 287m gain 20m profit financial year combine citys wages full bonuses amortisation squad costs cost wages bonuses 75 base266175000000 amortisation136266666667 current city squad cost per year402441666667 fuck amortisation amortisation accounting method listing transfers financial books people assume spend 100m player put 100m expense book sold player 50m youd get income basically get negative 50m netspend works unfortunately doesnt work like players sold reported income 1 year players bought split length contract within wages buying jack grealish 100m isnt actually expense 100m would wages transfer fee divided years reality costs 35m per year hits bonuses city make 500m revenue jacks eating 100m 1 hit eating 35m per year might asking ok amortisation figures change rates table dont make sense divide transfer fee well gets complicated everytime sign new contract fee gets split signing players new bigger contracts actually save team money give example sancho transfer fee 72m lets say wages 150k week 5 year deal thats annual wage 78m x transfer fee per year 5 years 144m per year sanncho cost man united xy 222m per year 2 years sancho performs united say ok time extend lets give 4 year extension ontop original contract full new 6 year contract 250k week sizable increase transfer fee gets spread years new wages 250k week 13m x remaining transfer fee 72m 144mx2 432m 6 72m per year sancho cost xy 202m per year saved 2m year expenses next 3 years increasing players wages 100k week also protecting 72m asset additional 4 years city afford well gets little complicated citys owners care profits capital gains growth swiss ramble go mine enjoy looking stuff prior covid city enjoy enjoyed 5 years profitability comparison clubs top 6 city enjoyed making 100m last 5 years due cl money finishing top half tabl also see summary last year covid hit year city range sponsors add lot money none sponsors inflated geniuses rsoccer tell many actually related owners 67 unrelated according swiss ramble get 230m 250m commercial revenue thats broken see full list partners partnerperannum mrelatedpercentage etihad6700 puma6500 etisalat1000yes412 nissan2000 visit abu dhabi1000 nexen tyre1000 marathon bet1500no617 minor partnersperannum mrelatedpercentage ea sports200no082 cisco200no082 wix200no082 qnet200no082 socioscom200no082 expo200yes082 tecno200no082 sap200no082 unilever200no082 axi200no082 jnc200no082 xylem200no082 hays tech200no082 gatorade200no082 midea200no082 ubtech200no082 wega200no082 unilumin sports200no082 dsquare2200no082 acronis200no082 vejo200no082 therabody200no082 scm200no082 total2430010000 assumed minor partnerships dont pay much could lot others either way hard find exact amount lets say arguments sake gets us close 250m thought id add 2 tables compare big sponsors across big 6 compare inflated main 2 sponsors etihadpuma kit deals teamkit dealcontract dealfirst seasonexpiryrank manchester united750010 years2015162025261 liverpool80005 years2020212025262 arsenal65005 years2019202024253 manchester city650010 years2020212030314 chelsea600015 years2017182032335 spurs300015 years2017182032336 ranked based years value united liverpool fantastic deals renegotiate years time city went front loaded contract puma chelsea suffer 2025 andd 2030 unitedliverpool even arsenal go sign much bigger deals earn much money city chelsea 57 years spurs laughable deal kit sponsorstrainingstadium teamshirtstadiumtrainingtotalsrank manchester city47002000included67001 manchester united4700na150062002 liverpool4000na200060003 chelsea4000na100050004 spurs4000nana40005 arsenal4000includedincluded40006 city wins thats top 5 team sell stadium deal along arsenal reason signed extension stadium deal 2012 way 2028 arsenal really run well see etihad deal covers cfa stadium shirt training gear close teams get less teams get current market puma kit sponsor probably get around 60m 65 though rest goes cfg clubs click money figures links sources overall main red flag sponsor everyone loves point etihad uefa didnt actually classify etihad related partner owner doesnt actually deem fair value including recent cas trial also found fair value panel two one majority found doubt clubs main sponsor etihad fully complied agreed payments city sponsorship fair value evidence payments actually came citys parent company abu dhabi united group adug rest citys money comes official sources broadcasting cl pl revenue around 250m matchday revenue around 4050m revenues go around 500m non covid times covid matchday broadcasting revenue took huge hit get adjusted going forward caused city lose 120m books last season also pushed sales next year improve revenue following year owner investment modern times contrary belief citys owners actually need finance club much think last 5 years mansour put 60m money clubs like villa everton chelsea absolutely dwarf debt city generally doesnt debt year first though city made loss 120m last year offset 10 sale silver lake 500musd starting next financial year city finally major debt theyve taken 650m usd loan entire cfg group cover covid costs grow cfg going forward improve current cash flow david bick city london football deal expert told standard cfg showed sizeable loss 201920 202021 included full 12 months covid virtually spectators sustain losses still move group course remain one valuable sports franchises worldwide certainly one important football groups patient longterm investors added todays debt deal seems clear city football group intent increasing investment multiple clubs globally club valued 5bn usd 10 silver lake 2019 500musd one successful self sufficient football clubs world back city amortisation wages per year based city something like normal noncovid year look like perannum commercial25000 broadcasting20000 salesx amount matchday5000 expenses40244 expenses10000 profitlossx amount expenses way would things like nonplayer staffmanagercoachesstadium maintenance cost fringe players havent included hten cfa rough figures get idea hope enjoyed,positive,289,1628476142.0,1
Algeria,Algeria foreign investment,know theres car prices crisis country currently new used cars electric cars even expensive gazoline equivalents infrastructure also support ev charging guess doesnt make sense talk right hear first china largest ev market world entry level models actually extremely cheap many reasons like cheap labor local manufacturing different taxes regulations second ev architecture much simpler internal combustion engine ice means car startups actually succeed use knowhow existing companies engines even developing countries like india vietnam witnessing fairly successful startups car companies means country like algeria jump part transition away fossil fuel economy either partnership china existing manufacturers even small startups one american startup company particular caught eye called aptera making solar evs would perfect north african climate manufacturing plants revolutionarily simple take small capital setup around 60 million dollars compared 15 billon standard manufacturing plants cost aptera plans 8 plants around world 2028 really wanthope north african one algeria im tired seeing foreign owned manufacturing plants sorts things setup tunisia morocco sitting wondering jobs foreign investment foreign investment stringent laws need die asap sorry rant long post thoughts,positive,13,1677163136.0,1
Algeria,Algeria foreign investment,africa getting bigger richer integrated ever six worlds ten fastestgrowing economies african may 2019 african continental free trade agreement acfta ratified creating largest free trade zone since world trade organization established 1995 abolish almost tariffs within continent un economic commission africa projects 52 increase africantoafrican trade africa also youngest continent people age 25 2100 un estimates africas population grow 13 billion people putting par asia beginning african century leading leadership leadership found different forms different levels religious political social economic military tribal leaders leading states au un leading supranational bodies within africa like southern african development community sadc economic community west african states ecowas social media allowed televangelists like pastor joshua nigeria amr khaled egypt reach millions far beyond residence sultan sokoto muhammadu saadu abubakar iii tried counter boko harams appeal cultural social religious argument violence business leaders like aliko dangote mo ibrahim waded politics without directly running office advising elected leaders financially incentivizing good governance others like manu chandaria kenya lead charitable donations division cultural political leadership increasingly blurred ugandan rapper bobi wine child yoweri museveni first elected president uganda musevenis credible political challenger nigeria nigeria claimed mantle africas largest economy since 2014 african continental free trade agreement acfta ratified despite nigerian skepticism one last states sign physical borders closed last five months ostensibly concerns illegal smuggling amid slew attacks attributed militant foreign migrants internal problems seemingly endless farmerherder violence sectarian violence banditry boko haramiswap attacks zakzaky militancy biafran nationalism election violence niger delta militancy ambazonian militants finding refuge nigerian territory kidnappings prison breaks methamphetamine trade nigerias permanent representative united nations tijjani muhammadbande president united nations general assembly unga 2009 2014 general assembly voted make nigeria nonpermanent member un security council african union ecowas endorsed candidacy country plays minor role un peacekeeping operations providing less 400 troops compared ethiopias 7000 80000 international troops serving africa morocco morocco arab state avoided revolution democratically reforming existing political system preserving 354yearold dynasty two years ago morocco joined african union ending 33year old boycott originally sparked accession sahrawi arab democratic republic morocco recognize oau african unions predecessor morocco assumed leadership peace security council peacekeeping branch union first time symbolism moroccos efforts shape peace postgaddafi libya 2015 skhirat agreement named moroccan city signed certainly failed end libyas civil war created government national accord internationally recognized libyas legitimate government retains control large territory leading psc morocco empowered mediate new deal fighting reached stalemate last king morocco applied join european community eus predecessor moroccos trade european partners current moroccan government identified africa foreign policy priority longer aspires join eu morocco helped ensure success coups mauritania 2008 guinea 2010 morocco even applied join ecowas economic community west african states despite sharing borders member state hand ecowas admitted morocco morocco live sadr membership au polsario front still fighting independence morocco contributed 1600 troops peacekeeping missions car drc un auspices au economy much smaller egypts south africas gdp growth exceeds egypt nigeria algeria south africa chad egypt sinai insurgency decade old indication egypt restoring control contends isis al qaeda hasm myriad terror groups egypt enabled israels boycott hamasrun gaza fourteen years neither weakened hamas moderated hostility egyptian military egypt surrounded failed states islamic insurgents distracting government economic problems egypt debttogdp ratio north africa exceeds 100 unlike contenders egypt grand vision future plan egypt africa egyptian president abdel fattah elsisi chairperson african union since february position largely ceremonial actual head au chairperson au commission moussa faki chad based ethiopia egypts primary geopolitical threat egyptians dissuaded ethiopia building major hydroelectric dam believe reduce percentage nile water receive depend drinking crops ethiopia abiy ahmed ethiopia made peace eritrea brokered peace sudan tried mediate kenya somalia somalia somaliland yemen also liberalized political system freeing political prisoners journalists hes privatized stateowned assets taking established bureaucracy efforts awarded 2019 nobel peace prize ethiopias grand renaissance dam gerd turn ethiopia energy exporter northern neighbors whose threats war stopped construction set open 2020 ethiopia least one possibly two regional coup détat attempts last year internalseparatist nationalseparatist movements ethiopia african country partly constitution recognizes right ethnic groups statehood states secede chad six years ago al qaeda carved protostate mali threatening west africa chad year later niger played decisive role halting advance wouldbe caliphates years chadian troops fighting nigeria mali boko haram isis president deby one longest serving african leaders though presides meager economy largely illiterate population chads former foreign minister moussa faki chairperson au commission chads former foreign minister ahmad allammi leads economic community central african states eccas chad clearly plays major role comes security sudanosahel zone leading africa anywhere south africa south africa unsc established ibsa 2003 joined brics 2010 south africa probably largest economy africa unemployment rate 27 half country living poverty anchor southern african development community neither hosts organization botswana leadership role within mostly tanzania 2019 xenophobic violence south africa targeted somalis zimbabweans mozambicans nigerians ethiopians zambians alienating every major african power president ramaphosa skipped un general assembly meeting government deny rumors might expelled african union 2020 ramaphosa assume aus ceremonial chairmanship leads continents africaskeptical population,positive,153,1577940965.0,1
Algeria,Algeria foreign investment,africas diverse markets offer range opportunities businesses looking expand invest nigeria egypt south africa lead size potential countries like ethiopia kenya ghana emerging strong contenders investment nigeria egypt south africa projected become largest consumer markets world 2030 offer large populations growing middle classes expanding urban areas making key markets investment promising markets algeria significant market north africa stable economy strong demand consumer goods angola natural resources economic reforms angola opening new investment opportunities ethiopia one africas fastestgrowing economies past decade forecasted gdp growth 2024 62 making market great potential ghana stable democracy growing economy expanding middle class kenya economic hub east africa vibrant tech scene growing consumer market morocco known stability infrastructure development strategic location gateway europe sudan recent economic reforms sudan gradually opening foreign investment tunisia strategic location access european markets growing tourism sector tanzania rich natural resources steadily growing tanzania market worth exploring spotlight ethiopia ethiopia stands particularly exciting market one africas fastestgrowing economies last decade projected highest gdp growth rate 2024 62 following closely behind ivory coast 66 rapid growth along expanding consumer base makes ethiopia market full potential various sectors useful links x200b countries think make list,positive,1,1725717968.0,1
Algeria,Algeria foreign investment,kinda like grinding perfect run germany wanna ask help else improve run usually struggle sealion things slightly loose order prep 4 year plan focus first straight 5th research slot convert first cav mot units tank units 5 tank divs start train 2 fresh converts till ready keep splitting naval bombers 10 naval bomber airwings produced filled trained ready time ww2 kicks send mountaineer italy air force musso aint gonna return anyway unless finishes fast caps ethiopia peace deal unlikely create agency done research foreign recruitment build civs first mils gradually add radar coastal provinces near uk later normandy rhineland anschluss gobble yugoslavia befriend eat czechoslovakia sometimes befriend cz keep schacht grind pp bormann hess advisors early game plus state serves military soon get 5 army xp extra training troops make cav template train 24 divs 5 times force deploy 20 trained convert 4 infantry one tank army know undersupplied untrained catch fill manpower first manpower 1m 1937 untrained train including airforce navy till 1938 annex cze yug aus cant demand greece theyre highly likelt say say free wargoal demanding yug cz greek lands rng run usually improve relations focus completes armies border diplo pressure get around 80 chance working maybe large army size low world tension anschluss gives 4 mountaineers 4 inf 1 cav remember infs converted alpenjagers template better equipment mountaineer ive sent musso send 5 tank divs spain 6 included one schnelle div converted ansch move air volunteers italy spain grind army air xp ciphers pol belg franceuk order priority allies poland benelux france dont need add italy faction yet case declare greece amd join war luxury sometimes coordinate strike poland cap poland last run yesterday made realize gateway europe utter bs worth im gonna get invested pp back attack dutch even always ahead britain earlier runs schlieffen plan belgian luxemburgish fronts narrow previous runs failed supply issues getting encircled last run tweaked capped netherlands first wider front declared unsuspecting belgians next capping easier way france falls dont accept armistice france luxembourg wait steamroll anyway allies uk denmark norway greece switzerland rest colonies place naval bombers eng channl scare ships away send ships biscay atlantic trade interdiction draw navy away english channel close eyes hit naval invasion mission pray troops reach dover lightly defended ports surrounding tiles support case port landing goes wrong sealioning skills always rng one sealion successful move entire army uk stop advancing theyre already scotland declare war norway denmark greece say demand switzerland thru tannenbaum let thwm join allies dont need vikdun quislings help need norway later continue advancing cap uk win war solo since major nations capped win points without italy share points sometimes romania cz yug refused demands joins allies doesnt matter much better capping majors france britn peace conference allies annex worthless andor strategic territory puppet high population resource rich countries take navies puppetted resource rights population garrison puppet blocking future wars bangla pakistan burma sri lanka zambia sierra leone botswana indonesia malaysia sudan egypt annex suez australia nz canada annex east coast provinces prep invading usa algeria either french also core algeria montenegro yugo refuses give romania joined allies tahiti others forgot mention rich resources high population take garrisoning maybe indonesia malaysia burma botswana pakistan enough annexed west coast provinces canada us invasion also take east coast two pronged attack us coasts sandwich middle later bessarabia piss stalin useless land africa asia reduce lag metropolitan france britain carribbean islands airports radars naval bombing usa later war japan puppet juicy resources indo malaysia expect war w japan prep inf 2 full inf armies 1 full 24 inf 12 inf 12 mountaineers naval invade straight hiroshima mountaineers inf like sealion land south head north easier navy mountainous tanks take navy jp mainland dont wanna fight japan either cap china try thru volunteers avail capped usa time gold screw usually cap jp 1941 war ussr bessarabia romania warred eastern poland expect stalin attack collab govt 100 cipher army group front line inf panzers separate group intending shock unit punching soviet lines encirclement usually cut baltics take st petersburg south moscow might complete fuhrer directive done right 80 time barbarossa easy takes bit long annex everything urals puppet rest siberia mongolia war us since keep american holdings previously held uk france netherlands america come knocking door someday soon 1944 probably naval bombers carribean especially airfields bahamas invading east coast priority since annex easternmost provinces canada adjacent maine wont larger front also annexed western coast canada blitz california canada peace holding alaska capped annex everything capped usa previous run annexed everything except plains middle let live blitz plains get achievement later even declared later still put fight managed kick america entirely got sandwiched soviets europe note self hitler hell one front time time world conquest nkw allies soviets americans china unified andor got shi together italy last majors left thats formula wanna know else glide cheese everything especially sealion barbarossa thanks,positive,0,1719375166.0,1
Algeria,Algeria foreign investment,topic wealthy countries accept refugees provide basic assistance food housing extent agree disagree essay argued rich countries reconsider acceptance rate refugees supply basic human needs essay completely disagrees statement cause overpopulation country lessen number job opportunities local people begin accepting foreign people dramatically increase population state lead scarcity job opportunities provided people compete one work position thus cause conflicts locals refugees example recently france encountered problem employment possobilities refugees algeria furthermore providing foreigners food housing would force government extend budjet would strain economy instead investing budjet spheres like medecine improvements transportation authorities spend basic assistance refugees instance italian authorities claimed 15 per cent budjet allocated assistance emigrants considerable amount money conclusion accepting emigrants cause damage economy local citizens therefore believe spending money improvements state beneficial,positive,1,1711816900.0,1
Algeria,Algeria foreign investment,always margin waste allocation public funds central authority always information problem information needed know spend money optimally always easier argue taxes raised collective benefit argue government spends money responsibly efficiently governments retarded always algerias governments problem happens even incompetent others keeps trying micromanage economy monopolise everything screwing everyone get share spoils natural resources thats nobodys labour ground making harder harder algerians conduct business extremely counter productive ibn khaldun esteemed islamic scholar historiographer conducted politics modern algeria known given historys best definition government institution prevents injustice commits usually understood criticising abuses power relating civil political rights also economic implications ibn khaldun believed much bureaucracy eg taxes regulations would lead decline society would constrain creation new goods services specialised labour argued bureaucrats understand world commerce overestimate ability state improve worldly conditions im arguing algerian government abandon little good done algerias welfare healthcare education regime least managed ensure highest human development index mainland africa programs ridiculously inefficient continued necessary reforms im arguing algerian government fuck aspects economic life eliminate dumb import restrictions tedious foreign investment rules cut lower middle income taxes cut government budget mostly ballooning defense spending allow competition highest possible degree let inefficient badly run businesses government privately owned die let efficient businesses provide value customers survive thrive let private business compete state owned industry let best win let algerians taste fruits enterprise sovietesque rules uncalled practically islamically free markets lead free people unrestrained shackles big government,negative,12,1693098895.0,-1
Algeria,Algeria foreign investment,government continues ban imports products recently added canned tuna fish products chicken bologna poultry pate yogurt ice cream dessert cream list liquid egg yolk also restriction importation land vehicles x200b gives algerians opportunity invest products given competition take place within country result countrys trade balance fell us 76 billion end august 2020 us 0926 billion end august 2021 decrease 8789 added dinar strongly devalued dollars algeria mainly imports european union result purchasing power algerians deteriorated lot salary lost value enormously algerian market become much competitive push foreign investors invest x200b although barrel oil long 3040 dollar range recently returned previous level government wants operate mines relaunch construction gigantic port cherchell help chinese government reducing taxes startups small mediumsized businesses amending export laws finally build real industry exported government continues refuse recourse external debt thinking country end poor african latin countries best example argentina average salary 150 opinion management economic field think could improved lets talk politics please,positive,27,1631172659.0,1
Algeria,Algeria foreign investment,ago suggested following solution thread austria stops processing asylum requests amid eu row 4 comments tunisia quite stable eu nations schegen guys whod also affected asylum seekers pay money rid countries burden integrate immigrants able pay enough money eu use money pay tunisia construct new city tunisia immigrants intercepted boats shall redirected city may allowed go europe sent back 60 70 go city eu pay integration immigrants tunisianarabic culture easier cheaper eu assures city median income least equal lower middle quartile euhighest quartile africa create europeanmodelled jobs universities bring europeans teach invest organise jobs stuff longterm investment ask tunisia declare special economic zone tax revenues divided tunisia eu predefined ratio every year eu members sign many skilled immigrants want city administration advertise applicants stable source highskilled immigrants city participates normal political life tunisia however european parliamentcouncil given veto rights certain areas local administration dont think tunisia reject special economic zone lower tax rate plans 50 sezs africa china chinese plans tunisia tunisia would probably want lag behind chinese plans must act quickly china takes firm grip southern neighbour figures eu members spent 70b institutions 16b foreign aid 2013 thats 86b algerias annual total expenditures 786b tunisias budget 2015 16b 314b go development redirect quarter annual foreign aid tunisia 21b would double tunisias budget would enough build city think focusing money one project better thinly spreading money everything think spending 2b country x 10 countries central africa would better 20b one country directly south us need stability south mediterranean whole idea basically renting space tunisia build europelike environment satisfy immigrants european top african standard living dont cross med reduce cost integration feel free comment constructive manner look forward improve plan thanks advance reurope also reminder thursdays denmarks tightest election ages edit new improvements propose comments tunisia receive reform timeframe like eu candidates montenegros timeframe economic help trade aid investment etc tunisia whole bring tunisias standard european standards time reducing european powers city raising tax rates city normal tunisian rates european powers withdrawn gradually starting 10 years operation city 50 60 years totally rid powers maybe retain certain advisory role,positive,33,1434365139.0,1
Algeria,Algeria foreign investment,date 05202024 reading time 11 minutes 2335 words military details armenias housing subsidies project revealed armenia provide housing subsidies forcibly displaced persons nagornokarabakh charge 25000 families receive housing certificates able either buy real estate build house azerbaijan launched fullscale invasion nagornan september 2023 using artillery uavs aircraft arkaam armeniaindia defense cooperation going well working expand indian ambassadors interview nilakshi saha sinha ambassador extraordinary plenipotentiary india armenia spoke armenpress sinha relations armenia india warm frequent contacts prospects military cooperation indeed good working strengthen sinha said armenpress politics government land ownership certificates issued tavush residents prove portions land handed azerbaijan de jure armenia ministry justice armenian ministry justice responded newsam inquiry commenting earlier statement constitution expert claimed armenia handed sovereign territory azerbaijan representatives yerevan baku signed border protocol 15 may recreated old border soviet armenia soviet azerbaijan based 1976 map arkaam fm mirzoyan calls prohibition threats nuclear facilities international conference nuclear security minister foreign affairs armenia ararat mirzoyan took part international conference nuclear security icons 2024 vienna titled shaping future representatives 130 countries participating conference participants held minute silence memory irans highlevel officials including president foreign minister died day due helicopter crash armenpress ararat mirzoyan attends international conference nuclear security vienna ararat mirzoyan sends condolences death iranian president foreign minister armenia reaffirms unwavering commitment nonproliferation treaty fm un security council observes minute silence raisi members un security council observed minute silence memory iranian president ebrahim raisi entourage killed helicopter crash russia china algeria requested moment silence request russia china armenpress favorable opportunities advance peace agenda azerbaijans aliyev president azerbaijan ilham aliyev says favorable opportunities advance peace agenda said positive agreements reached regarding border delimitation demarcation azerbaijan latvian parliament speaker daiga mierina met latvia armenpress armenia top security official receives delegation foreign relations committee german bundestag secretary armenian security council armen grigoryan received delegation foreign relations committee german bundestag headed johannes schraps german side reaffirmed ongoing support democratic reforms implemented armenia armenpress armenias top security official briefs german lawmakers process democratic reforms yerevan municipalitys construction improvement department new head armen harutyunyan appointed temporary head construction improvement department yerevan municipality mayor tigran avinyan introduced procedural meeting municipality wished success armenpress security council secretary visit working visit qatar secretary security council armenia armen grigoryan go working visit doha qatar participate world security forum bilateral meetings also planned within framework working visit armenpress secretary armenian security council leave working visit qatar secretary security council go working visit qatar armenia security council chief traveling qatar armenia loan 100m eurasian fund stabilization development armenias minister finance vahe hovhannisyan met andrey shirokov managing director eurasian fund stabilization development meeting touched upon various projects including planned 7 km long tunnel projected sisiankajaran highway parties emphasised importance efsd strategy 20222026 well strategies member countries arkaam european education foundation experts assess armenias secondary vocational education system experts european training foundation etf assess armenias secondary vocational education system may 2123 director national centre professional education quality assurance foundation ruben topchyan said experts 12 eft member countries arrived yerevan invitation center heads study armenian education system arkaam yerevan paris deepen interaction 3year cooperation program signed two capitals yerevan paris îledefrance region reached agreement implementation threeyear cooperation program program cover several spheres including urbanization transport waste management members armenian delegation visited architectural bureau jeanmichel wilmotte arkaam us offers condolences death iranian president helicopter crash us offers condolences deaths iranian president ebrahim raisi foreign minister hossein amirabdollahian members delegation helicopter crash northwest iran sunday reaffirm support iranian people struggle human rights fundamental freedoms state department spokesman says armenpress un chief extends condolences iran deaths president minister defence papikyan sent message condolence connection death president iran alen simonyan sends condolence message occasion death president iran accompanying staff ali bagheri kani appointed irans acting foreign minister amirabdollahians death irna iran declares 5 days mourning president raisi killed helicopter crash foreign ministry responds news planned visit raisi armenia may 19 armenian president conveys condolences government people iran ararat mirzoyan sends condolences death iranian president foreign minister pashinyan sends condolence message occasion death president iran accompanying staff irans president foreign minister martyred copter crash iranian media raisis crashed chopper found situation good iran red crescent papikyan expressed condolences iranian defense minister death president raisi officials armenian foreign minister expresses condolences people iran helicopter crash armenian prime minister nikol pashinyan expresses condolences death iranian president us expresses condolences death raisi eu offers condolences death iranian president officials armenian foreign minister regrets tragic loss iranian counterpart armenian pm sends condolences iran iran hold extraordinary presidential election june 28 iranian presidential election intended identify ebrahim raisis successor held june 28 june 28 date fourteenth presidential election irans history armenpress icc seeking arrest warrants netanyahu gallant hamas leaders prosecutor karim khan kc seeks arrest warrants israeli prime minister defence minister charges netanyahu gallant include starvation civilians method warfare charges hamas leaders include extermination murder taking hostages rape acts sexual violence armenpress iranologist foresees major changes armenianiranian relations tragic death iranian president iranologist gohar iskandaryan discusses armenianiranian relations administration president islamic republic iran ebrahim raisi irans foreign domestic policies iran developed consent approval spiritual leader country iranian president raisi governed difficult period terms regional security armenpress minister defence papikyan sent message condolence connection death president iran alen simonyan sends condolence message occasion death president iran accompanying staff iran declares 5 days mourning president raisi killed helicopter crash foreign ministry responds news planned visit raisi armenia may 19 armenian president conveys condolences government people iran ararat mirzoyan sends condolences death iranian president foreign minister irans president foreign minister martyred copter crash iranian media raisis crashed chopper found situation good iran red crescent armenian foreign minister expresses condolences people iran helicopter crash armenian prime minister nikol pashinyan expresses condolences death iranian president us expresses condolences death raisi eu offers condolences death iranian president officials iraq declares mourning death iranian president iraq may 21 declared day mourning connection death neighboring irans president ebrahim raisi plane crash helicopter carrying raisi may 19 crashed landing irans east azerbaijan province tragically none occupants survived crash armenpress syria declares official mourning death iranian president syrian government declares official general mourning three dayperiod connection death iranian president ebrahim raisi flags flown halfmast across syrian arab republic helicopter carrying raisi crashed landing irans east azerbaijan province armenpress irans first vice president mohammad mokhber become interim president new elections irans first vice president mohammad mokhber become interim president following death ebrahim raisi helicopter crash president raisi returning ceremony inaugurate dam irans border azerbaijan helicopter crashed sunday armenpress mohammad mokhber named irans interim president yerevan metro replace plastic tokens qr code payments yerevan metro planning replace plastic tokens qr code payments qr code credit card payments available passengers vice mayor suren grigiryan said total 49 turnstiles expected replaced within month arkaam tokens yerevan metro qr codes work pillars installed armenian border village kirants armenian village kirants three border markers installed border guards stand next panarmenian economy armenian economy minister make trip uae may 2022 delegation led minister economy gevorg papoyan travel uae capital abu dhabi may 2022 panarmenian cba puts circulation 100th anniversary charles aznavours birth gold collector coin central bank armenia puts circulation 100th anniversary charles aznavours birth gold collector coin may 20 2024 aznavours born paris armenian immigrant family escaped armenian genocide gained universal recognition performing olympia concert hall paris armenpress organic agriculture development program 202425 starts armenia acba bank armenian branch german nature biodiversity conservation union nabu launching free development organic agriculture program 20242025 entrepreneurs interested participating competition welcome file application 10 june 2024 arkaam ameriabanks trade finance portfolio enriched four prestigious awards ebrd ifc ameriabank received four prestigious awards international financial institutions recognition trade finance operations ameria first armenian bank receive confirming bank status ebrd trade facilitation program tfp ameria leading financial technology company armenia major contributor armenian economy assets exceeding amd 1 trillion arkaam science technology armenia new technological hub yerevan host wcit congress world congress innovation technology wcit back identify armenia regions new technology hub global players 2024digitec conference theme power mind artificial intelligence beyond borders within ethics serve global platform emphasize significance enhancing impact investment solutions information communication technology across regions economies armenpress world congress innovation technology yerevan unveil armenia new tech hub global gamechangers sport armenian chess players continue competing sharjah international tournament shant sargsyan manuel petrosyan ended matches draw hayk martirosyan lost samvel tersahakyan sharjah masters tournament sharjah uae among representatives armenia 35 points leader participant india armenpress date 05192024 reading time 0 minutes 168 words military armenia developing new defense capabilities enough civilnet sat colonel jeanluc theus frances former defense attaché south caucasus better understand armenias defensive framework coming years following war armenia sought rearm help india france armenia allocated 785 million defense 2021 spending amounted approximately 663 million civilnet armenia ready provide necessary support iran mfa armenia expressed readiness provide necessary support iran search helicopter carrying iranian president way helicopter carrying irans president ebrahim raisi iranian foreign minister hossein amirabdollahian involved accident armradio politics government raisi attended dam openings azerbaijan border helicopter accident irans president ebrahim raisi returning iranazerbaijan border area helicopter made hard landing got difficulties heavy fog interior minister ahmad vahidi says various rescue teams still searching helicopter armradio armenian fm attend international conference nuclear security vienna minister foreign affairs armenia ararat mirzoyan pay working visit vienna austria may 20 participate international conference nuclear security icons 2024 titled shaping future armradio date 05182024 reading time 2 minutes 420 words politics government france accuses azerbaijan supporting unrest new caledonia france accused azerbaijan supporting riots french rule new caledonia french interior minister gérald darmanini said reality supporters caledonian independence signed deal azerbaijan azerbaijani media reported initiative group baku organized video conference thursday civilnet housing security program artsakh residents pros cons ra government approved state support program providing housing families forcibly displaced nagornokarabakh aram tadevosyan government abandoned idea part support money returned state beneficiaries time members beneficiary39s family working age minimum amount assistance amd 2 million per person given families active mortgage loan civilnet eu coe welcome progress armeniaazerbaijan border delimitation process eu welcomes progress made framework armeniaazerbaijan border delimitation process demarcation process began april 19 armenias northern tavush region amid opposition accusations territorial concessions azerbaijan arkaam eu welcomes progress made framework armeniaazerbaijan border delimitation process eu welcomes armeniaazerbaijan progress minister armenia seeks join major transportation projects china europe finance minister vahe hovhannisyan ebrd promise invest 500 million euros number projects armenia 2024 two projects implemented armenias southern syunik province bordering iran remaining funds directed private sector namely financing projects commercial banks armenia arkaam armenian fm osce chair discuss situation south caucasus armenian foreign minister ararat mirzoyan exchange osce chairinoffice fm malta ian borg interlocutors touched upon issues osce agenda regional topics south caucasus particular armradio india wants armenias proposals use chabahar port india expecting proposals armenia regarding use chabahar port iran indian ambassador says panarmenian india considering deepening strategic partnership greece indiagreece considering strengthening bilateral ties two countries indiamiddle east economic corridor imec aims transform trade routes india europe greece india convinced project still viable pledge necessary ensure implementation greece first eu member join belt road initiative civilnet belarus opposition leader slams lukashenko karabakh trip belarusian opposition politician sviatlana tsikhanouskaya harshly criticized visit lukashenko karabakh panarmenian mkhitaryan raises arrest former karabakh leaders azerbaijan inter milan star henrikh mkhitaryan shared news story extension arrest former karabakh leaders panarmenian culture armenia turkey discuss restoration historic bridge meeting took place may 17 ashgabat sidelines international conference ministers culture panarmenian donations armenia himnadram servicemenfund armenian wounded heroes armeniafund,negative,7,1716236464.0,-1
Algeria,Algeria foreign investment,foreigner lived indonesia form 1980s 2005 one question pops life like suharto era people indonesia suharto period divided two periods period 1986 1986 marked year suharto introduced wide ranging economic reforms 1986 see foreign goods fast food chains private tv stations begin emerge also marked beginning suhartos family really started enrich nbsp period prior 1986 indonesian economy fairly closed mall jakarta ratu plaza block shopping destination south jakarta women wearing hijabs even among arab indonesian women first start wearing late 1980s start wearing nbsp noticeable difference period 1986 1986 indonesia one tv station tvri everyone watched tv programming weekdays consisted educational programming documentaries lot news news consisted suharto cutting ribbons visiting new projects thomas uber cups huge days everyone watched aired thing tv among chinese indonesians thomas cup massive particularly china playing indonesia however dont get wrong lot development going 1986 infrastructure improved lot 1970s infrastructure horrible indonesia 1970s eve jakarta people lived jakarta 1970s ojeks deliver messages across town phones bad still 1986 watershed period indonesia nbsp came western food time either new hotels built toward late 1970s reach even middle class indonesian usually meant going dutch styles cafes stayed open since colonial period sukarno period indonesian economy caught suspended animation see linger suharto period nbsp see economy open 1970s early 1980s things start pick 1986it 1986 started seeing western fast food chains pouring start seeing imported fruits appearing markets 1986 indonesian eat locally produced fruit apples usually meant apples malang east java puncak jakarta oranges meant oranges pontianak early 1990s see emergence mall culture mall built private tv stations started appearing owned suhartos family cronies nbsp suhartos economic policy nationalist nationalist period preceding reformasi indonesia government open lot sectors foreign investment reality mixed bag western tourist 2 month tourist visa definitely liberal today work permits foreigners easier get nbsp despite people say suharto becoming muslim gradual didnt really impact government society whole pns still allowed wear jilbab students schools werent allowed also look female student demonstrators 1998 none wearing even private islamic schools uniforms werent different public school uniforms length skirt difference colors nbsp reformasi change nbsp noticeable change indonesia 1998 media freedom prior 1998 indonesia media censored particularly pertaining corruption within indonesian government one first things habibie became president dismantle minister information however would like point foreign press wasnt much difference 1990s reformasi prior 1990s indonesian government would censor anytime major foreign publication said something bad indonesia nid 1990s stopped socially culturally indonesia conservative wasnt like least first 7 years reformasi internet still wasnt censored days noticed immediately 1998 lot racy mens tabloids published nbsp terms tv programming suharto period foreign particularly western programming toward end 1990s financial crisis severe wouldnt forced local stations develop programming could still buy foreign programming also internet wasnt censored suharto people internet would suharto tried censor internet way government would continued censorship local media foreign media especially porn wouldnt censored conservative muslim parties pressure government nbsp three groups impacted reformasi muslim conservatives left chinese indonesians muslim conservatives benefited suharto fell pks fpi formed 1998 abu bakar bashir came back malaysia muslim preachers started gaining traction noticed early 2000 indonesian muslim women would start wearing hijab got married question would done suharto maybe even late 1990s indonesia society pretty hostile women wearing hijab left fall suharto important implications knew people fled indonesia 1965 return indonesia first timein 33 years stories happened pki started emerge people talking chinese indonesians 1998 significant 1998 chinese indonesians invisible indonesia never saw media people like agnes monica wouldnt today without 1998 nbsp one area people rarely talk change indonesia economy result 1998 lot indonesians especially people like prabowo cendana family like blame conditions imposed imf suharto downfall indonesia wouldnt mess suharto picked try sutrisno vice president hinted early january 1998 next vp would someone scientist ie habibie markets went bat shit crazy talk establishing currency board prior december 1997may 1998 problem indonesian government didnt fx reserves unlike malaysia ie fixing ringgit financial crisis precipitated indonesian companies borrowing us little foreign currency revenues case thailandsouth korea also end indonesia government assume debt companies ibra indonesian bank restructuring agency took companies sold irony cendana suffered heavily 1998 prabowo brother bought lof distressed assets jokowi unique among indonesian politicians people call neoliberal said indonesia got situation borrowing 1998 crisis scared indonesian policy makers older indonesians lived crisis nbsp indonesias per capita income 4 times 1997 8 times larger 1998 days getting airplane luxury even lower middle class people outer island take airplane go b without reformasi airline industry wouldnt deregulated fast indonesian economy different economy immediately prior crisis 1998 destroyed much strength conglomerates richest indonesians tend stick 12 sectors dont see big conglomerates many sectors banks use fund expansion plans reason got crisis first place want see pre1998 indonesian economy looked like visit philippines irony since 1998 anthoni salim shifted attention philippines makes money philippines indonesia control filipino economy father indonesian economy suharto period salim group indonesia involved cars banking palm oil real estate food processing might seem like lot philippines anthoni salim controls philippines equivalent pt telkom pldt also shares mobile operator also power generation toll roads water supply pldt pension plan controls several media companies philippines parts philippines every time turn light flush toilet go toll road read newspaper anthoni salim gets paid nbsp politics indonesia managed democracy suharto 2 political parties ppp pdi golkar golkar wasnt political party functional group basically dpr rubber stamped anything suharto wanted particularly toward end suhartos regime people like faldi zon prabowo like hark back portray reformasi mess fact reformasi wasnt revolution political elites asked suharto resign megawati also member political elite thing uniting student protestors indonesian society whole get rid suharto beyond consensus indonesia governed 19982003 political leaders rotated becoming dominant couple month years fading away nbsp democratization indonesia relatively easy put back bottle someone like prabowo wanted however reformasi 1998 wasnt democracy decentralization jakarta elite forced decentralize something didnt want many want return indonesia back suharto period dont realize biggest factor preventing decentralization suharto inherited centralized state political analyst say dissatisfaction democracy indonesia isnt democracy decentralization 90 indonesians still want elect local leaders directly contradiction read book indonesia etc author works ministry health things didnt change much 1998 2003 indonesian government decentralization change lot attempt recentralize power lead civil warin indonesia nbsp contrast political structuresystem indonesia 1998 changed state centralized soviet union decentralized state asia china india changes jokowi ahok fundamental wouldnt happened without decentralization last year fauzi bowo power jakarta regional budget 30 trillion 75 trillion lot capital budget fauzi went useless projects corruption kept delaying mrt dredging projects terms capital expenditure project like river dredging new roads parks new buses jakarta spending 45 times fauzi bowo change jakarta drastic frustrating suharto say lot high profile projects every year would major floods canals clogged one anything nbsp many intellectuals dismiss reformasi 1998 fake revolution meaningful change say existing power structures remains ironically argument made fadli zon argues reformasi fake lets go back suharto era find strange exceptions written 1998 contrast lof indonesia writers saw 1998 opportunity write 1965 example eka kurniawans stories focus 1965 even though wasnt even born happened opinion happened 1998 profound 1965 time dutch first set foot indonesian archipelago 2005 indonesian state violent expansionist enterprise started dutch slowly conquering various kingdoms archipelago starting 1600s 1910s sukarnos invasion papua suhartos invasion east timor continued expansionist endeavor retreated 1998 indonesia pulling east timor aceh peace agreement 18151998 dutch east indies indonesia highly centralized system decentralization 1998 broke almost 200 years centralization expansion nbsp since 1998 indonesian politics become bourgeois particularly attitudes prior 1998 indonesia trajectory like france france developed country politics far violent unstable british since 1789 last coup france seven years indonesias coup 1965 look leaders asia jokowi bourgeois politician asia used make sell furniture cant get middle class economic policy conservative 1998 best exemplified n219 unlike n250 n219 built without amount subsidies n250 project enjoyed built provide airplane would compete old designs like twin otter low profile project unlike n250 indonesia sell lot n219 n250 since 2014 rice production increased 15 indonesia rice selfsufficient hardly gets mention press suharto period happened suharto mad big deal even though couldnt sustain reflected indonesia society indonesian abhorrence debt indonesian public private debt low total consumer corporate public debt 70 gdp versus 350 china one anies walkabout couple months ago one man lower middle class neighborhood asked kjp untuk sekolah dananya dari mana pak jangan sampai nanti uang dari luar negeri kayak yang di televisi itu loh pak ujar ana many lower middle class voters developing countries ask politician ask whether program fiscally sustainable nbsp often people examine revolutions particularly popular press focus overthrow dictator done move onto next revolution even way history taught focus narrowly replacement one elite another without looking whether structure changes alexis tocqueville famous 19th century political writer wrote book french revolution argued french revolution didnt alter structure french state france state since louis xiv centralized became centralized french revolution think tocqueville playing social change french revolution point france 1990s heavily centralized centralization help make unstable since 1789 france public security committee two emperors king 5 republics two revolutions coup detat recently 1958 indonesias history 18152005 resembled frances 1789 unstable violent expansionist like france indonesia revolutionary expansionist power reformasi happened indonesia would looked like algeria former french colony meaning would continue ruled junta algeria bloody struggle independence like indonesia algeria purged large segment population case islamist instead communist nbsp indonesian political elite much diverse socially religiously politically elites asian countries people entrepreneurs exmilitary religious figures celebrities civil servants academics people political dynasties indonesian ministers gotten degrees 10 different countries next closest country asia china 5 countries people diverse background less likely fall group think particularly true smaller countries like singapore france france likes call meritocracy elite whether ceo state owned companies ministers presidents come couple elite schools ie grande ecole notable ena problem setup get group think france suffering last 30 years nbsp people dont understand jokowi ahok regional leaders arent sjw expected bring swiping social change key respect constitution operate within bounds indonesian democracy think jokowi even wins second term largely forgotten 50 years period significant indonesias history jokowi reminds 19th us president rutherford b hayes us hayes considered failed reformer tried reform civil service root corruption laid ground work future reform like jokowi first us president go straight state governor presidency like jokowi predecessor exgeneral ulysses grant prior hayes seven presidents experience governors conjunction federal experience vice president cabinet secretary hayes 1877 franklin roosevelt 1945 8 13 presidents sitting governors elected whereas hayes none indonesia moving direction 2019 election people running president predominately governors nbsp long write ordre baru years following reformasi complicated happens ordre baru impacts reformasi understand indonesia today understand new order period impacts culture voting patterns society even films like raid gory problem popular press indonesia everyone different slant period among western academics tend ignore categorize authoritarian hell hole wrote give people perspective,negative,188,1490424792.0,-1
Algeria,Algeria foreign investment,want film suggestions suggestions foreign works suggestions complete letterboxd world map post last year started project discuss unknown foreign films everyone imagine heard parasite spirited away portrait lady fire hunt city god gems countrys cinema celebrated plan 80 weeks approach many countries possible established film industry need foreign support finance production post suggest one two films comments add know country question ill stick films less 50k views highlight film director specific country comments said lets go recommendation week film ilo ilo year 2013 director anthony chen country singapore one richest countries world singapore faced along asian countries economic crisis 1997 ilo ilo set period starts arrival terry angeli bayani filipino immigrant looking better living conditions finds job lim family made teck chen tianwen father hwee leng yeo yann yann mother jiale koh jia ler son lims middleclass family finds affected crisis teck fired job accept job security guard starting smoke deal frustration hwee leng pregnant works secretary writing resignation letters midst jiale inconvenient brat pestered every babysitter role falls terry memorable scene happens right beginning hwee leng confiscating terrys passport happens prevent maid giving deal boy ends making immigrant hostage family moment could used different contexts even horror film however ilo ilo approach film uses micro drama family facing difficulties portray macro context crisis country facing sympathy indivuduals even son ones surprise needed attention narrative follows unfolding dynamic four characters especially maid child something really knows humanize everyone involved mean making everyone look good understand context behind action time one main plots film dehumanization human beings become disposable work tool terry one point hears neighbor family young lot time work life teck loses job immediately needs find another old role hwee leng continues work even though pregnant everyones life time invested work able get back minimum amount comfort end day matter much dedicate still expendable part bigger picture film terrorizers year 1986 director edward yang country taiwan ilo ilo immediately reminded work taiwanese filmmaker edward yang films also used individuals portray larger context vice versa portraying delicate moment history country theme children neglected parents obvious comparison would brighter summer day 1991 maintaining rule indicating films less 50k views suggestion terrorizers also 4 individuals starring story photographer shaochun young girl meets wang writer cora miao husband lee lichun doctor main highlight however city taipei common film shots fixate object building window way people look city city looking everything seems much bigger anguish individuals small like directors previous feature excellent taipei story 1985 contradiction looking future staying stuck past yang reminds lot antonioni sense addresses constant change individual anguish change accompanied constant modification urban scene comparison even explicit terrorizers since one protagonists photographer blow 1966 perhaps italian directors famous work film also plays well perspective see photo collage scene appears poster scene becomes clearer moment character looks window building open window realize window cleaner outside whole time window closed couldnt see scene seems irrelevant much plot involves characters looking situation find another angle refusing anyway yang timeless look modern life terrorizers another excellent work demonstrates way curious title since didnt mention terrorizers point constant conflict police group criminals cause terror however something background almost ironic title points since main characters dont care greatest terror something else week marks one year project reaches 60 complete mark always say want contribute leave comment favorite film one even countries feedback opinion always welcome next week leaving one island another new region project towards polynesia samoa travel itinerary brazil iran indonesia russia kenya spain jamaica romania laos italy algeria peru bangladesh latvia switzerland mexico senegal new zealand iraq japan georgia portugal chile malaysia chad netherlands costa rica norway albania serbia nigeria vietnam poland jordan palestine colombia cuba uk china south africa drc paraguay france thailand lithuania croatia egypt austria ukraine iceland venezuela mauritania israel panama singapore taiwan,negative,1,1714170625.0,-1
Algeria,Algeria foreign investment,x200b 300120 bc explorers malaya polynesia settled continent pacifica malayan colony named pulau perang meaning war island english polynesian colony still unnamed eventually colonists started reproduce extremely fast pace eventually renamed capital grand coluxia 120 bc 300 ad people grand coluxia able inhabit entire continent becoming de facto superpower asia terms culturally economically militarily politically 300500 ad establishment empire pacifica invasion philippine islands imperial pacifican army navy invasion srivijaya annexation srivijaya 5001000 ad expansion nusajaya mainland southeast asia border disputes multiple indian chinese dynasties war yamato japan one naval battle happened japanese victory imperial pacifican navy gave invasion especially typhoon heavily damaged invasion fleet 10001500 ad portuguese explorers make contact pacifican empire sailing straits malacca marks official diplomatic relations portugal pacifican empire spanishpacifican war starts spanish finds abundance resources war lasted 30 years pacifican victory multiple cities plundered spaniards pacificans incredibly arrogant incompetent emperor enacts emergency power orders sweep backgrounds top military generals 15001900 ad pacifican empire completely controls mainland southeast asia 1535 pacifican empire declares war dutch east indies 1740 imperial pacifican army secures jakarta sumatra 1746 1752 dutch east indies surrenders 1776 pacifican empire supplies american rebels 13 colonies able supply americans new spain 1783 one first nations recognize american independence 1803 british empire asks pacifican empire occupy french india part napoleonic wars pacifican emperor time emperor quin ii gladly accepted orders imperial pacifican army invade french india french garrison quickly surrendered massive army technological parity ipa 1820 imperial court pacifica abolishes slavery vows destroy asian slave trade built large discontent among rich landlords factory owners heavily relied slaves thus emperor hark ii gives four years find solution fouryear time limits landlords factory owners opted pay former slaves wages quite favorable time compensate time slaves 1846 united states invaded mexican empire imperial family pacifica condemns united states government united states experienced first civil war imperial pacifican navy orders stopping trade nations asia confederacy price cotton soared asia able make trade pacifica 1853 emperor quin iv started 12year plan modernize industrialize pacifica economy boomed pacifica quickly became center trade asia similar gdp british empire 1890s pacifican imperial navy develops massive battleship naming pins xexer basically dreadnought makes pacifican empire german empire french empire british empire enter arms race develop best weapons including chemical weapons first fighter aircraft amx40 pacifican inventor ahmad shah 19001920 ad 1913 pacifican empire supplies ottoman empire throughout italoturkish war balkan war able keep holdings balkans also made ottoman empire relying pacifican empire almost everything seeing pacifican empire ottoman empire large muslim population seemed fitting would agree one another variety subjects 1914 assassination archduke ferdinand austria brings world great war germany ally austria joins war forming central powers pacifican empire takes opportunity declares war entente emperor serdinan iv orders pacifican imperial navy army invade australia new zealand invasion force 12 dreadnoughts 27 destroyers 24 cruisers 15 battlecruisers 2 newly built seaplane carriers around 130 000 men rapidly unloaded forces 30 000 men landed northern australia takes bamaga weipa cooktown weeks 45 000 men landed jurien bay north perth 55 000 soldiers landed wellington fights intensely secure beachhead 12000 well trained well equipped australian british forces battle costly aussies brits well entrenched fought urban combat pacifican conscripts draftees even 2 years intense fighting pacifican imperial army able capitulate australia new zealand 73 000 casualties costly fight australians exhausted pacificans leaving scar would mark pacifican imperial armed forces decades come needed fight japanese empire busy fighting german colonies pacifican forces retook shandong peninsula kiaochow jiaozhou bay minimal losses around 2700 soldiers wounded two ships damaged artillery fire largest naval battle war took place straits malacca 7 british dreadnoughts along 67 british vessels engaged imperial pacifican navys 1st 5th 7th fleets combined 76 ships battle flagship imperial pacifican navy pin xexer destroyed hit directly superstructure 12inch naval gun hms dreadnought battle pacifican victory lost ships left pacifican navy crippled unable operate 100 efficiency throughout rest war especially losing flagship pacificans deemed inferior race british inflicted another wound adding one gained australia however battle strategic victory british pulled back naval assets pacific left japan alone pacific battle okinawa japanese navy wiped leaving defenseless defend naval invasions also cuts armies thats mainland supplies 1917 japanese surrendered exited war pacifica rebuilding navy consolidating armies april zimmerman telegram intercepted british america joins war pacifica declares war america prepares naval warfare late 1918 pacificans launched desperate attack british india hoping incite indian rebellion however failed horribly causing pacificans suffer nearly half million casualties unprepared geography india unable supply forces effectively guerilla attack locals every turn hoping end war imperial pacifican navy takes fight directly america hoping destroy pacific fleet preemptive strike pearl harbor main naval base pacific 23 dreadnoughts battleships pacifican imperial navy participate along 27 battlecruisers 10 seaplane carriers 200 seaplanes fitted small bombs 20 57 heavy cruisers armored protected light cruisers 68 destroyers 54 submarines fight americas 10 battleships 17 cruisers 32 destroyers 14 submarines attack came dawn 200 seaplanes launched initially made target battleships united states harbor seaplanes able hit targets destroying 7 battleships disabled two eventually battle started strategic victory pacificans entire us pacific fleet destroyed ipn lost 20 ships 12 destroyers 2 heavy cruisers 3 light cruisers 2 submarines 1 battlecruiser 1918 german empire along austria hungary bulgaria ottoman empire surrendered leaving pacifican empire central power left fight morale low every soldier sailor pilot didnt want fight anymore combined forces britain france italy america descending upon soon hand entente also fought brutal war europe didnt want risk army navy deadlier costlier invasion especially us pacific fleet destroyed thus january 5th 1919 peace treaty signed capital pacifica grand coluxia territorial changes germany cede territory various countries including alsacelorraine france eupen malmedy belgium parts west prussia posen poland saar basin placed administration league nations city danzig gdańsk became free city leagues protection australia new zealand ceded pacifican empire hawaii ceded pacifican empire taiwan ceded pacifican empire 1920 pacifican empire began massive modernization program reducing standing army 32 million soldiers 12 million expanding naval air forces 1929 great depression affected pacifican empire lesser extent nations 1939 nazi germany invaded poland plunging world war pacifican empire longtime german ally hesitated joining war war progressed pacifican empire remained neutral hitler invaded soviet union japan attacked pearl harbor december 1941 surprise attack pacifican empire united states declared war japan attack lasted 4 hours 3 pacifican battlecruisers 5 heavy cruisers 1 aircraft carriers 12 destroyers 323 aircraft destroyed america loss 4 battleships 12 cruisers 5 destroyers 102 aircraft nazi germany declare war pacifican empire united states japan signatory tripartite pact around 45 million pacifican civilians signed military pacifica also shifted wartime economy boosted industrial capacity output dozens times better factories pumping guns tanks planes ship parts helmets uniforms trucks etc pacifican american navies worked together cripple japanese fleet coast iwo jima pacifican empire united states launched massive invasion island resulting heavy casualties sides pacifican imperial armed forces high command ihc realized war would brutal initially expected war continued pacifican empire united states firebombed japanese cities causing decline japanese war support 1943 japanese forces raided pacifican territories resulting pacifican emperor emperor aurelius serenova ii ordering unrestricted sinking japanese ships lifting restrictions banned weapons september 1944 pacifican empire successfully tested first atomic bomb nerussian desert pacifican american air forces fought air superiority july 4 1945 pacifican ex2 strategic bomber dropped first atomic bomb nicknamed emperors hiroshima united states dropped second atomic bomb little boy nagasaki days later japanese surrender approached japanese battleship ijn yamato engaged pacifican battleship pin serevano american battleship missouri fierce battle ijn yamato captured pacifican imperial navy japan surrendered soon 19461957 aftermath american pacifican japanese war sees pacifican empire united states japan grappling need rebuild cities infrastructure economy emperor aurelius serenova ii emphasizes national unity rallies citizens behind cause reconstruction pacifican people show remarkable resilience contributing rebuilding efforts rekindling sense national pride june 6th 1946 treaty berlin signed comintern allies axis war stalemate neither side able gain ground months treaty berlin allies decolonize africa italy annexes french algeria french tunisia british egypt except suez british sudan british somalia french djibouti british kenya british uganda türkiye annex french syria french lebanon iraq british kuwait palestine british jordan kingdom saudi arabia annex british yemen oman british uae british qatar spain ceded french morroco gibraltar portugal mainland german reich ceded poland baltic states belarussia soviet union ceded land romania exchange france mainland ceded reich along benelux denmark norway britain commonwealth pay heavy reparations 1948 pacifican government implements strategic economic policies focus industrial development infrastructure projects trade partnerships nations robust industrial capabilities abundant resources propel rapid economic growth attracting foreign investments pacifican empire also invests heavily research development resulting significant technological advancements across sectors aerospace telecommunications energy industries experience remarkable breakthroughs boosting nations prestige august 31st 1951 pacifica along japan republic china korea neighboring nations forms asian defense pact adp ensure regional stability counterbalance global powers adp becomes platform cooperation defense security economic endeavors among member nations tensions rise cold war escalates leading intricate diplomatic maneuvering within adp pacifica wary entanglement global power struggles maintains policy neutrality leveraging influence promote peaceful dialogue 1952 pacifican empire experiences cultural renaissance marked resurgence traditional arts literature music government supports initiatives preserve cultural heritage encouraging modern creative expressions nation witnesses remarkable improvements transportation urban planning modern infrastructure innovations public services healthcare education elevate living standards across empire pacifican government invests heavily modernizing transportation infrastructure new highways bridges railways connect cities regions efficiently boosting trade travel within empire 1953 imperial academy arts sciences established promote research innovation various fields including science technology culture becomes hub intellectuals scholars 12th june 1954 june 12th pacifican empire officially forms imperial space agency isa enter space race government allocates substantial funding resources isas ambitious space exploration programs 1955 communist rebellion india threatens regional stability response pacifican american british forces collaborate provide support indian government helping quell rebellion maintain control region 2nd december pacifican healthcare system undergoes significant improvements establishment stateoftheart medical facilities expansion healthcare coverage citizens life expectancy overall health outcomes show notable improvements 1957 pacifican empire achieves significant milestone space endeavors imperial space agency successfully launches first satellite pacifica 1 orbit achievement celebrated testament empires technological prowess pacifican government continues support promote traditional arts cultural heritage fostering sense national pride identity among citizens blue global defense initiative formed 1947 united states united kingdom indian republic canada red moscow pact comintern orange soviet puppet states dark red asian defense pact formed pacifican empire japan korean republic republic china southern sakhalin state grey greater axis reformed axis light grey puppet statesterritories lime neutral league rebellions represented map,negative,4,1708247910.0,-1
Algeria,Algeria foreign investment,two sessions 2024 two sessions took place past month beijing central venue formulation countrys policies overall direction year national peoples congress session began governments 2023 management report 2023 goals presented premier li qiang concept new quality productive forces center sessions national peoples congress npc chinese peoples political consultative conference cppcc idea proposed xi jinping last year refers productivity led innovation free traditional mode economic growth efforts direction never confused financial bubbles avoided also refrain following onesizefitsall model xi jinping said meeting jiangsu provincial delegation start two sessions leaders mention bubbles read reference real estate sector end 2017 stated houses living speculation moment lending sector began fall 2020 china instituted three red lines policy policy designed reduce level indebtedness companies sector three red lines caps companies ratio debttocash equity assets promotes sustainable growth sector data chinas central bank 2023s third quarter shows yearonyear increase 30 bank loans industry overall real estate sector however received increase less 5 contrast previous decades comparison previous five years bank loans real estate sector continued grow chinese government changed investment strategy allocating investment industrial production less speculative sectors real estate ways last years two sessions prioritized similar idea term high quality development however use productive forces classic concept marxism may reflecting debate ideological changes within cpc npa session also approved new organic law state council amended since 1982 state council remains highest administrative body npc highest organ power change also included president peoples bank china member state council hong kong passes national security law decades making hong kongs article 23 security law comes effect article part special administrative regions basic law miniconstitution required terms return hong kong britain china 27 years ago first attempt legislate article 23 failed 2003 face massive protests people hong kong feared legislation would harm rights freedoms 2020 beijing implemented first national security law addressed four main crimes secession subversion terrorism collusion foreign forces since 291 arrests made threatening national security 174 individuals five companies charged 112 people already convicted awaiting sentencing john lee kachiu executive chief hong kong lawmakers celebrates security law approval chen yongnuochina news service new local law adds crimes treason insurrection theft state secrets espionage sabotage endangering national security external interference contrary western criticisms new penalties largely line major common law jurisdictions including us uk australia canada singapore new zealand contrast 2003 law 53 support 98 population agrees legislation groups journalists associations expressed concern broad nature definitions included law external forces state secret sedition among first consequences radio free asia founded cia leave hong kong offices based chinas geopolitical vision 2024 sidelines two sessions wang yi minister foreign affairs member politburo cpc central committee gave press conference covering topics south china sea chinas relationship different countries blocs genocide people gaza crisis ukraine expansion brics among geopolitical issues wang yi reaffirmed china always member global south highlighting growing importance noting share global south world economy currently 40 figure 19 1990 global south ceased silent majority become crucial force reform international order hope world unprecedented changes century chinese foreign minister said increasing technological restrictions imposed us chinese industry yi acknowledged since meeting xi biden san francisco california last year relations improved stressed us continues misperceptions china effectively fulfilled commitments repressive measures china applied one another list unilateral sanctions increasing false accusations completely absurd said probably referring among others allegations forced labor xinjiang us banned imports cotton tomatoes region us always says one thing another credibility great country us wants preserve prosperity allow fair development others international justice asked chinaafrica relationship moves towards industrialization mineral development within framework forum chinaafrica cooperation focac established 2000 china pledged work africa overcome obstacles development infrastructure deficits training skilled workers lack financing momentum generated thousands chinese companies set shop africa bringing thousands chinese migrant workers reaching record 263000 across continent 2015 peak also coincided pinnacle chinese investment africa end 2021 official number chinese workers africa plummeted 93000 mainly due decline funding infrastructure projects effects pandemic chinese companies increasingly hire local workers many trained chinese migrants according data john hopkins universitys chinaafrica research initiative 2022 number reached new low 88371 2022 top five countries chinese workers democratic republic congo drc algeria egypt nigeria angola accounted 42 chinese workers africa algeria angola almost 90 number registered chinese workers left include informal migrants private traders investors financial services workers despite decline infrastructure projects presence chinese workers continent trade ties far cooling rather taking different direction oriented towards industrialization extraction natural resources minerals based explicit request african countries last years chinaafrica forum years ago due inadequate infrastructure companies interested example iron ore first build ports roads able start production wests failed attempts support africas development belt road initiative investments key building infrastructure roads ports airports railroads contrary continental trend egypt drc seen increase chinese workers recent years precisely bilateral projects countries involve infrastructure egypt chinese companies developing massive projects suez canal new administrative capital cairo mining focus drc midmarch angolan president joao lourenco visited china talks focused deepening cooperation core areas energy mining china moves ever closer palestinian cause china continues increase support palestinian cause asserting palestinians right armed resistance international court justice last month two sessions meeting foreign minister wang yi reaffirmed chinas position support creation independent state palestine full palestinian membership un establishment peace conference set agenda twostate solution march 22 china russia vetoed resolution calling permanent ceasefire un security council chinese ambassador zhang jun criticized text proposed united states consistently vetoed similar proposals clearly stating opposition planned israeli military operation rafah three days later another resolution calling immediate nonpermanent ceasefire period ramadan finally approved proposal drafted 10 nonpermanent members security council approved 14 members china russia playing key role united states abstained explicitly condemn hamas ismail haniyas meeting wang kejian telegrammehamas movement official midmarch chinese foreign ministry ambassador wang kejian met hamas political bureau chairman ismail haniya qatar hamas stated meeting china unlike united states european countries recognizes legitimate part palestinian fabric finally yemeni ansar allah houthis israeli attacks gaza strip began prevent movement commercial ships red sea announced allow german russian chinese ships bound israel pass mohammed albahiti member ansar allah politburo said chinese russian ships targeted target chinaaustralia relations warming chinas australian coal imports increased 3188 yearonyear reaching us134 billion first two months 2024 zero january 2023 thus australia chinas main coal supplier displacing russia whose share fell almost half 22 january february australia accounted 24 total coal imports 2019 reached 60 2022 australias market share fallen 15 trade restrictions resulting increased tensions two countries following prime minister anthony albaneses election victory sought improve relations china removed tariffs australian barley last year resumed coal imports february last year purchases import tariffs countries members asiapacific free trade pact chinas lithium battery exports australia soared 90 yearonyear us958 million australias wine imports slowly recovering reaching 06 share first two months year far cry 37 reached 2019 beijing imposed tariffs 218 australian wine march 2021 first visit seven years canberra chinese foreign minister wang yi met counterpart penny wong announced wine import restrictions currently review officials announced premier li qiang visit australia china oversupply steel brazil mexico launch antidumping investigation chinas steel exports reached eightyear high first two months year increased 326 159 million tons steel exports 2024 could even surpass last year reached sevenyear high 90 million tons china produces around 55 worlds steel time countries mexico brazil vietnam thailand launched various antidumping investigations chinese exports dumping practice selling product cost order eliminate competition take market mexico particular acting pressure united states terms sanctions china already august last year mexico imposed tariffs 5 25 imports hundreds products countries free trade agreement china one affected countries mexican ministry economy imposed provisional countervailing duty 31 chinese producers steel nails tariffs 3 12 steel balls imported china concluding another antidumping investigation vcg brazil hand initiated least six investigations request domestic manufacturers alleged 2022 2023 imports certain types carbon steel plate china increased almost 85 brazilian steelmakers asked government impose tariffs 96 25 imported steel products chinas total steel iron imports increased us16 billion 2014 us27 billion last year remains seen massive increase chinas steel exports affect relationship global south producers china issues ultralong term bonds new housing model top objective 2024 focuses heavily stateprovided affordable housing new strategy announced meeting presided president xi jinping december state would take larger portion real estate market years dominated private sector premier li qiang announced issuance ultralong term bonds 1 trillion yuan us139 billion pointing intensification government spending support scientific technological innovation integrated urbanrural development food energy security measure along new real estate model aims offset stepbacks sector recent years unclear whether funds much might transferred directly local governments amid growing debt pressure facing caused drop land sales ultralong term bonds novelty china massive issuance happened three times past recapitalize four largest stateowned banks 1998 asian financial crisis create sovereign wealth fund china investment corporation 2007 finance pandemicrelated fiscal support 2020 gala 315 tv show exposes scams false advertising brands companies every march 15 stateowned cctv broadcasted gala 315 world consumer rights day program presents undercover investigations various cases irregularities false advertising scams year complaints included company selling defective fire extinguishers food products prepared pork cuts without processing required regulations liquor issued false advertising claiming could cure erectile dysfunction even dating app scammed users clip 315 gala showing seller stating afraid investigated 315 hand day march 15 shanghai consumer council launched investigation products sold streamers claimed healthy low fat sugar sodium high protein 100 streamers investigated 83 claimed sell sugarfree products half products actually contained high levels sugar according report streamers evaluated received average score 544 10 wechat countrys widely used app ranked lowest among apps score 180 pointing serious deficiency consumer rights protection,positive,3,1712953476.0,1
Algeria,Algeria foreign investment,seems like maybe exceptions tunisia lebanon arab countries stable positive outlook monarchies namely gulf monarchies morocco jordan compare morocco neighbour algeria algeria might wealthier due oil leadership totally corrupt incapable providing vision country algerian purchasing power declining steadily years yet doesnt seem movement towards diversifying algerian economy away oil mention country almost completely closed foreign investment contrast even fewer resources moroccan government appears much investments clean energy infrastructure education incentives attract foreign capital among things great international applause compare jordan syria dont think anything needs said gulf monarchies course wealthy due oil gas cant whole story iraq libya algeria oil yet far less developed course poster boy arab republics egypt whose experiment republicanism lets frank abject failure state affairs arab republics opposed arab monarchies made wrong bet cold war continue pay monarchs tend actually care wellbeing country moreso military men traditionally helm arab republics,positive,31,1517810846.0,1
Algeria,Algeria foreign investment,welcome ralgeriabusinesshub discover gateway algerias commerce whether youre established business professional entrepreneur foreign investor academic eyeing opportunities within algeria community ralgeriabusinesshub vibrant space designed foster discussions share insights connect individuals passionate algerian business landscape offer expert discussions engage business leaders local experts seasoned investors discussions algerian market dynamics investment opportunities regulatory environment networking opportunities connect likeminded professionals potential business partners mentors within algerian business ecosystem resource sharing access curated collection resources including market analyses investment guides case studies regulatory updates navigate algerian business environment effectively investor insights foreigners looking invest algeria find firsthand accounts legal advice partnership opportunities make informed investment decisions join local algerian entrepreneurs seeking growth opportunities partnerships international investors considering algeria next investment destination business professionals wishing expand network within algeria academics researchers interested economic social technological development algeria looking share insights find collaborative research opportunities engineers technical experts exploring innovative projects technological advancements sustainable solutions within algerian market experts various fields considering partnerships wanting offer expertise contribute growth diversification algerian economy anyone curious business climate opportunities algeria joining ralgeriabusinesshub first step towards becoming part community thats forefront shaping future business algeria whether youre looking invest find partners simply learn algerian market place together lets drive success foster partnerships contribute flourishing algerian economy user flairs 1 entrepreneur running looking start business algeria 2 investor individuals interested investing algerian companies projects 3 business professional members expertise business operations management administration 4 academicresearcher involved scholarly research academic studies related algerian economic business technological fields 5 engineertechnologist professionals engineering tech innovation sectors 6 legalregulatory expert members offer insights algerian business laws regulations compliance 7 financial advisor experts finance banking investment strategies 8 market analyst specialize market research trends analysis 9 startup enthusiast members passionate startups new business ventures algeria 10 international partner foreign members looking business partnerships opportunities algeria ralgeriabusinesshub posting guidelines 1 ensure relevance posts directly related business investment economic activities within algeria involving algerian entities content provide value community members interested topics 2 use descriptive titles titles accurately reflect content post avoid vague titles instead specific informative help members understand post clicking 3 flair posts posting please select appropriate flair post helps organizing subreddit makes easier members find relevant content refer list available flairs 4 spam selfpromotion encourage sharing resources services benefit community blatant selfpromotion spam removed youre unsure whether post might considered spam contact mods first 5 search posting keep discussions fresh avoid repetition please search subreddit see topic already covered duplicate posts may removed keep content diverse 6 respect privacy confidentiality share personal information confidential business details anything could compromise privacy security always practice discretion respect everyones privacy 7 quality quantity aim posts stimulate discussion offer insights share valuable information loweffort posts memes oneliner questions might better suited weekly discussion threads available 8 illegal activities discussions promoting involving illegal activities including limited fraud piracy sanctions evasion strictly prohibited result ban 9 cite sources youre sharing news reports information external sources provide link citation helps verify information allows members explore topic 10 engage constructively encourage healthy discussions provide constructive feedback share knowledge experiences disagreements lead growth always approach respect understanding 11 follow reddits content policy posts comments must comply reddits sitewide rules 12 report violations help us maintain quality subreddit reporting posts violate guidelines subreddit rules moderation team reserves right remove posts comments adhere guidelines overall spirit subreddit guidelines subject change community evolves post flairs 1 opportunity alert posts sharing specific business investment opportunities algeria 2 question inquiries members seek advice information community 3 discussion general discussions topics related algerian business 4 news update sharing latest news impacting algerian business landscape 5 resource informative posts offering guides tools studies resources beneficial business algeria 6 event announcement posting upcoming business events webinars meetups interest community 7 experience share members share personal stories case studies lessons learned algerian business environment 8 legalregulatory updates questions algerian business laws regulations compliance issues 9 technology innovation news discussions questions tech advancements innovative projects algeria 10 partnership seeking posts members actively looking business partners collaborations networking opportunities implementing flairs help streamline navigation make easier members find content matches interests expertise thereby enhancing overall community experience please read subreddit rules posting strive maintain respectful professional environment members,positive,0,1712224015.0,1
Algeria,Algeria foreign investment,rise fall president khaled sidi disclaimer story names characters incidents portrayed production fictitious identification actual persons living deceased places buildings products intended inferred im kidding taste power july 21 2025 streets country karthagia filled chaos tension massive demonstrations erupted civilians activists called overthrow north african president khalil sidi elected 2019 taken advantage covid crisis abolish democracy two years later established regime image would accountable one locking opponents deporting migrants intimidating judiciary 2021 sole leader country parliament justice system political parties austere leader originally academic lawyer came power 2019 winning presidential election landslide wealthy businessman accused corruption time many hoped election man legal experience guarantee probity would bring positive change country first years presidency seemed case khalil sidi promised participatory democracy stronger economy social state improved human rights less corruption gained popularity khartagian people saw beacon hope nation time sidi began show true colors began decision grant full powers 2021 citing need stronger leadership ongoing pandemic republic day carried order 66 plainclothes soldiers set fire offices main opposition party advice egyptian intelligence officers ordered security forces lynch prime minister force sign letter resignation ink yet dried announced national television seizing powers response alleged imminent peril civil war threatening country immediately dismissed members government froze activities parliament claiming hampering urgent political decisions needed taken sunset sent tanks parliament closed notice month later suspended freedom expression presidential decree many saw clear coup détat flagrant abuse power man trusted things took even alarming turn 2022 sidi abrogated countrys democratic constitution suspended since 2021 replaced new tailormade one new constitution gave even power bringing remained countrys institutions heel accountable one decision sparked outrage protests ran counter secular principles country founded three months proclamation new constitution islamist opponents arrested six months later turn centrists four months later turn nationalists prisons became killing centers political prisoners deprived medical treatment declared dead one two months later subsaharan migrants rounded massive scale women children brutalized abducted abandoned border republic cyrenaica tatawana desert without food water phantom election situation came head sidi rigged 2024 elections officially reelected 99 vote political rivals last month presidential campaign tried run ended prison last opponent arrested former education minister hajji haloul arrested three days announcing intention run international opinion satisfied president new puppet parliament bassam aboubala announced candidacy last minute even though week earlier announced radio unwavering support regime refusal alternative president sidi chosen people god save humanity situation could longer allowed continue country embroiled major economic crisis worsened one freedom another disappeared prices soared unemployment soared people struggled make ends meet foodstuffs longer available power water cuts became weekly occurrence president sidi accusing speculators zionists behind shortages months reality much darker regime voluntarily reduced imports agricultural products suspended investment production drinking water electricity order pay salaries army police well certain personal expenses felt important countrys future increased salary used state coffers shower family beloved wife gifts since already staying presidential palace free charge enjoying benefits power veritable family mafia thus unlimited access public treasury average citizen left without milk baby spark final straw came opposition drug crisis july 21 2025 death kasfa mother 5 cancer could treated due drug crisis caused national scandal old video deceased woman expressed indignation unavailability cancer treatment resurfaced went viral internet demonstrations began day kafsouan hometown deceased spreading rest country first demonstration worry authorities little little indignation turned revolt rallies intensified mainly demonstrators shared deceaseds suffering shortages lack prospects authorities contempt population july 22 president sidi travelled kafsouan offer condolences family speech accusing speculators behind shortage medicines failed convince anyone twixxer social network calls government resign multiplying front de la sauvegarde nationale announced support spontaneous demonstrations main leaders movements arrested following day two days later outskirts capital hit first demonstration police tried disperse tear gas situation degenerated several officers demonstrators injured number people arrested crowd movement tenyearold child injured police charge died head trauma blaze july 25 president sidi dismissed minister health made public statement national television calm tempers declared situation control protests led foreign agents hiding among demonstrators following day revolt resumed greater violence spread several towns outskirts capital demonstrators set fire police station killing policeman flames police used live ammunition disperse demonstrators around burning building injuring several people including one hospitalized died wounds following day police claimed fired selfdefence armed demonstrators july 27 president sidi took stage announced merciless war national jihad traitors agents foreigners apostates denied religion homeland joining demonstrators quoted prophetic hadith announced fitna worse murder order would restored matter cost announced country would cleansed traitors corruptors district district house house concluded promising river blood enemies nation justice religion evening regime declared nationwide curfew speech shocked international opinion france united states declare deeply concerned situation country next day countrys main trade union announced support demonstrations police immediately arrested three union leaders response trade union federation stepped calls demonstrations revolt reached capitals city center july 29 1200 demonstrators calling resignation president republic evening almost 100 lawyers close front de sauvegarde nationale national safeguard front demonstrate front palace justice demand release political opponents meeting dispersed police nearly 50 people arrested nearly 30 injured following day parti constitutionnaliste libre organized demonstration front womens prison demand release party president amel moussa incarcerated trumpedup charges information right evening president sidi attacked foreign tv channels calling devils channels service zionist entity imperialism accused broadcasting false allegations wanting provoke chaos disorder foreign channels became inaccessible access social networking sites twixxer homebook cut evening internet also cut several hours night response elon tusk offered provide population starlink internet access service following day president sidi dismissed three different ministers left minister interior untouched also dismissed several governors announced appointment temporary military governors appointed proposal minister defense victory total new york times announced day fall president sidis regime inevitable particular newspaper compares current events fall supreme guide arab republic cyrenaica mohsen ghadafa 2012 al jazeera revolution logical consequence economic situation political choices president described mad dictator close egyptian military regime turkish newspaper ran caricature president sidi portraying hitler usbased opponent compares interview autistic lex luthor intoxicated power ready anything keep throne august 2 lawyers cabs teachers called general strike august 3 architect commits suicide sawsa clashes demonstrators police became increasingly deadly day 20 civilians shot dead jendoux two policemen seriously wounded police demonstrators blame violence new report trade union official puts death toll least 70 staff hospital capital officially protesting high number casualties lack medical equipment infections wounds common number deaths demonstrators hospital continues rise capital students demonstrate outside capitals main university police lay siege university brutal police assault filmed hundreds students entrenched administration buildings several dozen people seriously injured people want regime fall next day stores set fire demonstrators chanted people dont want shortages people want regime fall president sidi took stage evening denounce demonstrators likened horde foreigners migrants drug addicts traffickers criminals zionists traitors accused destroying property raping women burning innocent people alive sidi calls rest population listen deceitful voice devil follow example pious companions prophet always shown wisdom loyalty truth minutes presidents speech riots broke suburbs capital south country first time rioters attempted set fire military building turned back fired upon similar scenes army recorded several regions country south country terrorist slit throat officer north demonstrators lynched soldier outside military barracks capital demonstration brought together 50000 citizens slogans systematically call fall regime cries get sidi people want sidi prime minister maher hassani announced dismissal interior minister khaled fathi release political opponents bid quell revolt however ransacking businesses became systematic demonstrations young people capital suspected military behind looting began organize militias violence continuing president sidi announced august 6 would standing reelection new constitution sufficient bring peace prosperity country sidi also ordered police stop shooting demonstrators announced repeal decree limiting freedom expression forthcoming restoration internet sites day army deployed capital despite new clashes broke heart capital quelled police using tear gas end afternoon former president momen mazkouli taken refuge paris announced fall regime matter days evening amel moussa released immediately hospitalized unable walk minutes following day president sidi announced would leave power end term legitimacy granted people history god afternoon young demonstrator shot dead heart capital unrest broke seaside resort luxury residence belonging president sidis sisterinlaw set fire next day first fire broke northern district capital half hour later second fire broke little south throughout morning regular intervals new fire broke time little south capital sank climate unbearable violence demonstrations looting increased evening president sidi announces early legislative elections within six months seriously considers dismissing government also cancelled official trip egypt scheduled following day day country wildest rumors circulating common security forces attacking neighborhoods particularly residential ones order discredit demonstrations rumors claim egyptian undercover agents regularly planting firebombs justify regimes violent repression hand presidents supporters claim turkey qatar involved violence order bring regime change neighborhoods residents getting organized barricades set entrances main streets night patrols carried august 9 thousands students went occupy parliament army blocked way fall pharaoh evening august 10 general advised president sidi resign president sidi refused 400 pm august 11 population took streets massive demonstrations army decided intervene swift coordinated operation military troops stormed presidential palace three tanks mobilized shots fired gates opened without forced 1000 pm prime minister maher hassani announced death president television circumstances remain unclear president sidi killed exchange fire army last supporters presidential guard refused surrender prime minister hassani announced would assume interim presidency early presidential elections also announced temporary return 2014 constitution arrest last minister justice hala jaafar last two ministers interior tarek sharafudin khaled fathi high treason undermining state security abuse power murder offences countrys diplomatic services also contact international criminal court transfer khaled fathi hague tribunal crimes humanity presidents sisterinlaw arrested army morning presidents wife children nowhere found fled overnight car algeria flew cairo sought asylum never see country aftermath despite leader transitional government interim president hassani seems determined remain president first unsure whether would seek full presidential term announced parliamentary elections within six months hassani began lose support army due lack dynamism total absence charisma poise nevertheless malleability kept office demonstrators reduced intensity terms violence persisted time time several weeks president hassani forced abandon idea standing election following revelation financial scandal accused used former position responsibility within central bank finance election campaign team new parliament elected islamist party defeated amal moussas parti constitutionnaliste de libre centrist party created arbi chechaoui parti démocrate libre amel moussa arbi chechaoui elected deputies announced intention run next presidential elections parliamentary session hassani gave speech deputies began voting whether accept reject speech habibie tried win support military offering vicepresidency army general offer declined speech rejected majority hassani tendered resignation vicepresident bassam aboubala succeeded interim president parliament appointed new transitional president dust settled country began recover events truth former president sidis reign came light revealed siphoned government funds lining pockets people suffered academic legal training façade means gaining peoples trust prepared ascent absolute power help egyptian algerian intelligence new transitional government worked tirelessly restore order democratic processes sense hope instilled hearts population former president sidis accomplices including former ministers brought justice country began long road recovery wounds dictatorship never heal completely people never forget lesson theyve learned always question power never let guard face manipulation deception end,negative,5,1705272239.0,-1
Algeria,Algeria foreign investment,lets look countries banned restricted use cryptocurrencies nepal nepal rastra bank declared bitcoin illegal august 2017 china ever since advent digital currencies china cracked cryptocurrencies quite brutal restrictions deal crypto giants like bitcoin china even introduced centrallyregulated digital currency called digital renminbi rmb government also cracked mining bitcoins country said bitcoin essentially banned china vietnam issuance supply use bitcoin cryptos illegal means payment subject punishment fines ranging 150 million vnd 5600 200 million vnd 7445 per state bank vietnam however government doesnt ban bitcoin trading holding assets colombia country financial institutions allowed facilitate bitcoin transactions earlier 2014 superintendencia financiera warned financial institutions may protect invest broker manage virtual money operations russia bitcoin regulated russia use payment goods services also illegal ecuador bitcoin cryptocurrencies banned ecuador majority vote national assembly bolivia government nation put complete ban currency undergo regulatory radar bolivias economic system since 2014 bolivian government took decision citing possibilities various ponzi schemes criminal activities algeria country currently prohibits use cryptocurrency following passing financial law 2018 made illegal buy sell use hold virtual currencies egypt 2018 egypts dar alifta countrys primary islamic advisory body issued religious decree classifying bitcoin transactions haram something prohibited islamic law hence adhering advisory country considers cryptocurrency transaction haram indonesia 1 january 2018 bank indonesia countrys central bank issued new regulations banning use cryptocurrencies including bitcoin means payment edit thanks ujhonshelby suggesting morocco ulopsidedsignature87 suggesting turkey also added countries missed researching morocco morocco banned bitcoin cryptocurrency transactions since november 20 2017 turkey many turkey turned cryptocurrency turkish lira plummeted value highest levels use anywhere globally arrival regulations swift year inflation peaked april 16 april 2021 central bank republic turkey issued regulation banning use cryptocurrencies including bitcoin following day turkish president recep tayyip erdoğan went issued decree crypto exchanges list firms subject antimoney laundering terrorism financing rules bangladesh central bank bangladesh allow cryptotrading goes countrys financial regulations money laundering prevention act trading foreign currencies decentralized found trading cryptocurrencies crypto traders face years imprisonment nation nigeria nigeria imposed crypto ban february 2021 largest cryptocurrency market africa banned banks financial institutions providing offramp crypto services since 2017 addition announcement even threatened close bank accounts found using cryptocurrency exchanges qatar qatar warned banks trading cryptocurrencies 2018 government asked banks deal bitcoin exchange another currency open account deal send receive money transfers buy sell currency caught told would face penalties edit2 would add nigeria please read umasonpotatoes comment,negative,10,1637840882.0,-1
Algeria,Algeria foreign investment,friend mine saw recent portuguese teasers asked please post critique end post able see bibliography used outside moderate glaring albeit easily correctable mistakes misspelling luanda written loanda caçadores written cacadores would instead translate people shit alongside assume wrong translation estatuto indígena indigene law much better translation either status natives law natives theres need maintain law potion portions leak wrong could warrant changes ease understanding list expand issues diamang would exist krtl capacity otl possibly upa would form late 50s best bakongo ovimbundu native group state try keep supportive regime lack significant settlement angola makes angolan colonists faction extremely implausible begin one easiest explain diamang possibly reworked status portugal unclear best use salazarera labour conscription leads reader conclusion much akin otl salazar also control state period time possibly implemented economic reforms led extreme growth company angola however two major flaws line reasoning first one diamang really began taking role notoriety state around early 1920s pema pesquisa de explorações de minerais em angola found large funding foreign capital namely belgian able run capacity krtl impossible belgium firmly german sphere congo longer making possible investments region difficult best also fact otl portugal always extremely cautious allowing foreign investment african holdings extremely weary attempt subvert control overseas provinces krtl german african empire grows would hostility towards german german adjacent investments likely outcome pema companhia de pesquisa mineira de angola instead becomes larger diamond mining company region likely never reaching level exploitationcontrol diamang otl state would instead either give cuf ownership mining rights distribute various companies bid maintain support elites second issue comes diamang becoming powerful general northern diamond industry becoming relevant border german africa otl portugal ability collaborate extensively belgians exploitation regions natural resources would never able krtl reasons mentioned leading profits slumping never rivalling coffee industry dominated economy province independence alternative diamang imo thus something like cuf playing diamond trade never caught state turn forced conduct industrialisation efforts 60s much earlier 30s 40s second easiest go angolan colonists thus begin moving extensive topic portuguese collaboration opposition portuguese african territories never settler colonies like rhodesia kenya algeria like french counterparts always much integrated political workings state migration region never encouraged adequately state began earnest 50s decreasing significantly late 60s turn makes political relevance colonist class region nearly nonexistent would lack numbers mostly often workers sent companies conduct business area alternative could possibly office generalgovernor one would regularly act fight government various matters conversely isnt option taken perhaps generic economic elite could picked reflect something similar generally lessorganized group meat issue upa lacklustre representation bakongo centuries power base portuguese angola north within region kingdom kongo much power projection coming kingdom would somewhat defacto stop thing establishment republic would remain entity even kings still major allies sources power portuguese project power rest colony region first one rebel also one easily split matters side portuguese policies favouritism made many unsure theyd truly better without portuguese around resulted move towards independence region instead angola whole becoming accepted approach many bakongo independence groups begin explanation need go back first world war start conscription african soldiers angola fight alongside ones mainland due unwillingness introduce conscription nation series treaties signed berlin conference portuguese government would conscript african soldiers fight african theatre angolan ones coming nearly exclusively congonorthern angolan region would turn result 1913 1915 insurrections region portuguese resulting general change perspective towards natives portuguese handling always relied local catholic kings rulers could command authority portuguese local government saw conscription aided sign needed double practices maintain loyalty local leaders africa especially congo region clearly shown dangerous one thanks generally larger organisation prosperity pedro vi vii clearly showed success portuguese maintained loyal subsequently allowed increasingly harsh policies enacted local administrators region 1955 however death pedro vii things would change group portuguese bakongo diaspora belgium congo would begin organising movement oppose portuguese backed kings reestablish independent kongo kingdom would become upna uniao das populações norte de angola organisation inherently nationalistic wanted unification bakongo people angola belgium congo control king kongo regularly fought antónio iii portuguese backed ever look achieve total independence angola state fact organisation would never wholly embrace total liberation angola later name upa uniao das populações norte de angola would imply simply done pr move african leaders advised upna leadership remove regionalism name would imply tribalism turn hurt international support reality upa subsequently fnla overwhelmingly prokongolese independence seldom members outside northern regions territory even aim much outside though translation upna upa group also abandoned idea kingdom believing adopting republicanism would also receive international backing something would hurt incredibly would cause dissent form ngwizako conclusion thus simple upa used organisation represent antiportuguese movement angola far early become prominent also represent nation whole would never able become prominent antiportuguese organisation region thanks incredibly important role congo region portuguese administration relatively suitable replacement would lna liga nacional africana possible leadership ilído tomé alves machado slightly obscure albeit important figure josé diogo ventura second issue use ovimbundu base support portuguese wish maintain appeal former point elaborate issues bakongo people instead ones state appeal biography história de angola douglas wheeler rené pélissier crepúsculo colonialismo diplomacia estado novo 19491961 bernardo futscher pereira fim império português antónio costa pinto angola desde antes da sua criação pelos portugueses até ao êxodo destes por nossa criação volume iii carlos mariano manuel,positive,58,1684096634.0,1
Algeria,Algeria foreign investment,authored james rickards via dailyreckoningcom aug 22 2½ months today significant development international finance since 1971 unveiled involves rollout major new currency could weaken role dollar global payments ultimately displace us dollar leading payment currency reserve currency could happen years process happen unprecedented world unprepared geopolitical shock wave monetary shock delivered group called brics acronym brics stands brazil russia india china south africa play global reserve currency status brics affect world trade direct foreign investment investor portfolios dramatic unforeseen ways important development brics system concerns expansion brics membership led informal adoption name brics expanded organization currently eight nations formally applied membership 17 others expressed interest joining eight formal applicants algeria argentina bahrain egypt indonesia iran saudi arabia united arab emirates 17 countries expressed interest afghanistan bangladesh belarus kazakhstan mexico nicaragua nigeria pakistan senegal sudan syria thailand tunisia turkey uruguay venezuela zimbabwe theres list increasing headcount future brics meetings saudi arabia russia members two three largest energy producers world one tent us member energy big three russia china brazil india members four seven largest countries world measured landmass possessing 30 earths dry surface related natural resources almost 50 worlds wheat rice production well 15 worlds gold reserves brics meanwhile china india brazil russia four nine highestpopulation countries planet combined population 32 billion people 40 earths population china india brazil russia saudi arabia combined gdp 29 trillion 28 nominal global gdp one uses purchasing power parity measure gdp brics share 54 russia china two three largest nuclear arsenals world leader united states every measure population landmass energy output gdp food output nuclear weapons brics another multilateral debating society substantial credible alternative western hegemony brics acting together one pole new multipolar even bipolar world new currency launch announced august currency fall empty field fall sophisticated network capital communications network greatly enhance chances success brics also developing optical fiber submarine telecommunications system would connect members developed name brics cable part motivation brics cable foil spying us national security agency message traffic carried existing cable networks whats behind quest ditch dollar small part answer us weaponization dollar use sanctions numerous occasions 20072014 warned us officials treasury pentagon intelligence community overuse abuse dollar sanctions would lead adversaries abandon dollar avoid impact sanctions abandonment would lead diluted potency sanctions unforeseen costs imposed us eventually collapse confidence dollar warnings mostly ignored reached first second stages forecast dangerously close third years us used sanctions punish nations like iran sanctions us allies imposed russia invaded ukraine last year went far beyond previous sanctions regimes unprecedented many nations began conclude could next run afoul us certain issues fear greatly accelerated push opt dollar system entirely desire limited current targets russia shared potential targets including china iran turkey saudi arabia argentina many others brics present realistic effort dedollarize global payments eventually global reserves years ive argued dollar would remain worlds leading reserve currency longer people think show new brics currency could greatly accelerate demise dollar worlds leading reserve currency could happen much faster previously thought read coming shock global monetary system global desire move away dollar medium exchange international trade goods services hardly new difference today gone discussion point novelty looming reality remarkably short period time dubai china recently concluded arrangement whereby dubai accept chinese yuan payment oil exports dubai turn dubai use yuan buy semiconductors manufactured goods china saudi arabia china discussing similar oilforyuan arrangements nothing definitive yet put place discussions made complicated saudi arabias longstanding petrodollar deal us still progress along lines widely expected china brazil recently reached broadbased bilateral currency deal country accepts currency trade meanwhile theres growing strategic relationship china russia two superpowers jointly confront united states trading relationship two nations russia pay rubles chinese manufactured goods exports china pays yuan russian energy strategic metals weapons systems yet arrangements may soon superseded new brics currency announced durban south africa annual brics leaders summit conference aug 2224 currency pegged basket commodities use trade among members initially brics commodity basket would include oil wheat copper essential goods traded globally specified quantities likelihood new brics currency would available form paper notes use everyday transactions would digital currency permissioned ledger maintained new brics financial institution encrypted message traffic record payments due owing participating parties cryptocurrency decentralized maintained blockchain open parties without approval latest information brics working groups basket valuation methodology encountering problems john maynard keynes encountered bretton woods meetings 1944 keynes initially suggested basket commodities approach world currency called bancor difficulty global commodities included basket entirely fungible 70 grades crude oil distinguished viscosity sulfur content among attributes end keynes saw basket commodities necessary single commodity gold would better serve purpose anchoring currency reasons convenience uniformity based impracticality commodity baskets uniform stores value appears likely new brics currency linked weight gold plays strengths brics members russia china two largest gold producers world ranked sixth seventh respectively among 100 nations gold reserves related developments frequently touted end dollar reserve currency comments reveal lack understanding international monetary currency systems actually work key mistake almost analyses failure distinguish respective roles payment currency reserve currency payment currencies used trade goods services nations trade whatever payment currency want doesnt dollars reserve currencies socalled different theyre essentially savings accounts sovereign nations earned trade surpluses balances held currency form form securities analysts say dollar leading reserve currency actually mean countries hold reserves securities denominated specific currency 60 global reserves holdings us treasury securities denominated dollars reserves actually dollars theyre securities result cannot reserve currency without large welldeveloped sovereign bond market country world comes close us treasury market terms size variety maturities liquidity settlement derivatives necessary features real impediment another currency reserve currency absence bond market reserves actually invested thats difficult displace treasuries reserve assets even wanted country world come close us regard heres gets interesting dollar could lose leading reserve status much faster previously thought thats brics currency offers opportunity leapfrog treasury market create deep liquid bond market could challenge treasuries world stage almost thin air key create brics currency bond market 20 countries relying retail investors country buy bonds brics bonds would offered banks postal offices retail outlets would denominated brics currency investors could purchase local currency marketbased exchange rates since currency gold backed would offer attractive store value compared inflation defaultprone local instruments countries like brazil argentina chinese particular would find investments attractive since largely banned foreign markets overinvested real estate domestic stocks take time market appeal institutional investors sheer volume retail investing bricsdenominated instruments india china brazil russia countries time could absorb surpluses generated world trade brics currency short way create instant reserve currency create instant bond market using citizens willing buyers us something similar 1917 17901917 us bond market professionals retail market changed world war woodrow wilson authorized liberty bonds help finance war bond rallies liberty bond parades every major city became patriotic duty buy liberty bonds effort worked also transformed finance beginning world everyday americans began buy stocks bonds securities retail investors brics use kind liberty bond patriotic model may well able create international reserve assets denominated brics currency even absence developed market support entire turn events introduction new goldbacked currency rapid adoption payment currency gradual use reserve asset currency begin aug 22 2023 years development except direct participants world mostly ignored prospect result upheaval international monetary system coming matter weeks,positive,54,1686277979.0,1
Algeria,Algeria foreign investment,rise fall president khaled sidi disclaimer story names characters incidents portrayed production fictitious identification actual persons living deceased places buildings products intended inferred im kidding taste power july 21 2025 streets country karthagia filled chaos tension massive demonstrations erupted civilians activists called overthrow north african president khalil sidi elected 2019 taken advantage covid crisis abolish democracy two years later established regime image would accountable one locking opponents deporting migrants intimidating judiciary 2021 sole leader country parliament justice system political parties austere leader originally academic lawyer came power 2019 winning presidential election landslide wealthy businessman accused corruption time many hoped election man legal experience guarantee probity would bring positive change country first years presidency seemed case khalil sidi promised participatory democracy stronger economy social state improved human rights less corruption gained popularity khartagian people saw beacon hope nation time sidi began show true colors began decision grant full powers 2021 citing need stronger leadership ongoing pandemic republic day carried order 66 plainclothes soldiers set fire offices main opposition party advice egyptian intelligence officers ordered security forces lynch prime minister force sign letter resignation ink yet dried announced national television seizing powers response alleged imminent peril civil war threatening country immediately dismissed members government froze activities parliament claiming hampering urgent political decisions needed taken sunset sent tanks parliament closed notice month later suspended freedom expression presidential decree many saw clear coup détat flagrant abuse power man trusted things took even alarming turn 2022 sidi abrogated countrys democratic constitution suspended since 2021 replaced new tailormade one new constitution gave even power bringing remained countrys institutions heel accountable one decision sparked outrage protests ran counter secular principles country founded three months proclamation new constitution islamist opponents arrested six months later turn centrists four months later turn nationalists prisons became killing centers political prisoners deprived medical treatment declared dead one two months later subsaharan migrants rounded massive scale women children brutalized abducted abandoned border republic cyrenaica tatawana desert without food water phantom election situation came head sidi rigged 2024 elections officially reelected 99 vote political rivals last month presidential campaign tried run ended prison last opponent arrested former education minister hajji haloul arrested three days announcing intention run international opinion satisfied president new puppet parliament bassam aboubala announced candidacy last minute even though week earlier announced radio unwavering support regime refusal alternative president sidi chosen people god save humanity situation could longer allowed continue country embroiled major economic crisis worsened one freedom another disappeared prices soared unemployment soared people struggled make ends meet foodstuffs longer available power water cuts became weekly occurrence president sidi accusing speculators zionists behind shortages months reality much darker regime voluntarily reduced imports agricultural products suspended investment production drinking water electricity order pay salaries army police well certain personal expenses felt important countrys future increased salary used state coffers shower family beloved wife gifts since already staying presidential palace free charge enjoying benefits power veritable family mafia thus unlimited access public treasury average citizen left without milk baby spark final straw came opposition drug crisis july 21 2025 death kasfa mother 5 cancer could treated due drug crisis caused national scandal old video deceased woman expressed indignation unavailability cancer treatment resurfaced went viral internet demonstrations began day kafsouan hometown deceased spreading rest country first demonstration worry authorities little little indignation turned revolt rallies intensified mainly demonstrators shared deceaseds suffering shortages lack prospects authorities contempt population july 22 president sidi travelled kafsouan offer condolences family speech accusing speculators behind shortage medicines failed convince anyone twixxer social network calls government resign multiplying national safeguard front announced support spontaneous demonstrations main leaders movements arrested following day two days later outskirts capital hit first demonstration police tried disperse tear gas situation degenerated several officers demonstrators injured number people arrested crowd movement tenyearold child injured police charge died head trauma blaze july 25 president sidi dismissed minister health made public statement national television calm tempers declared situation control protests led foreign agents hiding among demonstrators following day revolt resumed greater violence spread several towns outskirts capital demonstrators set fire police station killing policeman flames police used live ammunition disperse demonstrators around burning building injuring several people including one hospitalized died wounds following day police claimed fired selfdefence armed demonstrators july 27 president sidi took stage announced merciless war national jihad traitors agents foreigners apostates denied religion homeland joining demonstrators quoted prophetic hadith announced fitna worse murder order would restored matter cost announced country would cleansed traitors corruptors district district house house concluded promising river blood enemies nation justice religion evening regime declared nationwide curfew speech shocked international opinion france united states declare deeply concerned situation country next day countrys main trade union announced support demonstrations police immediately arrested three union leaders response trade union federation stepped calls demonstrations revolt reached capitals city center july 29 1200 demonstrators calling resignation president republic evening almost 100 lawyers close national safeguard front demonstrate front palace justice demand release political opponents meeting dispersed police nearly 50 people arrested nearly 30 injured following day free constitutionalist party organized demonstration front womens prison demand release party president amel moussa incarcerated trumpedup charges information right evening president sidi attacked foreign tv channels calling devils channels service zionist entity imperialism accused broadcasting false allegations wanting provoke chaos disorder foreign channels became inaccessible access social networking sites twixxer homebook cut evening internet also cut several hours night response elon tusk offered provide population starlink internet access service following day president sidi dismissed three different ministers left minister interior untouched also dismissed several governors announced appointment temporary military governors appointed proposal minister defense victory total new york times announced day fall president sidis regime inevitable particular newspaper compares current events fall supreme guide arab republic cyrenaica mohsen ghadafa 2012 al jazeera revolution logical consequence economic situation political choices president described mad dictator close egyptian military regime turkish newspaper ran caricature president sidi portraying hitler usbased opponent compares interview autistic lex luthor intoxicated power ready anything keep throne august 2 lawyers cabs teachers called general strike august 3 architect commits suicide sawsa clashes demonstrators police became increasingly deadly day 20 civilians shot dead jendoux two policemen seriously wounded police demonstrators blame violence new report trade union official puts death toll least 70 staff hospital capital officially protesting high number casualties lack medical equipment infections wounds common number deaths demonstrators hospital continues rise capital students demonstrate outside capitals main university police lay siege university brutal police assault filmed hundreds students entrenched administration buildings several dozen people seriously injured people want regime fall next day stores set fire demonstrators chanted people dont want shortages people want regime fall president sidi took stage evening denounce demonstrators likened horde foreigners migrants drug addicts traffickers criminals zionists traitors accused destroying property raping women burning innocent people alive sidi calls rest population listen deceitful voice devil follow example pious companions prophet always shown wisdom loyalty truth minutes presidents speech riots broke suburbs capital south country first time rioters attempted set fire military building turned back fired upon similar scenes army recorded several regions country south country terrorist slit throat officer north demonstrators lynched soldier outside military barracks capital demonstration brought together 50000 citizens slogans systematically call fall regime cries get sidi people want sidi prime minister maher hassani announced dismissal interior minister khaled fathi release political opponents bid quell revolt however ransacking businesses became systematic demonstrations young people capital suspected military behind looting began organize militias violence continuing president sidi announced august 6 would standing reelection new constitution sufficient bring peace prosperity country sidi also ordered police stop shooting demonstrators announced repeal decree limiting freedom expression forthcoming restoration internet sites day army deployed capital despite new clashes broke heart capital quelled police using tear gas end afternoon former president momen mazkouli taken refuge paris announced fall regime matter days evening amel moussa released immediately hospitalized unable walk minutes following day president sidi announced would leave power end term legitimacy granted people history god afternoon young demonstrator shot dead heart capital unrest broke seaside resort luxury residence belonging president sidis sisterinlaw set fire next day first fire broke northern district capital half hour later second fire broke little south throughout morning regular intervals new fire broke time little south capital sank climate unbearable violence demonstrations looting increased evening president sidi announces early legislative elections within six months seriously considers dismissing government also cancelled official trip egypt scheduled following day day country wildest rumors circulating common security forces attacking neighborhoods particularly residential ones order discredit demonstrations rumors claim egyptian undercover agents regularly planting firebombs justify regimes violent repression hand presidents supporters claim turkey qatar involved violence order bring regime change neighborhoods residents getting organized barricades set entrances main streets night patrols carried august 9 thousands students went occupy parliament army blocked way fall pharaoh evening august 10 general advised president sidi resign president sidi refused 400 pm august 11 population took streets massive demonstrations army decided intervene swift coordinated operation military troops stormed presidential palace three tanks mobilized shots fired gates opened without forced 1000 pm prime minister maher hassani announced death president television circumstances remain unclear president sidi killed exchange fire army last supporters presidential guard refused surrender prime minister hassani announced would assume interim presidency early presidential elections also announced temporary return 2014 constitution arrest last minister justice hala jaafar last two ministers interior tarek sharafudin khaled fathi high treason undermining state security abuse power murder offences countrys diplomatic services also contact international criminal court transfer khaled fathi hague tribunal crimes humanity presidents sisterinlaw arrested army morning presidents wife children nowhere found fled overnight car algeria flew cairo sought asylum never see country aftermath despite leader transitional government interim president hassani seems determined remain president first unsure whether would seek full presidential term announced parliamentary elections within six months hassani began lose support army due lack dynamism total absence charisma poise nevertheless malleability kept office demonstrators reduced intensity terms violence persisted time time several weeks president hassani forced abandon idea standing election following revelation financial scandal accused used former position responsibility within central bank finance election campaign team new parliament elected islamist party defeated amal moussas free constitutionalist party centrist party created arbi chechaoui free democratic party amel moussa arbi chechaoui elected deputies announced intention run next presidential elections parliamentary session hassani gave speech deputies began voting whether accept reject speech hassani tried win support military offering vicepresidency army general offer declined speech rejected majority hassani tendered resignation vicepresident bassam aboubala succeeded interim president parliament appointed new transitional president dust settled country began recover events truth former president sidis reign came light revealed siphoned government funds lining pockets people suffered academic legal training façade means gaining peoples trust prepared ascent absolute power help egyptian algerian intelligence new transitional government worked tirelessly restore order democratic processes sense hope instilled hearts population former president sidis accomplices including former ministers brought justice country began long road recovery wounds dictatorship never heal completely people never forget lesson theyve learned always question power never let guard face manipulation deception end,negative,1,1705272725.0,-1
Algeria,Algeria foreign investment,read titleany economists explain main causes situation solution going take,positive,27,1641939197.0,1
Algeria,Algeria foreign investment,today analysis positive developments occurred less recent past easy find reasons get mad harder find reasons optimistic actual counterrevolutionary period dark reaction age undergoing give us lot reasons see hope see phenomena negative yet shall blind whats currently happening world growth strong solid antiimperialist bloc retreat western imperialism many place considered acquired defeat recent imperialist aggression new comers geopolitical balance world witnessing could analyzed general counter offensive us hegemon global scale counter attack organized led coalition countries composed various types societies coalition build around antiimperialism searching economical development political autonomy national sovereignty organized institutionally outside historical international capitalist institution chinese opening reform lesser extent stabilization russian transition process toward capitalist system putins era achieved allowed two new challengers enter big capitalistic arena called communauté internationale equal weapons western monopoles china new antiimperialist bloc organized institutionally mostly around china thru shanghai cooperation organization iran expected join soon asean 3 instance china became always bigger un member main contributor 5 permanent member un security council terms raw numbers troops contribution 6th biggest funder peace keeping operation china took part 12 un operation mostly africa namely sudan unmis sahara occidental minurso ethiopia eritrea unmee ivory coast unoci liberia unmil drc monuc mali minusma 2015 china invested 10 un operations africa amounting 2838 soldiers african soil integration wto 2001 led great economical success member numerous international forum asian pacific economical cooperation apec asiaeurope dialogue asem asean 3 mention famous obor project one belt one road better known bri important asian infrastructure investment bank aiib launched late 2014 helped greatly chinese economy shine initially including 21 asian countries theres veto possible aiib always one main criticism china japan amongst others traditional international financial actors adb imf wb 2015 lot european countries asked join aiib nowadays almost occidental european countries member aiib except ireland aiib major international financial actor 86 memberstates march 2021 compared 57 founding members launching 29 june 2015 emphasize importance one see end march 2015 imf wb asian development bank adb asked aiib become member followed day closing aiib membership application process declaration jacob lew american tresor secretary usa want collaborate aiib another important financial actor recently developed china silk road fund stateowned fund manage 40b usd initial investments since 2014 controlled pboc people bank china including foreign affair ministry national development reform commission finance ministry ministry commerce board directors 4 shareholders state administration foreign exchange65 china investment corporation 15 exportimport bank china 15 china development bank 5 srf manage foster increasing investment countries following obor project already invested 15 projects 2017 including following investment mombasanairobi standard gauge railway kenya investment 165b usd karot hydropower project hydropower project region part chinapakistan economic corridor acquisition 99 yamal lng project liquefied natural gas project sabetta russian federation dubai hassyan clean coal powerplant coinvested harbin electric international china uae acquisition 99 pjsc sibur holdings giant energy company russia may sound like obscure technocratic event unrelated original topic truly aiib voting power split following 75 voting power asian countries 25 nonasian ones repartition voting power based respective gdp asian nation fact western nations especially western european one joined aiib creation great event redistributed cards showed crackling imperialist camp namely european americans fact aiib western countries 25 voting power yet joined project even launching show much china economical role taken seriously everyone focus srf interesting analyze investment central asia middle east africa shows clearly geographical zone interests obor project extent china ready economically commit time would interesting analysis deeply srf says lot china expect require nation able receive srf investments alas bypass analysis move directly political analyze data x200b x200b fig 1 x200b chinese economical miracle gave formidable opponent economically speaking historical capitalist leadership world us european ones effectively allowed cpc bring lot countries influence sphere providing alternative compradoreship model pushed west especially countries undergoing embargos coercive measures thru bri project aiib fund underdeveloped countries outside traditional international financial system wto wb imfswift beloved mediatic guarding dogs audacity call chinese debt trap thru numerous freetrade agreement passed national see numerous binational agreement china passed two decades large number imperializedunderdeveloped countries logically resulting china becoming first economical partner lot countries see fig1 regional continental level regional comprehensive economic partnership rcep instance biggest freetrade agreement world encompass 40 world commercial exchange combined gdp 23000b usd 45 world population 3 billions humans lead decrease hegemony usd international exchange added zone make 55 world use usd regional exchange leaving usa shortage zone export surplus usd posing major threat moneyprinting economical strategy fed past 50 years finally thanks china insane infrastructural network enormous industrial park cpc fleet 140000 different companies control ranging music production studio space companies driven tremendous development chinas interior market driven accelerated development young chinese middle working class redeployment chinese capitalist class bourgeoisie chinese capitalistic development one reason development coalition strength another one found russia russia indeed last 20 years happened saw stabilization process transition capitalism development stabilization organization russian bourgeoisie development russian bourgeoisie lead russia get place back internationally gave back capacity russia defend allies interest happen almost direct continuity sovietic past speak briefly gazprom 2007 18 years creation 5th capitalized company world first europe contributing 20 russia state budget 8 gdp state owned biggest gas pipeline network planet thanks soviet industrial past part gas pipeline went thru lot former allies ussr led russian bourgeoisie fight opponent us opponent military politically also mostly economically russian traditional diplomatical network relationship central asia middle east eastern europe inherited socialist past proved keys china access geographical zone putin russia cooperate china world would drastically different china couldnt developed economical strategy wouldnt succeed opening reform wouldnt developed much maybe would way aggressive china nowadays contrary may way less opened china may wonder insisting china economical aspect russian one answer question briefly russia gdp 2019 17b usd china gdp 2019 1434b usd simply put china opening reform 40 years old underwent lot adjustments period thru 5years plan done supervision cpc whereas russia economy barely get back economical collapse shock therapy era 90s managed young russian bourgeoisie showed serious competency past two decades one important diplomatical development happened recently creation un 10 march 2021 bloc called group friends defense charter united nation include algeria angola belarus bolivia cambodia china cuba dprk eritrea iran laos pdr nicaragua palestine russia grenada syria finally venezuela fruit chinese multipolar world diplomatical strategy efforts greatly helped economical development russian political military support thru world another hand current decaying western neoliberal stage hegemonic imperialism incarnated nato imf wb wto adb ecb fed turn nothing prison people planet rightfully seen deadend terms development general trend antiimperialist bloc day complete integrated cohesive antiimperialist bloc organized internationally theres profound trend bloc lets say unpleased lot imperial core leftist constitute nuclear core bloc alliance capitalist socialist societies led russia china much one may regret fall ussr afford live dreamed past need move forward dark age reaction worst type afford biased toward de facto capitalists allies yes bourgeoisie dictatorship amongst rank countries path become yes need collaborate defend side closer national liberation movements interest fighting us imperialist hegemony name interests bourgeoisie like ussr provided aids possible national liberation movement could even decide path development theyll choose newly born countries capitalist socialist one support aids people fighting independency autonomy sovereignty nations imperialist aggression say blind interests goals cant afford throw away support currently ongoing struggle us imperialism even less name idiots idealists moralist conception like cant afford undermine neglect effects recent developments term economical dynamism major factor many tends analysis russia china entering economically competition useu monopoles developed give lot room many imperialized countries around world especially since theyre china russia entering capitalist stage neoliberalism norm west selling seems way less appealing grasp east say least phenomenon could interpreted development redevelopment progressist stage capitalist development similar phase occurred first stage european liberaldemocracy time accelerated path east main difference allowed development successful rapid path nowadays china russia capitalistic path past european one east contrary europe countries came socialist society feudal one give russia instance impressive industrial pool importantly centralized stateowned often crossnational one gave birth national bourgeoisie necessarily close political central power liberal essence goes china bourgeoisie rose capitalistic development close political power direct indirect control cpc one aspect control found inside cpc rank form party cadre management meritocratic logic underlie cpc party member progression led party integrate lot specialists rank contrary happened ussr smoothed opposition infrastructural basis bourgeoisie influence grew substancifically correlation growth means production ie chinese industrial pool increased labor division inherent political superstructure ie chinese cp leadership allowed cpc maintain organic relationship infra superstructural world better worst opposed phenomena witnessing west radically opposite disappearance political superstructure political representation infrastructural basis namely disappearance western communist party following mismanagement leadership party organizing welcoming rank news strata working class rose increase labor division means production phenomenon avoided country want keep increasing economical industrial social political level phenomena better illustrated called south europe countries communist parties main left wing political parties late 70s80s socdem parties successfully took leadership places putting newly born strata center program paving way degenerative neoliberal epoch weve since much us europe results actually witnessing failure syria iraq afghanistan lebanon bolivia hk belarus iran far gone time triumphal imperialist war colored revolution 90s 2000s 20102020 decennia definitively seen major changes political economical balance world historical overview formation coalition first recent wave came latam many countries adopted neoliberal system disappointed result namely adopting economical model built postindustrial society based upon imperialistic mode relationship dedicated nonexistent middle class use main task build develop country infrastructures economy political scene numerous forms divers context attempt made get capitalistic hell nation course continuity struggle past one one would wise link actual antiimperialists countries past ones arab panarab nationalists nasser hafez al assad palestinian resistance fighters iranian revolution hezbollah development 80s various struggle independency africa vitality recent latam movement continent playground chicago school theories notably pinochet chile found pretty quickly ally east neoliberal imperialist attacks least survived us brutality countries like cuba venezuela recently bolivia peru doesnt mean numerous attempt south central america past decades analyzed contrary allende mujica correa lula others theres lot example study lot learn 2000s turning point history premises happen worldwidely incoming decades traced first latam around accession 21th century comrades something analyze separate works length post density enough first part please questions criticism misunderstanding would require explanations voice ill best answer wishing little introductory piece enough tease people curiosity give enough data analytical points lacking general comprehensive compendium russia china recent development good bad faith often supporting criticizing countries bad reasons,positive,104,1629969478.0,1
Algeria,Algeria foreign investment,century begins going second term fdr chose henry wallace vp henry wallace initially sympathetic democrats period marshall presidencyrather later following repeated defeats republican leadership well progressive wing getting undercut defected democrats 1924 wallace already despite past affiliation appointed secretary agriculture garnered mass appeal ascendacy notable support farmers previously started father appeal republican progressive mention growing support within democratic party despite party boss opposition pick went ironically huey long opposed pick wallace anticipated appointment relatively strong showing expecting roosevelt pick also sake regional balance result huey long walked however support previous kingfish expected causing minor scandal convention despite huey leaving party colonels government disaster struck 3rd may 1936 french officials announced psf largest party french parliament absorbed socialist center vote policies emerged governing party france ironically however new government despite alignment french right pushed womens suffrage passed minimum wage began introducing paid vacations parliamentary reform governments policies reached head introduction presidential republic instiutionalization corporatist structure regards economy ironically us initial assesments positive however de la rocque new french president began posturing aggressively towards germany united states meetings noted italian prime minister mussolini denounced mutilated peace versailles de la rocque however embraced far integrationist stance compared predecessors notably cowed french parliament introducing equal voting rights algeria expanding investment region fellow citizens metropolethis course extending integrated fully french culture attempts algerian representatives however autonomy however squashed unrest piede noirre hampered governments ability embrace radical legislation business plot consequences course ramifications seemingly small became apparent consider 1934 smedley butler appears congress denouncing plot american businesses overthrow american government initially disregarded fanciful tale wider public fact known plotter explicitly told butler intent ideologically restructure united states along lines psf france raised alarm throughout country psf actually assumed government louisana notably kkk expanded targets include white catholics especially clear french influence ironically led louisana kkks rapid dissolution following action governor paul n cyrformerly hueys lieutnant governor cyr french catholic leading charge huey period would continue pushing rhetoric however would see cyr drift apart politically till would clash later fdr wallace worried developments europe also wary still prevelant isolationalist sentiment despite compromised lon adoption unable much percieved french aggression especially given fact dissillusioned socialists american nativists still keen ideas presented tenstions eventually resulted law banning american media france especially concerns caused disneys success france mickey mouse became popular asterix one frances popular domestically produced cartoons evil dies cradel adolf hitler would die 8th november 1923 failed attempt overthrow bavarian provincial government resisted arrest handful supporters failed break meeting several high ranking provinicial officers munich beerhall survived notably heinrich himmler would attempt rant crimes november criminalsreferencing november revolution hanged execution overseen gustav von kahr following favorable ruling judges madmen attacked one stable provinces germany economic boom else going end german political crisis soon von kahr without consultation german government announced death weimar republic marching berlin several antirepublican leaders bavaria hopes spawning mass movement republic given strength antirepublican forces army success bavaria especially given disorder seen elsewhere republic rather uniting antirepublican forces however march quickly disintegrated mad free antirepublican forces ranging strasserists militarists opposed hohenzolleren restoration even monarchist hohenzolleren loyalists march collapsed kahr soon forced hand resignation another member bvp instead assuming office humiliation kahr crisis however yet hans von seekct opposed republic using shortlived crisis demand governments resignation time pressure proper reichsheer ironically would blow killed republic cabinet wilhelm marx collapsed pressure resulting call new elections one resulted victory dvp led gustav stressaman incumbent foreign minister previous chancellor stressaman already legendary german diplomat responsible partly german admission lon reducing german reparations securing american loans securing british guarantee come germanys aid case french invasion time foreign minister notable strengthening ties us taking steps normalize relations soviet union even signing kellogbriand pact renouncing use violence however stressman means real republican profrench despite recognizing border france belgium stressaman republican due view monarchy clearly support wasnt coming back concessions france merely avoid another coastly war notably rejected recognition polish border stressaman ironically would soon find holding briefly presidency chancellorship sudden death german president freidrich ebert 1925 stressaman would save german democracy extent republic taken postings despite opposition stressaman announced last ban dnvp kpd following constitutional amendment allowing ban extremist parties taking largest parties far right far left already taken attempts overthrowing republic seeing sudden change mood attempted restore german empire justifying stabilizing measure contentious debate divided spd left still reeling stressaman announced german public post presidency would dissolved german empire restored albeit weimar constiution part intact rather restoring relatively unpopular hohenzollerens show try garner catholic support legislature would elect rupprecht previous crown prince bavaria monarch act precendence spd even supporting effort regards bavaria rupprecht suggested become governor act unpopular actually stabilized matters however hohenzollerens denouncement undercut appeal monarchists rupprecht however despite broad powers would reign largely ceremonial monarch presidential merely becoming crowned republic stressaman would spend remaining tenure attempting campaign solidify dvp well strengthening angloamerican relations germany dying chain seizures 1929 thanks efforts however germany last begun stabilizing paramilitaries premiership reduced government efforts securing reduced reparation payments resulted larger boom many believing increasingly germany may match great powers economically would succeded otto wels spd following renegotiation coalition given spds dominance parliament otto wels king stripped several powers previously officially granted constiution stressaman place instead chancellorship free school lunches last introduced rather continued delays favor rearmament continued later explanation references may get 1 otto wels infamous contributed substantially fall spds support opposing free school lunches spd platform irl chancellorship funds going instead towards naval rearmament disgruntling much spds base timeline instead actually carries 2 kahr rumored irl planning putsch hitlers failed beer hall putsch derailed 3 paul n cyr hueys lieutant governor failed overthrow irl huey entered senate 4 business plot leadership actually intended succeeded model new usa psf 5 psf platform included racial equality womens suffrage alongside minimum wage paid vacation days also projected enter government new election scheduled prior ww2 occuring spawned successful french paramilitary outlawed well perhaps first french mass party 6 yes mickey mouses influence actual concern real life france 7 wanted flesh world outside usa diving back sorry got lost due weird chronology shifts countries 8 rupprecht solution bavaria presented measure hitler even going far offer dictatorial powers rupprecht opposed republic voiced support constiutional monarchy hohenzollerens wake first world war rather unpopular masterpost also p1,positive,3,1698956349.0,1
Algeria,Algeria foreign investment,spain 2023 one recovering multiple crises also prepare forthcoming ones economy facing massive challenges 2020 2021 result covid crisis 2022 2023 characterized spain economys steady recovery partly thanks greater government stability compared previous years much greater degree thanks massive help received eu critical junctures pandemic already seen couple years consistently topping eu gdp growth charts even though one keep mind faced whopping 10 hit 2020 meanwhile structural problems persist namely critically high unemployment among young still somewhat excessive dependence tourism driver economic activity attempts already made recent socialist governments start changing situations measures trade school reform subsidies incentives targeting people 30 labour law reform attempted compromise ceoe labour unions subsidies tax incentives industrial companies willing establish economically decaying regions country well significant investments solar power outcome hasnt yet proven full effectiveness hoped continuation eventually prove point also prices energy market slowly becoming unbearable population gas market crunch 2022 caused russian invasion ukraine causing massive price jump noticed country however part reason main driver problem continued existence energy cartel spain keeps raising prices arbitrarily every year attempts redress repeatedly failed whispers heavier regulation outright renationalisation distant might become louder problem grows unabated another economic issue seems plague country along west creeping housing price crisis rent mortgage becoming prohibitively expensive around regional capitals like madrid barcelona valencia reforms last decade made house investments safer take laypeople question market reform control eventually dealt stop skyrocketing prices lingering memory 2008 housing crisis still remains spanish left determined find way prevent happening finally social issue may impact economy future education systems inadequacy absenteeism failure rates reaching alarmingly high levels primary secondary schools current socialist government tried address lack consensus matter rightwing parties carried equally ineffective measures years government hampered real progress matter real compromise likely reached spain sees education reform lasts one national election cycle environment southern european nation spain facing longterm threat severe aridification water shortage remains true couple years ago already caused increased number wildfires droughts last decade dams water reservoirs reaching critically low levels limited water rationing already implemented autonomous governments many regions problems intensify measures implemented contain pace climate change locally globally measures reduce national dependence fossil fuels continue bear fruit although 2022 gas market crisis caused slight bump road went mostly unnoticed spain thanks countrys prior investment lng infrastructure question denuclearization remains highly contentious gas crisis forced government delay planned plant closures compensate temporary struggles gaspowered plants rightwing parties slowly swinging towards renuclearization level support varying wildly among members psoe remained ambiguous question arguing let currently planned plant closures eventually run course fully unambiguously committing nonnuclear future unidas podemos recently regrouped sumar remained firm commitment full abandonment nuclear power internal politics politics country continue evolve due emergence new nationallevel regionallevel parties last decade discernible dynamics already settling local regional elections 28th may greatly punished governing parties pedro sanchez stunned country announcing snap general election next day eventually scheduled 23rd july intense campaign marked attempted mobilization leftwing electorate face significant rise vox concentration small leftwing parties around hastily patchedup sumar joint list recordbreaking rates vote mail inconclusive result yielded parliament conservative pp largest party however becoming expense vox proving unable form government october 2023 government formation vote late september seen dead water even happened meanwhile psoe managed grow slightly number seats thanks massive gains psc catalonia hard work trying build coalition allows remain power token gestures already made please regional parties especially catalans forming bureau congress clearly sidelined vox fasttracking reform congress deputies allow mps speak chamber language choice long cooficial region catalan basque galician seems like still hope coalition politics work however pp edge yet another internal crisis alberto núñez feijóo current candidate presidency former regional head galicia desperately tried get power becoming increasingly clear political career quickly die fails achieve anything time isabel díaz ayuso current head madrid regional government growing ambitious repeated reelections 2021 2023 shes going make move moment sees chance rise meanwhile politics catalonia almost completely paralyzed ercs inability maintain stable government though leftwing nationalist party refuses call snap regional elections otherwise carried 2025 psc emboldened recent wins general local elections maintained conciliatory stance occasionally providing parliamentary support erc exchange concessions mainly regions yearly official budget proindependence agitation slowly dying though formation rightwing government spain could trigger reignition political conflict somewhat broken autonomy system still mostly functional remains minds desire thorough political reform outright federalization seriously discussed moment due inherent constitutional hurdles time goes pressure something mount another unaddressed issue judiciarys internal structure governing bodies established legislative agreement wasnt problem early 2000s become increasingly contentious source many headaches political atmosphere heated arrangement traditionally benefitted psoe pp called question collection secondary national regional parties definite alternative put forward yet problem persists one eventually arise attempted implement monarchy still remains though occasional public rows issue nobody halls power dares publicly openly question old institution however popularity longterm decline fast last years nowexiled exking juan carlos slowly continued son felipes reign also grown inconsistent volatile peaks valleys depending royal familys media coverage time tell manage stay decades come get ousted course events foreign policy spite attempted pivots diplomatic policy focused africa latin america last year halfs foreign policy unambiguously dominated fallout russian invasion ukraine 2022 part eu nato spanish government called help ukrainian government way could far materialized relatively small amount weapons armoured vehicles well much substantial economic humanitarian policy refugees taken housed around provincial capitals relationship european union remains strong stable eufunded recovery slowly solidifying spanish government expected eventually return longterm trend towards becoming net contributor unions funds institutional relations fellow member states steadily improving though attempts forming highlevel partnerships france somewhat difficult due neighbouring countrys internal politics regional economic integration improving well longterm joint infrastructure projects portugal finally visible horizon could start materialize end decade furthermore popular support union remains strong wide majority population strongly supporting permanence significant plurality desiring integration governments policy reflected far continue reflect years come meanwhile north african cold war morocco algeria persists inevitably entangles spain due territorial presence ceuta melilla economic relationship algeria main provider natural gas allowed spain remain aloof russian gasblackmail early latters invasion ukraine therefore imperative spanish government walk diplomatic tightrope region trying avoid angering moroccans could threaten opening floodgates illegal immigration coastal enclaves algerians could threaten cut gas supply western sahara question remained perhaps challenging issue front times triggering hostile reactions sides due apparent favour shown towards apparent balance broken 2022 spanish government communicated moroccan counterparts willingness endorse moroccan plan establish autonomous region western sahara moroccan sovereignty caused immediate fallout algeria diplomatic relations remain frozen finally latin american policy slided background due developments europe though spanish economic influence region slightly increased last decade thanks expansion spanishbased multinational corporations latin american markets interesting situation threats opportunities abound relentless march history shall prove whether country able make best drown maelstrom world politics,positive,12,1696681260.0,1
Algeria,Algeria foreign investment,confidentiel pour la commission sur la question atomique le livre blanc sur lutilisation de lénergie atomique sous une forme militarisée table contents 1 introduction 2 background 3 current vulnerabilities france 4 necessity atomic weapon 5 foreign support 6 economic requirements 7 development delivery systems 8 potential sites testing atomic weapon 9 strategy deployment usage atomic weapons introduction white paper borne discussions held october 3rd members cabinet completed past six month period following coalescence discussions ministries armed forces overseas france drafted opinions reports necessitated documents allowed paper written discussed factored opinions side given one precedence also contributed portions opinions idea government nation gaining access weapon supreme importance background 16th july 1945 united states tested first atomic weapon weve informed trinity test half month later witness bombs dropped military capacity japan targeting hiroshima nagasaki august 6th 9th respectively united states brought forth new age weaponry becoming de facto sole authority planet military sense relevance three years later soviet union detonated first weapon tests late august understanding various american trials spies espionage ability use bomb came soviet union stealing american atomic secrets course embarrassment united states explains union able gain bomb short order development likely continued pace united kingdom final power must discussed october 3rd united kingdom announced tested first atomic weapon test conducted australia test announced prime minister churchill initiated discussions day handling atomic weapons project also noted united states less month later would detonate named hydrogen bomb announced back january places united states head developments atomic warfare though expectation soviet union close behind task comparison work done allies opponents atomic weapons program severely behind entire nuclear research divisions behind fact though rectifying recent headway made marcoule nuclear power plant regardless despite home sciences years due work pierre marie curie france fallen significantly behind subject chaotic years 1947 till 1952 prior election current government setback nuclear atomic research current vulnerabilities france france recovered military capacity since end second world war however downsides french military subsidized funded united states spent large sums money reequipping building forces event war soviet union funding also given support us event conflict communist guerrilla groups france also wider otan alliance however good bad may sounds good insignificant issue must addressed still vulnerable matter large french military strong conventional forces vulnerable america unexpectedly fickle ally general de gaulle correct suspect support france event war soviet union union invades france uses bomb soil event american government decides defending france makes sense waste men material government population argues makes case government bowing public france left vulnerable without strike capability united kingdom much better closely aligned united states likelihoods anglo nations close relations developed policies tandem event occurs soviets use atomic weapon french soil recourse likely france may forced surrender without much fight humiliation trumping june 1940 many times france allies union many places soviets may deploy device destroy france make puppet rely promises actions another defend soil always danger without ability use personal dissuasion policy threaten shores necessity atomic weapon explained danger france without atomic weapon must said must pursued quickly vigorously war likely happen short term believe soviet union would willing spark conflict near future despite recent actions yugoslavia aggressive dumb however must asked war sparked still developed weapon make concerted effort acquire bomb peaceful get necessary development time france also simply seen threat international stage atomic capable powers unlike france supreme threat world given weapons wield comparison matter implements war france cannot viewed threat dont capability wipe city map blink eye strong compared almost nations planet compared united states soviet union weak simply put diplomatically seen joke rather major player global stage humiliates nation access bomb rely strategic thinking united states united kingdom work within shape part otan structure french ability influence policy certainly strong especially atomic policy flip side soviet invasion united states united kingdom launches atomic strike without gaining french opinion would dragged war may little interest pursuing hit soviet counter bombing result dangerous france hold control atomic device would influence otan policy able use weapons independently rely united states defend us force us conflict interest acquisition bomb required french sovereignty foreign support france rely potential foreign support development bomb opinion one case option 1 united states preeminent power field atomic weaponry may expected would approach united states regarding acquisition weapons despite united states option used one united states would likely outright hostile attempt france acquire weapons unlike united kingdom scientists working americans france none relations united states rather strained even repair work done also issue simply united kingdom americas eyes america liability rather asset fair ally uk another anglo nation instead continental power despite strong friendship decades prior united states many points snubbed france recent years also see us true ally pawn games rely would never kind work united states avoided result option 2 united kingdom similar reasons united states partnership unfeasible option 3 israel potential surprise option looked israel may look good partner work nuclear development israel potentially could gain us access jewish scientists many well versed nuclear physics fields research would boon support israel would also secure ties nation fully would supportive proposal however want risk arab relations task even secretly would still noticeable support israel may lead creation device could used revanchist sympathizers idf parts israeli society want risk nuclear proliferation may lead israelis detonating weapon arab soil israel poor option result option 4 italy one option would argue may make legitimate sense france pursue despite tenuous relations italian government recent years italians european power also cares safeguarding security western portion continent work could prove beneficial sides despite chaos eritrea likely trustworthy atomic weapon israelis downside potential lack expertise subject italian scientific community even best option france want work nation abroad nations submitted due limited expertise lack funds ideological differences treaties blocking creation weapons case germany four potential bear fruit economic requirements say would immense budgetary pressure military would understatement multiple magnitudes budget massive work project would still requiring billions dollars low end twothirds procurement budget go project pursued simply put neither facilities testing certain lab requirements complete project yet combined necessity payment scientists workers well security secrecy say cant far absolutely funds must cautious though likely depreciate capabilities time working project especially naval assets limited since end second world war could course divert funding civilian concerns towards parts project spun nonmilitary expenditures specifically process funding saclay labs continual investments civilian nuclear energy work europeanwide nuclear energy community prime importance go would recommend foreign ministry make every attempt hiding specific reasoning formation side effect course massive amount funding leapfrog france back preeminent scientific nation research likely give us new insights nuclear various angles would massive boon scientific community alone would massive would also give us bomb something even important nations security development delivery systems since 1947 armed forces operated facility algeria centre interarmées dessais dengins spéciaux interarmy special vehicles test centre near hammaguir currently french air force operates facility 621st special weapons group specifically garrisoned handling tests facility handling missile rocket tests years launched liquid fuel research rocket veronique back may 1952 facility could much larger facility recently completed near old one better able house testing capacity however still yet prepared atomic experimentation would best therefore immediately start construction yet another larger facility likely south near transsaharan railway routes used atomic testing facility proposed already would named centre saharien dexpériences militaires saharan center military experiments could better used tasks new rocket testing facilities air fields becoming potential testing site algerian wastes talk potential testing sites continue recommendations would continue tasks construction missile rocket capable launching atomic warhead well bringing various bombers facility test usage current stock bombers delivery system dropping atomic device nearly completed vautour may good option would need modern bomber handle eventual delivery requirements testing purposes would work canberras acquiring british may also work would also recommend artillery systems brought facility allow testing potential applications atomic launch system artillery systems potential sites testing atomic weapon contributed overseas ministry two regions testing atomic weapon looked 1 algerian sahara 2 pacific island territories multiple factors make ministry believe testing atomic device considered algerian desert one due proximity algeria compared france algeria prime place testing device one constructed example transportation device testing facility much easier close france due facilities testing weapon systems vicinity already place new facilities would need nearly much infrastructure requirements also fact easily defend facility sabotage closer home ability reinforce becomes much easier say algeria perfect desert raids transsaharan still constructed proven threats algerian testing facilities work may draw ire french union may see flagrant violation sovereignty potential good despite algeria core part france may also realize things happening desert resources supplies shipped south though could played need keep wraps detonate device pacific island territories may prove beneficial aspects downsides towards algerian desert specifically pacific risk eventual policy france pushed union like senegal internal threats potential facility sahara problem pacific polynesia potential military efforts polynesian separatists major problem hand however zero facilities constructed tests nearly enough infrastructure region types tests especially airports pacific also closer united states much france meaning potential spies could easily understand plans time prone external sabotage belief shelve usage polynesia later date stated overseas ministrys opinion algeria better option testing atomic weapon however must also stress push may lead straining relations allies well significantly threaten relations local populaces either region bomb may needed stress caution result work whatever cqa agrees strategy deployment usage atomic weapons may ahead necessary schedule even possess atomic weapon would like discuss potential policy usage atomic weapon france must pursue policy independent personal dissuasion cannot rely nations defend us must prepared defend would like argue france must therefore make policy dissuasion based needs france france acquired nuclear weapon circumstances operate combined policy otan allies united states united kingdom would defend france must operate kind policy must function principle event atomic war soviet union france targeted atomic weapon france must use weapons must also however threaten retaliatory strike capabilities would able wipe soviet cities face earth threat bomb must form large enough arsenal always prepared launch soviets even look ready attack must prepared launch strike immediately try dissuade must always threaten people soviets would never dare attack france prepared wipe people could launch single weapon would recommend similar policy prepared united kingdom even united states depending actions sums report subject atomic device strongly urge pursuit creation weapon continue done vive la france écrit colonel pierre marie gallois signé ministre de la défense nationale pierre kœnig,negative,6,1697529245.0,-1
Algeria,Algeria foreign investment,believe algeria way major economy next 5060 years beat odds appear stacking went wrong far feel like lot people lot reasons provide opinion direct indirect consequences major event algeria colonized industrial revolution french keep bringing fact left infrastructures fact industrial platform left place country ill prepared new modes production top new technology paradygm major handicap doomed educated population without industrial engine provide employment fact french companies day date industrial revolution renault carrefour etc see technology shift away europe us china see problems appear france neighbouring european countries unemployment etc time algerian politics tried jump start industry eg prime minister abdsalam industrizing industries 70s missing 30yrs technological paradygm shift impossible catch consequences known large unemployment another consequence colonized critical moment country tried also population education quickly catch current state art import teachers everywhere sometimes brought nefast ideologies dark years 90s went well sovereignty valuation sonatrach conservatively set realm 2 trillion dollars thats without accounting massive growth come shale gas algeria third reservoir earth us china considering fate major oil producing countries doubt number 1 risk foreign ingerence loss sovereignty although new algerian state managed build strong army create sentiment patriotism military political victory algeria remote scenario believe major feat country places unique position retain full ownership natural ressources country peace configuration rare often oil countries would assets foreign accounts case kadafi got quickly seized unstable french pdt decided simply state total division chaos although previous point algeria could maintain vibrant economy historical reasons manage create middle class public spendings government jobs silver lining centralized format corruption go well believe major shift going makes bullish country tech revolution china lets start china algeria excess liquidity could appropriately reinvest growth emergence china complementary needs need offshore revenues demographics algeria needs infrastructures excess cash makes ideal partner generate growth development infrastructures roads crossing complex geographies act major deflationary force importantly roll internet tech platforms dramatically drop cost living particularly interesting market since population employed govt stable revs compared neighboring countries makes valuable consumer market believe generate sufficient interest private sector make investments new economy develop services mistake china made algeria cornerstone bri project country inflection point combination 1 strong consumer market subsidized public spendings 2 development deflationary infrastructures 3 tech roll make algeria huge surprise century algeria moon ia,positive,10,1623143435.0,1
Algeria,Algeria foreign investment,exactly entente powers survive 1942 end winning war discussing second weltkrieg high school class last week spoiler live new england lot talk rest country reached 1942 thrown loop class went german collapse early 1942 entente capture rome raid ireland victory india takes place least 6 months fall berlin happened meantime entente pull fall reichspact survive enough start winning wow great question one often glanced many public school settings popular discussions war unfortunately lot students second weltkrieg painted much rosier picture entente victories actually case ententes noble crusade reclaim europe totalist menace constantly fueled blood hundreds thousands soldiers especially crucial year 1942 often easy forget following second weltkrieg france instance exhausted war whole throughout 1950s primary diplomatic focus avoid costly entanglements world much chagrin british allies pointed entente could secure crucial victories mentioned six month period entente could hope survive incoming onslaught victorious communard forces north buy survival greatest sacrifices would make yet small side note following answer perspective republican france throughout period whenever read republican forces think makes sense historian french heavily engaged member entente also took command majority important fronts war europe especially history written victor victor definitely one sacrificed victory without ado let try answer question essentially ask entente powers survive fall berlin background needed napoleon trafalgar leipzig survive hellish time henri mordacq quote marshall mordacq paints picture entente dramatic metaphorical fashion however quote hints crucial events maintained ententes ability keep war going first discuss trafalgar speaks massive naval engagement coast algeria saw entente maintain hegemony mediterranean discuss entente pooled together resources italy deliver leipzig victory communard forces deserves moniker battle nations finally discuss amidst exile ranks discovered brand new bonaparte inspire victory man would one day lead republic trafalgar beginning second weltkrieg entente powers understood possessed handsome opportunity seize control mediterranean sea free launch reclamation operations due several factors two primary declaration spanish neutrality following end civil war 1939 wide growth entente include kingdoms portugal greece 1940 war broke entente europe 1941 combined navies republican france portugal sardinia greece squadrons even south africa flowed mediterranean meanwhile largest navy commonwealth navy dominion canada would wage continued war alongside german counterparts across atlantic keeping communard navies divided forces mediterranean basin forced drydock avoid struck bottom sea course would change following fall berlin february 1942 1942 german fleet become battered would commonly fall orders canadian counterparts many engagements fall finally came although many german vessels would find new homes commonwealth king edward viii made jutland proclamation canadian fleets would forced slow operations newly resurgent focused communard fleets internationale would sense opportunity canadian fleets retreating wake fall berlin subsequent defeat prized battleship hms hood late march listening consistent pleas tiresome ally mussolini allied invasion southern italy continued blockades across mediterranean mosely deat would agree combined naval armada sail gibraltar deliver death blow entente knowing full well limited ability entente dockyards africa especially confident could destroy main republican capital fleet entente would forced abandon invasion italy subsequent communard invasion algeria could follow admiral maxwell horton alongside french counterpart admiral raoul castex commanded massive armada sheer tonnage behemoth total armada would field 40 capital ships dreadnoughts battleships battlecruisers combined fleet would possess prides nations fleets british dreadnought liberator french dreadnought bastille combined fleet met plymouth late march alongside sizeable escort began voyage south april 5 thread straight gibraltar deliver victory revolution along way course communard fleet passed waters one entente enemies kingdom portugal whose naval operations coast handled small effective coast guard assistance prior retreat canadians portuguese knew better engage communard armada however immediately sent word french grand marshall mordacq ready fleets action mordacq ever man ready seize moment called emergency military council malta april 12 alongside senior allied military commanders region decided combined navies must make stand despite heroic announcement despite later discussion attendees assure us extremely brave moment know sad reality resounding military crusade internationale strategy sound allowed mediterranean without battle would immediately disrupt manner communications allied powers invasion italy would called sooner later sardinia algeria would fall would need battle would need mordacq sent aging yet dependable friend admiral lucien lacaze assembled republican capital fleet combined participating allied flotillas fleets altogether although combined entente fleet numbered counterparts ten less capital ships opponents reinforced italian squadron escaped mediterranean midst allied assembly however one boon entente air power aided republican air bases across algerian coast republican rns lafayette sole fleet carrier mediterranean lacaze aided dependable vice admirals émile muselier georges thierry dargenlieu sailed west hoping trap alboran sea near coast algeria allowing breadth open mediterranean finally april 28 fleets made arduous journeys communard distance entente intensity arrived destined meeting place coast algeria eagerly searching previous two days battle alboran sea began apologize naval historian cannot give full breakdown battle best battle lasted two days highlighted ententes ability cross communard fleet two places along line lacaze also used light ships fullest extent sending forward constantly harass isolate lone communard ships one point battle british ship gallahad cut main communard battle line tried reform promptly surrounded five allied destroyers two light cruisers putting fight hour destroyed course allies also aided air presence algerian coast rns lafayette served allied flagship throughout course battle despite dressing entente success solid tactics personal bravery ultimate victory secured countless sacrifices well lost total 25 light ships 100 aircraft downed throughout battle however first day ended problems communard armada mounted force divided dire need reorganization victory reached night 28th morning hours 29th saw communard forces attempt pull back group back together however midst maneuver many communard vessels left vulnerable italian squadron particular occupied extreme left line constant pressure finally late afternoon admiral inigo campiani signaled allies intention retreat ally left reeling heavy losses admirals horton castex agreed call withdrawal night fell 29th communard naval forces began sailing back toward atlantic journey would take combined fleet back plymouth along way would harassed canadian forces hearing allies victory west battle alboran sea ranks among defining naval engagements world history mentioned prior strategy internationale extremely sound gained tactical victory looking doubtful entente could continue fighting unified thus far shame naval history large better emphasized students see thermoplyae versus salamis however doubts battle alboran sea truly earning name second trafalgar ii leipzig may began entente retained control mediterranean however still facing immense pressures especially italy might recall entente invaded italy 1941 help support germans north opening second front may 1942 however quick victories taking sicily rheggio lengthy victory siege taranto fortunes dwindled early march general alphonse juin sacked following failures quickly conclude siege taranto mordacq appointed general maurice grisot stead commanding general republican second army subsidiary allied forces italy point italian front bogged due juins failure exploit italian opponents weaknesses quick manner grisots experiences spanish civil war left uniquely disposed topographical challenges italian war possessed heightened ability work well foreign troops command late march weeks command launched massena offensive saw forces advance north create salient around town foggia however offensive failed completely deliver region campania troops exhausted capturing battipaglia offensive stalled due part arrival reinforcing communard armies north namely italian first army french fourth army british fifth army upon arrival communard forces buoyed defensive lines across campania apulia causing grisot halt reevaluate italian campaign stage even including subsidiary entente armies attached second army grisot outnumbered peninsula feared offensive would push italian boot marshall mordacq alongside commanding general french foreign legion republican marine forces general aimé doumenc met general grisot massena april 2 agreed italian front stalled doumenc argued radical operation salvage front allied naval invasion take naples coinciding offensive grisots second army republican generals approved operation future use understanding incoming communard fleet naval forces would available immediate use however following battle alboran sea mordacq called another allied command meeting malta may 2 newly arrived commonwealth representation field marshall bernard montgomery immediate field commander general guy simonds representing dominion canadas newly arrived 8th army point commonwealth understood primary focus ongoing indian war deployments around iceland norway however following fall berlin commonwealth believed stronger continental presence necessary permitted army sent participate ongoing italian campaign montgomery mordacq agreed operation immediately north naples republican forces supported commonwealth sardinian marines would create beachhead immediately following third army corps republican first army would land combined forces command general jean touzet du vigier would assault naples north simultaneously grisots second army sardinian first army hellenic fifth army corps would launch two pronged offensive one prong would help take naples would attempt flanking maneuver italian sixth army foggia first prong would made primarily republican troops alongside sardinian first army hellenic fifth army corps second prong attempting flank surround italian sixth army foggia would constructed remaining elements republican second army dominions eighth army landed taranto immediately april 27 commonwealth new englands third army student new england probably aware new englands military presence second weltkrieg offensive would first time american troops would tested war thus far third army however would complete authority commonwealth bernard montgomery acting direct superior despite command general mark clark fifth army would instrumental helping success operation may 14 1942 allied landings began beaches licola 18 miles city center naples landings opposed reserve italian divisions fierce combat morning may 14 thousands allied marines able establish secure beachhead motorized elements first army could first start brought ashore midday second republican marine division landed doumenc ordered immediately advance south towards naples eagerly eyeing citys port reinforcement heavily armored reinforcements occurring morning may 14 communard attempt quickly end naval invasion stifled allied offensive across line beginning second armys offensive towards salerno salerno would captured left line end day may 14 may 15 dawned grisot received word doumenc marine expedition enduring fierce urban combat northern naples early morning hours grisot decided press men onward salerno continue pushing towards naples throughout may 15 despite mounting casualties may 16 however elements second army sardinian first army reached southern outskirts naples northern parts city contested allied marines italian british garrison forces next days saw fierce urban combat saw allied armies victoriously take port naples may 18 capture port key objective marine landings secured necessary reinforcements supplies flowed doumencs forces communard command regarding campanian campaign thus far fallen generals teruzzi italy gott britain direct superior peoples marshall edmondo rossoni italy ordered men retake city general gott hoping hard fought speedy advance towards naples could potentially take city back exhausted allied forces began britishled attack city may 20 however two days offensive casualties mounted gott attempted visit frontline inspire troops killed sardinian sniper death general gott marshall rossoni called halt neapolitan counteroffensive opposite side italian line montgomerys offensive towards foggia completely outflanked italian sixth army quickly realizing sixth armys positions around city extremely well fortified montgomery instead attacked french fourth army supported sixth armys right flank guarded supply lines troops french fourth army opposed entente troops months prior taken city munich germans commonly regarded one finest communard armies subsequent engagements bloodiest points combat entente internationale thus far general simonds clark entente slowly began pushing french forces back partially due well supplied motivated commonwealth forces able weather green nature well organized command structure stable lines communication logistics contrasting french forces although extremely experienced suffered general lack communication italian counterparts difficult supply situation slowly surely french forces began give way may 24 general teruzzi launched another italian counteroffensive towards naples bloodily repulsed may 30 entente realized objectives naples taken communard forces italy bloodily pushed back meanwhile flanking italian sixth army developed encirclement due poor communications communard allies end june entire italian sixth army would surrender operation cannae offensive called truly earning battle leipzigs battle nations moniker entente armies composed six nations dozens nationalities ethnicities represented forces communard forces similarly represented six nationalities offensive popularly overlooked however due later allied italian successes capture rome later marcellan offensive eventual allied landings marseille toward end year part reason lack discussion bloody campaign sides rather quick decisive victory hard fought campaign entente sacrifice thousands men victory southern italy despite however preemptive offensive nature operation allowed entente position italy grow stronger shatter communard hopes quickly ending war iii napoleon finally turn man henri mordacq fond regarded many ways second son louis bonaparte louis bonaparte arrived algiers 1937 mordacqs repeal law exiles immediately entered algiers military academy graduated spring 1940 upon graduation young bonaparte given commission lieutenantcolonel sent east mordacqs direct influence become chief staff armee dorients commander general maxime weygand weygand began slowly despise young erstwhile chief aide despised ever young bonaparte began win hearts men east eastern theatre second weltkrieg summer 1940 centered around war india imperial commonwealth attached support portugal republican france fought bharatiya commune control subcontinent upon bonapartes arrival nearly next year half would act limited role front occasionally winning glory battlefield courage fall calcutta awarded honor medal courage devotion much popular acclaim however previously stated relationship superior stuffy ever cautious general weygand continued sour even bonapartes fame continued rise weygands continued annoyance bonaparte played role alongside overly cautious use forces eventual sacking marshal mordacq appointed general aubert frère replacement frère much willing exploit young bonapartes youthful bravery especially close relationship media sake eastern war effort promoted bonaparte brigadiergeneral placed command 1st brigade 5th marine division post young generalprince held fall berlin announced soldiers india following announcement globally princely federation south aided japan also declared war entente attempting unite india dominion exhausted victorious campaigns north still ongoing bonaparte division railed west month waiting early april shipped ahmedabad portuguese colony goa straight eye storm throughout april may june general bonaparte men fought successful defense city goa endured countless assaults due readied entente naval supply lines kept citys defenders populace going june princely federation forces withered continuous assaults dealing general offensive north called siege allowing time bonaparte brigade participate clive offensive pushing west clive offensive bonapartes divisional commander mortally wounded bonaparte took command division interim successfully leading conclusion offensive service general frère allowed bonaparte keep command promoted divisional commander fifth marine division post would keep throughout war mordacq mention name alongside victories despite french bravery calcutta goa overall french investment india low overarching command 30000 men simply put young bonaparte powerful republican media people successes abroad painted republican papers broadcast far wide hear fact face became prominent many hardline republicans within radical party asked mordacq censor mention young bonaparte press fear invoking monarchist sympathies old general morale benefits popular hero paternal affections declined napoleon instrumental months giving french people entente large hero root abroad furthermore terms victory always important ask end result looks like would victory bring world final entente victory would eventually bring presidency louis bonaparte presidency commonly ranked among greatest history french executives hard imagine lacking extensive military career bonaparte wouldve approached bloc nationale 1947 iv conclusion entente lost 100000 men beginning april end may 1942 greatest sum losses sustained thus far summer began ententes war effort particularly republican france shifted slightly towards defensive regrouped recovered could late summers planned operations overall might seen reading entente victories offensive masterpieces entente dealt minor casualties thousands communard forces fell instead hard fought hard victories designed keep ententes ability win war going usually arent well taught popular discussions war plumbing victory ideal historical epics narratives like talk instead however historians today indeed many participants back 1940s continue use mordacqs quote adequate description ententes war survival early 1942 sources bear triumphant henri mordacq architect french liberation henry abbot 2011 spartacus rising italian front edward lockston 2016 third totalist evaluation daniel endante 1998 legionnaires diary story constantin durand theodore karrow 1965 steel death battle albora lord edward steele 2004 imperial president georges alerion 2011,negative,135,1641777669.0,-1
Algeria,Algeria foreign investment,18001850 rise united islamic propagandists early 19th century group arabian propagandists emerges vision unite islamic world single state embark journey sailing indonesia bangladesh pakistan afghanistan turkic states iran caucasus anatolia travels funded persuasive skills wealth acquire along way 18601870 arab separation ottoman empire arab territories within ottoman empire break form state encompassing arabia north africa ottoman empire attempts crush uprising barbary pirates side new state providing crucial support russia also sends military generals train aid rebels leading collapse ottoman forces eventually ottoman empire sues peace rebellions erupt europe 18701900 formation arabian commonwealth newly formed state reorganises commonwealth adopting elected parliamentary system electors governors individual regions chosen general population region north africanarabian state fueled vast wealth egypt begins build powerful navy defence european colonialism 19001920 colonial conflicts naval development britain seizes egypt north africanarabian state leaving arabia libya tunisia algeria france conquered algeria granted degree territorial sovereignty arabian part empire thrives wealthy trading kingdom libyan part discovers significant oil reserves leading economic growth 1898 railroad constructed arabia libya british support empire invested research amphibious landing vehicles leading development troopships 1910 also witnessed population boom driven grain production booms levant iraq migration occurs neighbouring regions including persia coasts persian gulf mediterranean red sea 19101915 naval expansion italian conflict 1910 north africanarabian state completed construction 1000 troopships 10 dreadnoughts 1911 italy declared war empire control libya however empire prepared conflict successfully blockaded italian forces libya eventually defeat italian navy seize italian colonies horn africa force italy surrender 19151917 involvement world war world war empire aligns central powers launches invasions egypt french north africa empire encircles egyptian forces pushes morocco sudan gains strategic advantages conduct swift push russian caucasus capturing georgia azerbaijan eventually entente powers seek peace leading territorial adjustments 19191925 reorganisation russian civil war iran conflict 1919 soldiers returning war contributed population boom within empire seized territories caucasus russian civil war negotiated recognition true russian government exchange aid 1923 tensions escalated iran leading arabianiranian war empire blockades iran gradually advances culminating landing caspian capture tehran 1925 19251945 militarization expansion world war ii safeguard territorial threats empire embarks period militarization fund support arabian propagandists particularly targeting destabilised regions china muslim parts indonesia world war ii empire joins allies leveraging control libya aid invasion italy secured sicily southern spain paris peace treaties 1945 gained italian anatolian lands 19451952 postwar expansion regional conflicts postwar years empire fuels islamic rebellions africa fakes egyptian declarations war intervenes various african nations establish nuclear program utilising iranian uranium acquire nuclear weapons 19521962 industrialisation interconnectivity empire began industrialisation programme rural parts empire indonesia pakistan bangladesh horn africa regions held high population low production railways would constructed canals dug roads paved regions saw unprecedented growth 1960 richest parts empire high production stable economy 19621971 conflicts proxy wars conflicts iran ussr nearly lead wars diplomatic resolutions reached iranian civil war lead fought communist anticommunist forces sides refused aid backing us directly intervened powerful skilled arabaian military flooded battlefield empire suffered 120th casualties inflicted following ussr withdrew allowing full annexation iran 19711986 confederation consolidation empire formed confederation encompassing arabian african pakistanibangladeshiafghanistani indonesian states addressed many ethnic tensions within empire 19861991interventions annexations 1991 confederation intervened central asia following collapse ussr successfully integrating islamic turkic states confederation empire focuses maintaining control stability within territories including regions ethnic tensions military occupation implemented regions like kurdistan sicily anatolia spain iran caucasus 19911999 strengthening projecting new rebellious lands made increase already powerful armed forces necessary already best armed forces world though good offence occupation new force made itmf islamic territorial mantanment force itmf domestic force trained designed occupation forces crushed domestic revolts 2 years creation focus military led realisation issues power projection would solved via purchasing military bases small islands around world making military outposts soon confederations power projection even greater ussrs gaining allies latin america africa asia 20002005 reorganisation stabilization building upon work previous policies confederation would reorganise remaining territory districts assimilation larger islamic identity pursued would also large nationalisation foreign businesses confederation thought intrusion domestic stability would specifically anger usa invested half trillion confederation war impossible win due powerful military nuclear arsenal us confined embargo though confederation already self sufficient effect 20052011 rise confederation fall america us embargo confederation little economic downturn major trade partners europe asia us hand affected deeply worlds oil found confederation oil drilling us downscaled fit environmental quotas us found oil shortage confederation convinced china begin reduce trade offering free access railroads directly europe africa making trade us unnecessary confederation even went far pull europe away us preferential trade threats embargos force europe abandon us us economic decline confederation began fund antiestablishment groups us mostly texas california 20112019 us civil war pax islamica us economy second great depression confederation would begin send arms independence movement us 2016 election voter turnout rate 61 made election controversial discovered brazil russia china confederation changed results full blown succession crisis us south backing donald trump north backing hillary clinton chaos canada seized alaska confederation seized overseas us bases along hawwahi confederation would also ensure texas west coast seceded along mexico seizing new mexico arizona florida would attempt secede would stopped leading bottom half making us full blown succession crisis breakaway states would make ceasefire declared two us governments forced recognize independence two would claim true america truth stuck ceasefire 20192023 one world power pax islamica secured world bended whim muslims small ottoman breakaway state one world power tale islamic confederation one rise decline like waves controlled force nature like land occupy immovable truly age foederata pax islamica map flags flag turkestan flag arabia flag africa flag indonesia flag pakistanafghanistanbangladesh,negative,4,1688421395.0,-1
Algeria,Algeria foreign investment,date 06072023 reading time 6 minutes 1323 words eu mission armenia open three additional operational hubs euma plans open three additional operational hubs kapan ijevan yeghegnadzor euma head mission markus ritter welcomed eu delegation coest working group martuni every week patrols cover 3800 km distance armenpress eu mission planning open three additional operational hubs armenia armenia interested developing comprehensive cooperation uk eu border mission double number operational hubs armenia armeniaczech republic militarytechnical cooperation agreement discussed defense security committee deputy minister defense arman sargsyan presented agreement lawmakers june 7 said agreement define direction cooperation militarytechnical area agreement covers production militarygrade products imports exports procedures armenpress germany expects immediate release armenian pows kept azerbaijan germany expects armenian prisoners war held baku immediately released part peace negotiations chairman committee foreign affairs german bundestag michael roth said press conference held yerevan armenpress azerbaijan provides information echr regarding 2 kidnapped armenian servicemen azerbaijan provided information echr regarding two kidnapped armenian servicemen hope azerbaijan also agree implement eu mission side received optimistic signals roth chairman committee foreign affairs german bundestag michael roth hopes azerbaijan also agree activities eu civilian mission azerbaijani side roth said conversation journalists yerevan armenpress speaker simonyan uk house commons foreign affairs committee chair discuss azeri aggression armenia speaker parliament alen simonyan delegation met uk house commons foreign affairs committee chair discussed opportunity launching direct contacts two parliaments continuous azerbaijani aggression armenias territorial integrity also discussed armenpress speaker alen simonyan meets sir lindsay hoyle house commonsexpresses eagerness develop armeniauk ties bundestags michael roth visits armenian genocide memorial calls securing armenias territorial integrity german bundestag member michael roth visited tsitsernakaberd armenian genocide memorial yerevan roth members delegation laid flowers eternal flame memory victims armenian genocide armenpress armenia congratulates five newly elected nonpermanent members un security council armenian ministry foreign affairs congratulated five newly elected nonpermanent members un security council algeria guyana republic korea sierra leone sierra leone serve twoyear period 15member body composed 15 countries five permanent members armenpress mirzoyan discussed regional security issues us deputy secretary state armenian foreign minister ararat mirzoyan telephone conversation derek hogan acting us deputy secretary state european eurasian affairs minister emphasized ensuring maximum possible certainty process demarcation particularly 1975 importance commitment around map civilnet armenia china report 394 increase commodity turnover trade turnover armenia china amounted 176 billion 2022 increasing 394 compared period previous year commodity turnover januarymarch 2023 4488 million 435 increase compared period last year 11th session armenianchinese joint commission trade economic affairs held beijing armradio diaspora armenias black gold economic development diana sarumova executive director european business association armenia talks armenias improving business environment sarum civilnet freedom house commends readiness armenian authorities participate forum democracy freedom house says honored host second armenian forum democracy alongside armenian ngo union informed citizens forum focused navigating democratic development face security challenges freedom house president michael abramowitz joined pm nikol pashinyan president vahagn khachaturyan us ambassador armenia kristina kvien armradio armenia determined prosper safe peaceful region alen simonyan delegation led president national assembly armenia alen simonyan threeday working visit united kingdom speaker house commons parliament uk sir lindsay hoyle welcomed visit delegation armenpress armenia us normalization armeniaazerbaijan relations russia appreciates brotherly ties armenia says pm mishustin russia appreciates brotherly relations armenia strategic allied nature trade armenia russia grew 96 januaryapril stood 140 billion rubles mikhail mishustin called increasing volume trade investments armenpress armenia us normalization armeniaazerbaijan relations armenian prime minister visits russia eurasian cis intergovernmental council meetings nikol pashinyan visit russia june 79 participate meetings euras armenpress armenian fm calls maximum possible certainty delimitation process azerbaijan minister foreign affairs armenia ararat mirzoyan talked phone us acting assistant secretary state european eurasian affairs derek hogan ararat hogan discussed issues regional security stability foreign ministry said readout armenpress armenia turkey fms express willingness continue working towards full normalisation relations foreign minister ararat mirzoyan phone conversation newly appointed minister foreign affairs turkey hakan fidan armradio armenia us normalization armeniaazerbaijan relations azerbaijani activist arrested posting post criticizing aliyev amrah tahmazov sentenced 30 days administrative detention charges hooliganism disobeying police orders activists claim arrest related post social networks addressed president azerbaijan personally civilnet azerbaijan urges citizens visit iran azerbaijani foreign ministry urges citizens travel iran warning comes amid strained relations two countries ministry foreign affairs azerbaijan announced farid safarli azerbaijan citizen studying germany arrested iran charges espionage civilnet foreign ministers armenia azerbaijan meet june 12 washington armenian azerbaijani foreign ministers ararat mirzoyan jeihun bayramov held series meetings washington early may fourday negotiations foreign ministries two countries noted positions parties number key issues remain different civilnet armenia us normalization armeniaazerbaijan relations eu mission open new operational centers kapan ijevan yeghegnadzor european union mission armenia open new operational centers kapan ijevan yeghegnadzor head mission marcus ritter said first 3 months mission39s presence 300 patrols carried operational centers civilnet donations armenia himnadram servicemenfund armenian wounded heroes armeniafund youd like support patreon technical updates added panarmenian civilnet sources include combination english armenian articles armenian articles translated english using google translate api keep mind may perfect also google translate costs become high may limit armenian articles also might notice ordering articles little weird might articles important included irrelevant articles included ill working improving next please provide feedback sources youd like see formatting etc ill work improve,positive,19,1686196102.0,1
Algeria,Algeria foreign investment,international monetary fund world economic outlook 2020 worst predictions turned correct beginning july great recession returned homes halls drops gdp increases unemployment bankruptsy rate never seen 2008 however many countries reacted quickly necessary reforms bailouts momentum kept financial crisis could beaten without major loss predicted global growth rate next year 208 oil natural gas metal agricultural production prices dropped dramatically thanks decreasing demand recessionstrucken west along lower investment foreign aid moderate negative effect thirdworld developing economies whose production worth less sold less meanwhile gold prices soured manner similar first great recession beacon stability investors especially since us dollar euro chinese yuan dropped value international monetary fund officially classified 2019 recession year gross global product dropped compared last year dark times ahead us action towards fighting global recession european union european central bank quickly began ordering largescale bailouts lower interest rates union followed despite one worst recession unstable eu managed slowly pull together however fine dandy union romania voted leaving midst recession despite invoking article 50 yet economy crashed within weeks autarky plans could save fall united states executed important reforms changes light recession ones likely saved nation complete catastrophe bank reform erasing student loans others still americas received tough blow growth year negative gdp growth us shrinking economy terrible effects latin america example dollars value dropped nonstop since july china meanwhile anything stop dramatically rising unemployment shrinking economy great recession appears rapidly falling might never stand back feet chinese economic downturn negatively affected economies east south asia would normally pushed second great recession without much problem resource price chart resourceprice oillow gaslow industrial agriculturelow metalslow precious metalvery high forestrymedium fishmedium grainsmedium coallow regiongrowth northern america mexico490 latin america caribbean200 europe central asia520 north africa middle east210 subsaharan africa250 south asia myanmar250 east asia pacific600 world economy modifiers country 2017 countrymodifier burundi2 ethiopia2 uganda2 tanzania4 zambia3 zimbabwe2 angola2 cameroon2 chad2 congo15 dr congo35 eq guinea2 gabon2 algeria15 egypt2 libya2 sudan03 botswana5 namibia45 south africa4 benin2 burkina faso3 ivory coast3 ghana2 guinea3 liberia4 mauritania2 nigeria02 sierra leone2 china29 hong kong sar3 dprk8 rok25 tajikistan4 kazakhstan06 turkmenistan3 afghanistan2 bangladesh15 india04 iran21 nepal2 sri lanka3 brunei3 indonesia1 malaysia08 myanmar2 philippines2 thailand02 vietnam2 bahrain01 iraq5 israel85 jordan1 kuwait200 lebanon130 oman100 qatar150 saudi arabia030 syria1000 uae2 yemen3 bulgaria050 czech rep050 hungary070 poland050 moldova050 romania330 russia110 denmark050 estonia050 finland050 ireland050 latvia050 lithuania050 norway020 sweden050 uk050 croatia05 greece24 italy13 malta05 portugal05 slovenia05 spain08 austria050 belgium050 france080 germany060 luxemburg160 netherlands050 switzerland040 cuba3 domincan rep2 haiti2 trinidad tobago3 guatemala200 honduras200 mexico110 nicaragua200 bolivia300 brazil030 colombia200 ecuador200 guyana040 suriname200 venezuela400 canada030 united states090 fiji1 guide budgets ndash economy global powers ndash international monetary fund,negative,7,1467623074.0,-1
Algeria,Algeria foreign investment,years press freedom index reporters without borders rsf widely quoted even though methodology biased rsf long led white supremacist penchant usled regime change rsf targeting asia according recentlyissued new world press freedom index wpfi greatest media freedoms prevail western europe north america worst emerging developing economies media ngos led veteran journalists whereas organization behind index founded robert ménard whose media experience limited pirate radio station unpopular magazine performed poorly closed 1985 three colleagues cofounded reporters sans frontières reporters without borders rsf regime change latin america reports published council hemispheric affairs us newspaper guild journal 2005 criticized rsf receiving funding us government cuba opposition groups part neocons crusade castro regime rsf denied allegations political agenda confirmed received grant national endowment democracy funded state department centre free cuba63 2006 online magazine counterpunch said rsf falsely linked former president jeanbertrand aristide murder journalists failed criticize successors crackdown press freedom64 rsf criticized supporting media outlets favour coup attempt venezuela 200265 response rsf stated condemned media support coup66 otto reich lucie morillon rsfs thenwashington representative confirmed interview 29 april 2005 organization contract us state departments special envoy western hemisphere otto reich signed capacity trustee center free cuba inform europeans repression journalists cuba67 counterpunch criticised rsf connection reich said major figure irancontra affair helped coordinate repeated attempts oust venezuelan president hugo chavez oversaw february 2004 coup haitian president jeanbertrand aristide67 haiti 2004 reporters without borders released annual report haiti saying climate terror existed attacks threats persisted journalists critical jeanbertrand aristide74 august 2006 article counterpunch said rsf ignored similar attacks journalists including pacifica radio reporter kevin pina latortue government 2005 200675 pina said clear early rwb robert menard acting objective guardians freedom press haiti rather central actors described disinformation campaign aristides government provide false information skewed reports build internal opposition governments seen uncontrollable unpalatable washington softening ground eventual removal providing justification pretext attacks freedom press75 venezuela le monde diplomatique criticized rsfs attitude towards hugo chávezs government venezuela particular 2002 coup attempt73 rsf said supported procoup media outlets venezuela used opposition advisor maría sol pérezschael caracas correspondent76 reply robert ménard said rsf condemned venezuela medias support coup attempt77 2009 rsf published open letter hugo chavez stated globovision hounded venezuelan government reporting 2009 earthquake venezuelan government said globovisions reporting earthquake inciting disruption public order article published axis logic website salim lamrani criticised globovision said rsf tried turn serious outrage journalistic ethics serious failure responsibilities media violation freedom press78 alleged bias favour europe us 2007 john rosenthal argued rwb showed bias favour european countries79 2009 article rwb venezuela cited salim lamrani stated rsf organization defends freedom press obscure entity political agenda precisely commissioned discredit possible means progressive governments world find united states blacklist78 observatoire de laction humanitaire centre humanitarian action criticized rwbs lukewarm criticism us forces shelling 2003 palestine hotel baghdad iraq killed two reuters journalists family one deceased journalists spanish citizen josé couso refused allow spain chapter rwb attach name legal action led family us army voicing disgust fact rwb interviewed us forces responsible shelling surviving journalists rwb showed acquiescence us army thanking precious help76 2007 thankful rsf justified iraq invasion ménard arguing legality torture similar joint interests mark rsf activities middle east libya iran iraq rsf founders white supremacist ventures rsfs first secretary general directorgeneral ménard ruled organization almost three decades 19852012 like autocrats presumably opposes process managed alienate cofounders inspired political extremism since child ménard grew age family links farright terrorist oas french paramilitary group contributed algerias massacres 1950s terrorism france including assassination attempts president de gaulle philosopher jeanpaul sartre toward end rsf reign ménard embraced farright publicly since 2014 served mayor béziers southern france known islamophobic warned muslim refugees welcome france like expresident trumps farright mobs touts white genocide conspiracy jews globalists seek replace whites muslims middle east recently rsf led christophe deloire cautious rhetoric shares ménards geopolitics touts rsfs new information democracy forum like predecessor deloire alienated rsf organization thanks restructuring departures layoffs rsf funding funds rsf per rsfs website 90 funding comes institutional grants like euministries private foundations corporate fundings quoted earlier also confirmed receive funds us state department national endowment democracy funded us govt rsfs website states us govt funds particularly reporting asia national endowment democracy ned supports rsfs reporting media freedom violations throughout world especially asia among private foundations heres omidyar acknowledging fund rsf omidyar funds altnewscaravanwirescrollquint international fact checking network short global arbiters truth omidyar funds rsf via foundation luminate foundations contributing include ford foundationknown function footsoldier cia apart fondation de france edf foundation varenne foundation sigrid rausing trust fondation carmignac parisbased fondation pour les droits humains didnt time google foundations turn funded maybe someday soros open society foundations anckowledging contributions rsf program independent journalism supports global freedom expression organizations committee protect journalists reporters without borders ifex well several regional national press freedom organizations among corporate funders include american express societe generale salesforce fastly etc today rsfs total budget 61 million euros funds 20 activities internally 40 based institutional grants french foreign ministry french defense ministry whereas 35 stems private foundations ngos eg neda ford foundation corporate individual donations eg american express french bank société générale funding billionaires including george soros via open society pierre omidyar indirectly shaped rsf activities return french us funds rsf largely silent media abuses france west ending til 2 little tidbits 1 week back us journalist broke story bill clinton secretly meeting one judges presiding hilary mail investigation found dead little noise us media 2 today rsf demanded rescinding fir muhammad zubair cofounder altnewsfunded omidyar rana ayyub saba naqvi spreading fake news fanning communal tensions claiming muslim beaten saying jai shri ram accused beating arif aadil mushahid parvez gujjar kallu polli kek,negative,70,1624119960.0,-1
Algeria,Algeria foreign investment,algeria thats 3rd world country north africa want simple want open llc wyoming reddit various websites yt videos said easiest state incorporate foreigner use prestige us company would give significant edge country set apart competition said working country algerian clients us employees us clients llc used set apart competition problem money receive algerian clients sent llc american bank first transfer money algeria dont know money taxed want correctly legally want pay taxes since im already taxed algeria im double taxed pay something like 70 taxes even owrth problem idea us taxes work far research goes informations subject limited found need fill non resident status return form 1040nr paying accountant saying get accountant monthly wage 150 getting one significant investement want gather much informations first,positive,1,1681927613.0,1
Algeria,Algeria foreign investment,energy rewrite mess french im tired google translate sub toxic joined around bit year ago see gets ratchet toxic time passes like actually hell like weird get toxic mean constant atheist vs muslim wars sub yall toxic atheists reason whole vendetta islam keep bashing islam every time get like trying fight something happened past im sorry introduced hardliner islam many bad effects mentally spiritually show distortion real thing get hope find islam hardline like people made muslims engage back forth nonsense toxic atheist sub taking hadiths context like exmuslims taking quran verses islamic principles context quoting everything looking historical context either applying stuff present day societies im tired point thank muslims actually shown islam beautiful actually shown things proper context quoting things fully thank hope allah rewards immensely people muslim nonmuslim sadly people sub actually know thank im honestly tired toxic people comes religion fight fight fight lot misconceptions keep getting reproduced racist people hate group former ill say mixed algerians come sub mix white european algerian black algerian et cetera im sure anyone sub asian algerian anyways racist people love exclude anyone shade browner blank sheet paper like hello algerians come many shades fair skin people like zineddine zidane brown skin people like wonderful legendary cheb khaled algerian wellknown algerian household name stop gatekeeping algerian racist people family may fair skin part mean thats reflection every algerian also berber may brown skin mean slave descendant slave amazing none say fair skin ones descendant slaves despite europeans captured slavery north africa wanna talk dark black africans slaves northern africa tiring point especially ive read descriptions berbers described fair dark skin linguist warriors group seems vehemently hate french language well sorry algeria got colonized france explains reason arabic one official languages dont hate arabic also shows algeria colonized arabs algeria muslim country without arabic official language look gambia hate french language flipping language people many algerians cannot even speak french well matter anyways also icomplaining literally nothing change official languages changing official language english going make algeria first world developed nation like think language determine countrys economic development thats government trading deals domestic companies growing infant industries international companies investing country instead thinking french holding back start looking lack employment job scarcity poor economy holding country back tourism going help revitalize economy company relies solely tourism shows economy already failing cannot support sustain makes country dependent see youll never dependent foreigners way berberist vs arabist wars people something better sorry break genetically berber many genetically mix berber european middle eastern care want identify berber arab algerian choice really cruising others ancestries cursed ancestors please arab algerians straight middle east arab calm thank dear berberist people racist arab algerians doesnt help either ones ancestors got detribalized subsequently got arabized ones fought hard keep entertaining stupid fights tired seeing figthts coming ive sub little year ive seen stupid fights pop enough times problem look search engine sub history repeating sub jobs children tend school something sexist people seen much women sexist mainly men needless say bashing another sex nothing insulting women spreading sexist propaganda insulting women wrong imagine mother would feel would like someone telling mother something sexist also since love jump stuff hijab different opinions hijab respect different opinions please women still dress modestly men much men even cover lower abdomen thighs yet men say nothing complaints find anything bash women think makes better pious person stop using women easy target know life know knows opinion follows know struggles go cover thighs going beach first cover lower abdomen first instead flaunting rest humanity insulting women still wear clothes like piety called sexist rude please please please stop bashing west stop praising westerner european north american make better make worse people want praise west like best place earth like cursing like bad please stop wrong keep thinking grass greener side west godforsaken place sides extreme need chill look reality stop believing myths west youre necessarily free may think life easy make think sex everywhere readymade open brothel like may think might actually get arrested first sexual harassment behave problems like place theres need romanticize villainize west amazing toxic sub truly really toll mentally speaking already worsen preexisting mental conditions amazing many people toxic sad truly,positive,61,1606854929.0,1
Algeria,Algeria foreign investment,world economy shambles european unions gross domestic product shrinking 14 everything one fire neoliberal world order going go straight hell eu doesnt take immediate action without mincing words lets european plan economic recovery european economic recovery plan already taken thats right keynesianism back baby crisis much much dire great recession 2008 european union going employing many strategies used correct market hopes theyll work time theory says good economics know cant throw money except thats going like predecessor european economic recovery plan 2008 european plan economic recovery henceforth referred europlan seek stimulate shortterm demand assist initial bounceback importantly seek make proper investments economic sectors experiencing continued setback including limited semiconductor manufacturing pharmaceutical research manufacturing agriculture green energy promote stable sustainable growth areas allowing different regions eu play specific economic strengths weaknesses hopefully giving love lessdeveloped nations regions process total cost europlan expected fall 400 billion 500 billion usd since funding allocated european union european investment bank also national governments eu member state allowing degree flexibility nations handling situation naturally funding european union european investment bank allocated needsbasis meaning poorer countries hit harder depression proportionately funds disposal debt inevitably racked hopefully easier manage smaller nations sacrificing stability growth stability growth stability growth pact european institution exists ensure guessed stability growth eu member states especially eurozone primary mechanism occurs monitoring deficit spending debttogdp ratios eu nations generally eu members strongly advised maintain budget deficit less 3 gdp maintain debttogdp ratio less 60 isnt always case member states greece maintain debtgdp ratio around 150 excessive deficit procedure comes series actions taken eu recommended take state violation bring numbers back normal levels however times anything normal reason sgp strict regulation work around therefore european union lifting requirements stability growth pact three years upon expiry statute 2033 commission review status decide whether extend exemption allow eu member states much greater measure flexibility ability borrow money stimulate economies muchneeded measure especially useful nations low debttogdp ratios bulgaria czechia denmark romania estonia avoiding punishment taking debt nations already struggle greece portugal belgium taking interest interest rates since 2016 european central bank maintained interest rate steady 0 ecb maintain low interest rates effort incentivize taking loans stimulate economy central bank also issue recommendation national banks eu member states reduce interest rates ensure ecb bearing entire brunt hopefully relatively large demand loans member states also encouraged take whatever loans need within reason encourage citizens master rebaters european union also encouraging member states lower taxes purchases products industries represent stable highpotential investment areas including limited green energy especially consumeruse solar panels electric hybrid vehicles consumer industrial electronics pharmaceutical products like 2008 eu encourage member nations institute robust scrapple programs citizens scrap old vehicles exchange cash spend stimulating economy allowing metal machinery within scrappers put good use manufacturing sector europlan also calls lowering eu value added tax member state alleviate tax burdens consumers 2009 united kingdom took advantage opportunity eu wishes members states know every tool disposal deal largest economic crisis world history laundry list recommendations european union also issuing number recommendations member states political capital right enforce would beneficial member states include temporary increase unemployment benefits total relief duration compensate extreme job loss increase subsidization loans small businesses defined eu bailing major banks financial distress dangerous unhealthy practice sure necessary one see ship home european manufacturing plan investment reorganization expansion europlan anticipated assist alleviating much immediate trouble caused second great depression much stake current moment wise man said chaos ladder european industry initially ravaged crisis exist chance rebuild european manufacturing hightech industry giant meant enter empire european manufacturing plan investment reorganization expansion aimed taking advantage global shortfalls research key future technologies renewable energy hightech manufacturing pharmaceutical development empire key new european century marked economic growth ashes asiacentric global manufacturing market best medicine european union dominate global pharmaceuticals market title belongs north america europe firm hand business controlling approximately onequarter worlds pharmaceutical sales 2018 success germanled pfizer britishswedish astrazeneca covid19 vaccines propelled european pharmaceuticals forefront industry reminded world eus scientific medical prowess decade infamous global pandemic eu must harness legacy global medical leader capitalize downfall chinas industry 2020 made nearly onethird global market instrumental pharmaceutical industry capacity attract importantly produce scientists capable leading next generation breakthroughs fortunately europe home renowned universities world already robust program attracting foreign talent erasmus program brings students across globe european universities destruction much taipei taiwan fuzhou china home fuzhou university hosted well 50000 students part chinas project 211 program aimed improving peoples republic research capabilities education standards thousands displaced students searching opportunities european union generosity hearts offer students chance redemption inviting formerly studying colleges biological sciences engineering chemistry environment resources chemical engineering economics management ability apply erasmus program cost encourage eu member states assist students acquiring work visas may intern european laboratories businesses production centers offer extended students university taipei assuming much destroyed damaged fighting economic troubles taiwan taken heavy toll education system naturally eu advises university chooses accept students peoples republic china nascent republic taiwan whatever name may choose institute proper procedures slowly integrate students one another humanizing side eyes focusing importance studies potential new lives europe old national rivalries cannot expect work perfectly ultimately policy segregation may pursued obvious reasons cannot european unions official stance aside students european union advise pharmaceutical companies focus poaching scientists businessmen engineers wartorn areas naturally framed offer generosity simply providing work displaced experts world whose knowledge valuable go waste failing economy genius cannot properly used people obviously happy return china choice time comes secretly banking fact benefits european companies quality life european nations good leave diplomatically nothing temporary relocation nations rebuild companies advised subtle possible poaching methods avoid obvious solely necessity reason love diversity domestically european union place greater emphasis stem fields encourage students aptitude pursue careers biological sciences chemistry engineering coming years european central bank hosting summits work nations desire expand local educational opportunities quite generous terms loans nations wish lower costs education increase opportunities construction new schools expansion existing ones new advertising initiative dubbed renaissance 2040 launched intent marketing education careers science young europeans hearkening back days european science culture brought world new age technology exploration enlightenment however education alone cannot build pharmaceutical empire corporations people need adequate support carry burden european union wishes place upon measures tame european commission encourage nations afford especially current economic crisis blown increase subsidies medical research development specifically european union call creation consortium comprising eus biggest medical giants pfizer baxter bayer ag alexion novatis novo nordisk chemnovatic focus finding cure greatest medical threat twentyfirst century cancer current economic crisis precludes real necessary funding going toward effort initially serve primary purpose symbol renewed european effort toward bettering world medicine european tradition people take pride continue build measures however little drastic might even say insidious astrazeneca one europes renowned powerful pharmaceutical corporations headquarters within european union located within cambridge biomedical campus england however companys roots halfswedish union kingdoms facing general economic instability wake united kingdoms dissolution exclusion powerful united response european union attempts closely integrate united states country friendly europe respected europeans often maligned weaker quality control regulations european nations especially notorious standards american food drug administration compared european union therefore eu recommends government sweden enter negotiations astrazeneca move permanent corporate headquarters cambridge gothenburg historical home astra ab prior 1999 shift highestpriority research manufacturing efforts gothenburg campus renewed effort renewable energy interestingly world seen little guidance toward development renewable energy sources mechanisms utilize sources represents massive opportunity european union secure lead one important industrial sectors world currently therefore second main phase empire focus bolstering europes capabilities development production technologies european union big fans big fans especially consider eu worlds greatest capacity windpowered energy world meeting 14 europes electricity demand 2020 projected meet much onefourth demand 2030 europe 2030 almost certainly nothing like europe thought wed back 2020 investments wind power certainly paid europe terms total output output efficiency said makes sense europe share benefits excellent wind power industry rest world many nations would benefit wind farms due natural terrain lack opportunities many nations fall support umbrella european nation especially france due myriad excolonial holdings better look excolonies uh subsaharan africa idea green sahara isnt necessarily new even crazy minds behind atlantropa project speculating creation new land mediterranean basin scientists theorizing turn one largest generally useless tracts land world agricultural meme dream time recent research science magazine indicates largescale installation wind solar farms increase rainfall methods complicated explain econpost scientific journal mods want proof ask would increase rainfall four millimeters per day resulting 20 increase vegetation cover would take meager nine million square kilometers given current circumstances obviously feasible course many years may attainable goal see results nearly immediately due albedo feedback effect solar panels air temperature mixing wind turbines therefore european union recommend france corporations across union work saharan subsaharan african nations install energy farms naturally majorityowned european companies managed european overseers breadth local employment opportunities ability subsidized renewable energy surely appeal african nations dire need foreign direct investment course education rd investment necessary effort parts wrapped erasmus deal china taiwan parts covered renaissance 2040 initiative naturally funding projects slow first due much european unions member nations budgets going toward crisis relief union emerges second great depression money find way projects set eu rise dominant force renewable energy technology production wait weve talked technology far production come well thats finally get opportunity show love redheaded stepbrothers eastern europe someone asked say children ask didnt invest eastern poland answered eastern poland utter hellhole id better burning money kindling postversailles weimar republicstyle idiot apparently wasnt best answer kind kicking end day european regional development fund serious highlighted eastern poland area critical importance building domestic european manufacturing time take hint bite bullet invest eastern poland friends speaking specifically eastern poland speaking generally much eastern europe soviets might left behind bit mess whole ordeal collapsing whatnot left behind neat things like old factories havent used decades havent picked entirely clean even heck dont know entire towns somehow shrank 60000 people 1930s wehrmacht soldiers 5 people 2020 authors note town actually western poland point stands point extant manufacturing infrastructure poland romania nations eastern europe needs little bit modernization someone put place good use therefore european union along european central bank encourage aspiring investors businessstarters take zerointerest loan refurbish reintegrate factories european manufacturing community focusing construction parts solar panels wind turbines naturally isnt best environment start business open new factory eu expects delay announcement new manufacturing initiatives actual beginning factory refurbishment reopening first years critical establishing interest business connections ensuring proper preparations taken revival manufacturing eastern europe finally europe wishes become true renewable energy tycoon wont enough simply meet demand meeting international demand imperative creating demand reaching critical mass exports global usage goes business easier sell product everyone buying europe establish premier exporter unlikely anyone able compete quality products even somewhere like india china produce cheaply efficiency name game synthesis research production essential research much easier europe production increasing total output capacity manufacturing lowestcost nations poland romania hungary czechia well outsourcing europeanowned manufacturing europeanadjacent nations moldova turkey noticeably bring consumer prices acceptable line compared cheap lowquality alternatives european union open business wishes export partners including fta partners ukraine morocco algeria turkey south american federation mexico egypt south africa others know european manufacturing soon ready deliver affordable efficient technologicallyadvanced highquality product capable transforming nations energy grid semiimportant issue way time address elephant room number one problem facing global economy entire reason everything fire market fallen ninth layer hell global semiconductor crisis 2019 taiwan accounted 10 worlds semiconductor production china 6 nation realistically approach american levels production nearly half worlds share european union commands 10 production embarrassingly small one considers taiwan alone reaches heights however production taiwan china pretty much evaporated overnight leaving massive gaps industry waiting filled eu hears call marches forth answer fortunately europe semiconductor industry semismall one extremely noteworthy feature hyperspecialization nearly 50 europes total semiconductor production capacity nodes less 02 micrometers dominating share strong launching point initiatives analog microcontroller applications european initiative processors semiconductor technologies founded 2020 states europe requires certain critical mass semiconductor base truly competitive global market empire section europlan aims assist european industries reaching critical mass threshold taking advantage market shortages caused loss taiwanese chinese production working allied nations united states japan south korea shore technological deficiencies european efforts important industrial efforts current semiconductor market probably time irl closer 7 5 rely nodes size 3 nanometers 2 nanometers currently produced south korea formerly produced taiwan makes european course action fairly simple invite researchers producers taiwan migrate europe build industrial base work south korea trade expertise build manufacturing bases nations eu always taken fairly protectionist attitude toward semiconductor manufacturing especially market shift toward armbased processors primarily headquartered union kingdoms eus manufacturing leans toward nowdefunct x86 microchips however normal times old attitudes must broken world climb devastating crisis together first eu tackle issue lack access armbased processors eu suggests elimination trade barriers eu union kingdoms semiconductors products used manufacture including silicon germanium tin tellurium aluminum indium gallium eu also invite uok companies invest manufacturing hubsinrevival central eastern europe well balkan baltic states assist eu conversion obsolete x86 chips new arm processors build better economic ties unions strained past decade due tensions brexit difficulty navigating postbrexit postdissolution relationship britain continent eu representatives also subtly mention tax benefits associated operating say ireland well rest privileges associated eu membership pressure though something think uok left drifting ocean alone without eu aid one worst economic crises history furthermore european union work allied nations japan united states south korea make research expertise deficits friendly nations also suffering greatly second great depression japan korea even eu international cooperation serve bolster efforts rebuilding eu proposes number research grants joint initiatives nations ensure semiconductor manufacturing domain free world rather nations like china could threaten global market know reckless aggression badfaith trade practices semiconductor prices likely alltime high due collapse industry demand increased production capacity skyrocketed working allies bolstering research initiatives home european union secure place new market make lost expertise time taking advantage chaos build base course international cooperation avenue progress domestic eubased research grants investment funds essential creating healthy continental industry securing competitive slice production market expense spared effort semiconductors quite literally make world go round main facets empire initiative rely even work making aspect europlans manufacturing section single important effort european economy free trade free industry weve outlined whole lot going transform european industry overnight net solid 16 growth across board 2031 miraculous reforms theres one question left however materials make stuff coming well thats great question one actually going answer right existing agreements comes acquiring rare earth elements production semiconductors european union good potential trade partners eu existing trade agreements nations holding second third tenthlargest estimated ree reserves world vietnam south american federation south africa respectively countries massive reserves many cases lack ability extract europe comes europe provide nations funding expertise extract elements sold europe tarifffree made semiconductors sold back original countries guessed tariff free winwin everyone involved except maybe miners since thats fun profession generally comes sorts risks death dismemberment fun workplace activities ultimately deal would allow nations build much powerful competitive domestic mining industry allow europe build semiconductor industry allow nations benefit fruits labor barriers us exclusivity better europe prepared buy much use produce right thats much national budgets going toward crisis relief entire world coming years expect increase production capacity therefore demand rees lucrative deal would result fair sum money products changing hands benefit blocs new agreements countries mentioned previously may huge reserves rees extraction capabilities stated dont line potential brazil vietnam barely scrape top ten actual extraction resources south africa doesnt even make cut likely vastly smaller reserves however collapse china myanmar number one number three suppliers rees 2020 europe needs expand range potential suppliers fortunately us agreements works time free trade agreement negotiations australia asean eac ecowas going better part ten years read happening irl since 2018 ready come close granting us access fourthlargest producer rees approximately 17000 megatons per year 2020 eu also look reopening talks india thailand suspended 2010s nations previously expressed interest agreements major ree extractors naturally come strings attached eu would like see greater commitment democracy social justice thailand infamous practice intellectual property theft india cause european companies worry fta signed two parties would involve robust measure ip protection something india loathe approve strange reason parties certain hesitancy toward free trade one another may option left face devastating economic crisis harsh effects entire world finally european union must acknowledge potential benefits trade russia eaeu due myriad political concerns full eueaeu table yet least may hope agreement involves removal trade barriers russian rare earth elements exchange european semiconductors european companies stand gain much joint extraction efforts even european commission concedes free trade would generally benefit russian production capacity anything sides see obvious need work together repair one important industries world something eaeu eu cannot alone splitting rees economic blocs create shortage potential manufacturers memory invasion ukraine still fresh minds many europeans especially eastern europe baltics must come time europe russia admit need one another begin kind cooperation important areas baltics also specializing semiconductor manufacturing hightech industries due economic inclination toward hyperspecialization lead agreement quite beneficial swallow pride agree perhaps much nation eu stand gain semiconductor manufacturing expansion finally collapse chinese industry entire economy really great tantalus rare earth extraction project madagascar run china probably looking new benefactor european union first party phone currently chinese nonferrous metal mining group owns engineering procurement construction rights project betting thats defunct deal especially considering whole space thing rather let estimated 562000 tons rare earth oxides go waste let european union cooperation european association mining industries divide epc rights among european companies eu offer fair price great protections madagascarian workers well commitment environmental local protections unmatched china competitors mine troubled history sustainability safety environmental issues european protections second none problems taken care europe ensure madagascars people given fair share fruits labor colonial days era international cooperation equals beefing existing trade agreements signing new treaties european union able drastically reduce costs acquiring rare earth elements used manufacturing semiconductors bolster industry prevent possible competitors locking us market long didnt read eu running back gameplan used 2008 eu expanding pharmaceutical industry investing education poaching offering work displaced citizens taipei china eu renewable energy sector well launching campaigns invest central eastern europe build large amounts solar panels wind farms sahara desert eu investing heavily semiconductors attempting take lost taiwanese chinese market shares working close cooperation united states south korea japan share expertise eu looking finish sign free trade agreements australia asean ecowas eac reopen talks india thailand open new talks russia madagascar joint rare earth element extraction efforts subject change based eus consensus read dang post worked night,positive,7,1617772575.0,1
Algeria,Algeria foreign investment,first dont remember word détente ever came henry kissinger nixon presidency word détente coined describe goal normalization relations communist powers increasingly multipolar world cold waresque standoffs conflicts occurring algeria nicaragua time deétente make return specifically united states nato must normalize relations russia csto sake europe asia world large become increasingly clear russia become cooperative generally less hardline authoritarian following removal vladimir putin government president crenshaws first great commitment president normalization russianwestern relations china taken previous place main antagonist west russias growing economic projection creation eurasian identity could serve extremely powerful ally fight contain chinese influence however world longer seen polar terms cold war united states russia sole determiners geopolitics anymore rise china european union eurasian economic union therefore president crenshaw department state proposing joint meeting heads state united states america france west russia belarus kazakhstan east three members proposed union state committee attempt smooth eurasianwestern relations drafting historic proposals begin repair relationship destroyed decades ago summit currently scheduled take place geneva switzerland november 20th 2033 sides table clear goals nato wants russian interference nations allies csto wants nato eu influence nations allies president crenshaw believes yet achieved primarily due bad blood old longgone politicians years past nations modern leaders understand time put disputes behind us world changed since 2000s cold war united states russia stand gain much cooperation continued tension nothing harm nations allowing real threats china rise unchecked must put aside differences counter finally achieve true lasting peace eastern europe cold war berlin wall gone iron curtain long since rusted away time reach show world together natos demands venezuela currently russia maintains military presence nation venezuela including 100 russian soldiers much greater american concern number nuclearcapable jets clear putin administration maintained presence order antagonize america russianvenezuelan trade negligible russia owns two offshore gas rigs important avenue cooperation two nations military russia provides billions dollars loans equipment maduro regime largely proven money sink distracts funding important beneficial areas russia neither afford likely desires continue supplying rogue authoritarian regime weapons explicit purpose combating american interests continent withdrawal russian military assets venezuela would serve starting point détente united states actions nicaragua hopes make clear sole authority americas nations welcome invest cooperate benefit nations tolerate presence foreign soldiers aggressive influence time combative russianamerican relations must put aside petty disputes move address greater issues facing world today balkans recent years albania macedonia signed thirdtier members eaeu offering limited cooperation organization ultimately yielded benefits either side agreement nations previously considered candidates eu ascension albania member nato nations make border european eurasian spheres influence settlement regarding two nations must reached order proceed normalization regional relations clear eu wishes keep eaeu eaeu wishes keep eu therefore us proposes nations become buffer zone eaeu eu nations cooperate united states encourage unilateral alignment either albania macedonia russia rescind thirdtier eaeu membership balkan nations areas remain neutral time natos concessions union state formalization union state grand foreign policy goal russian federation past decade gone great lengths integrate deepen cultural ties russia belarus kazakhstan nato long held opposition union apparent support notable three countries russia honored fellow nations throughout efforts bring together realizing intent union state improve lives people nato longer antagonize russia efforts build new multicultural identity eurasia united states nato agree cede activity hinders integration union state go forth unopposed activities member union state long peaceful unification remains clear goal ukraine ukraine long served point contention european union russian sphere previous attempts initiate ukrainian ascension eu andor nato largely ended failure russian attempts normalize relations ukraine lessthansuccessful even formal recognition crimean referendum maintain ukraine allowed control sovereignty recognize concession must made order pursue successful policy détente ukrainian alignment eu worth decades continued tension russia therefore propose eu abandon idea ukrainian ascension public statement eu desire expand farther east already also effectively abandoning idea turkish georgian ascension maintain close eye situation ukraine ensure human rights russians ukrainians respected recognize sacrifice must made avenues cooperation simply enough nato eurasia make demands concessions call settlement détente kissinger saw détente normalization relaxation relations president crenshaw sees union state possibility continued mutuallybeneficial relationship exist ideological differences east west cannot simply solved drafting agreement calling day differences overcome international cooperation propose us eaeu eu begin investigating possibility trade agreements benefit nations parties involved upon signing agreement european union united states begin process lifting sanctions russian federation imposed putin administration may able occur immediately steps taken restore strengthen economic ties improve europeaneurasian relations west pledges united states european union combat antirussian sentiments abuse russian minorities occur certain states baltic states others eastern europe eu observers placed within nations ensure genuine efforts made stop discrimination punishment follow nations fail also ask eaeu member states pledge respect ethnic religious minorities eaeusponsored observers placed nations authority punish noncooperative states given eu observers finally propose eurasian european space agencies well nasa begin look replacement project international space station decommissioned years prior united states also proposes eu eaeu united states issue joint declaration space politically neutral territory accordance un law one nation may claim area space celestial body nations begin reach greater heights among stars becoming clear nations china seek seize mantle space exploration purposes must remind world journey stars must taken one humanity one goal deviation expectation cooperation stand,positive,8,1574808571.0,1
Algeria,Algeria foreign investment,given seems lot interest every year basque challengeathletic club rtg along lots questions eligible names considered basque find enough ya prospects also keeping basque identity team etc diehard fan team plays 23 athletic club cms year thought would good time share comprehensive guide 2020 least sofifa shortlists huge errors begin appear ive organized guide three parts 1 eligible layers sign ranked based realism team need 2 guide ya scouting 3 list basque names regens spain south america name lists based ive seen fifa 19 find name pools changed fifa 20 ill post updates comment section part 1 irl eligible players sign note la real real sociedad athletic clubs major rival young basque talent outside athletics youth setup try include antiathletic clauses contracts homegrown players say release clause increases least 10 athletic attempts buy general already way easy tempt players away current team cm let alone major rival buy player directly la real id suggest paying 20 asking pricerelease clause realisms sake scanned players ranked realism x team fit ruben pardoskilled offensive midfielder fallen favor la real might worth signing free backup midfielder assuming contract expires 2020 like real life jon bautistaunderperforming young striker la real whos loaned belgian club year could see la real secretly ok athletic signing since dont know sign foreign strikers could aduriz replacement get 80 overall dynamic potential case besides maybe barrenetxea hes young basque striker irl unai bustinzaathletic club academy product former player athletic club already good central defense yeray nunez get bought bustinza good insurance option sabin merinopretty average attacking player athletics academy rotation player years moving spanish second division lots potential would cool give second chance team javi martinezformer star club would cool bring back hes much better dani garcia declines quickly might better served using money young cdm igor zubeldia azpilicuetano affiliation la real latecareer move would realistic problem already ton good basque rbs strict ya player requirement makes difficult invest time money older players erasoformer athletic player great could work raul garcia replacementbackup look ya talent longterm cam odriozolaformer la real player would likely sign irl offered massive salary best longterm rb play rw well mikel merinocurrent la real player although could signed athletic year ago move would realistic overpaid transfer make consistent starter taking unai lopezs spot roster zubeldiala real academy product best young basque cdm would realistic drastically overpaid made made starter ander herreraformer athletic club star could bring goals probably worth price given age chance sign free summer went psg elustondola real academy product worth signing lose yeray andor nunez raul fernandez oier olazabalvery average gks good scans athletic club known churning good gks likely wouldnt sign 30 year old backup unless let herrerin go zaldúala real player yet another basque rb except worse reason sign really illarramendicaptain la real likely worth price unrealistic case remotely realistic youre already competing ucl kepaleft athletic bad terms could bring back want scanned player gk athletic club known producing solid gks might want go ya talent longterm laporteleft team good terms stated hed like return like man city gonna let smaller team poach star cb oyarzabalthe star future la real hes loyal team likely wouldnt come even massive overpay realistic first moves team outside spain griezmannathletic eligible fun fact san mamés crowd still boos former la real player youd signing way past prime may better give playing time prospects scanned old sign anaitz arbilla jon erice manu garcia nacho monreal markel susaeta iturraspe fernando llorente could somewhat realistic options retiring using manager eligible players without scans comprehensive alex berenguerathletic almost signed summer best realistic signing wing aguirregabiriasecond best longterm fullback option odriozola generic close real thing generics get ramalhosame case unai bustinza similar rating robert navarromay may game year since hes 17 best u21 basque attacking prospect signed la real month ago others stephane ruffier pablo hervías aitor fernandez barrenetxea kevin rodrigues kike barja david garcia alex remiro borja sainz ander guevara eligible far current mgmt concerned contrary popular opinion basque ancestry make someone athletic eligible main criteria continues born basque country living large part childhoodadolescent years confuses people comes recruitment youth players outside region team take account family ties say teens athletic considered signing youth team order make eligible makes sense explain comment section want said debate lately whether children basques considered eligible lesser extent whether people basque descent identify basque qualify without born raised basque country tldr asensio basqueargentinian players higuain otamendi eligible according current interpretation policy want alter policy sign players thats call heres list top head scanned players asensio hugo mallobasque dad lucas perezonly claim eligibility spent 23 months alavés youth academy enough time considered eligible standard higuainapparently super proud touch basque roots supposedly speaks little basque could rumor part 2 youth academy two basque first names ya pool ive seen fifa 20 aitor xabi far last names ive seen aguirre possibly garmendia imaz fifa 19 vergara fifa 20 igor uncommon basque name romanian ya name pool romanians one biggest immigrant groups bilbao would count basque name romanian last name case dont worry signing basque ya players since plenty players spanish names starred team years want basque names roster see regen name list try sign good ones young age still given high importance placed upon developing youth players important get youth academy order scout solely within spain allow certain slots nonspain nationals correspond recent examples athletic club players usually allow one player slot 1 iñaki williams slot son immigrants born basque country dual nationality unlike iñaki opted play parents country case recent athletic youth player played cameroon u20 team allows scout one player peru venezuela ecuador morocco algeria nigeria cameroon ghana romania main immigrant groups bilbao increase quota 23 players year 4 5 2 fernando amorebieta slot born basque parents south america raised basque country opts play country birth didnt chance spanish nt must basque surname see list basque surnames found south america 3 aymeric laporte slot player discovered athletic clubs scouts french basque country signed early age although ties basque country may tenuous expand quota 2 youre really desperate 4 kenan kodro slot player random country born basque country spent much childhood dad played pro football region use scout future star feature since point random country associated immigration area 5 first division teams basque country players almost continents idea isnt farfetched dont want one star players dutch whatever either sell scout random country instead using future star feature 5 antoine griezmann slot foreign player youth setup basque team eibar la real alavés osasuna regens aged 1618 even real players happen sign one 1617 year olds teams technically eligible griezmann technically eligible despite french basque country part 3 name pool plenty people basque country basque first names spanish last names vice versa full basque names plus necessary dont sign anyone franco first name youre good lol indicates common name could name pool yet see fifa 19 name found country spain ive listed afterwards parentheses hispanic name ends eta mendia aga almost certainly basque im 99 certain basque surnames france regens ya players first names found spain unless otherwise noted ander andoni gorka gaizka iker hodei jon iñigo iñaki xabi einar unai ekhi aitor asier julen gaizka eneko aritz kepa jokin mikel spain venezuela joseba igor romania last names altube oleaga olabe del arco aguirre aguirregabiria merino zuloaga eguskiza bilbao arteta garmendia spain argentina unamuno imaz muñiz arnáiz lasure larrea gambara guridi aldalur irigoien areta chile zuniga chile echave chile echeverria chile ibarra ecuador arrieta colombia loaiza colombia elizalde uruguay zabala uruguay goitia argentina gorriarán uruguay unsain argentina borgueray ecuador garay otamendi anyways hope info helps fill rosters get athletic club cms year importantly hope fifas career mode help develop interest club create bigger fan base outside spain youre interested athletic club community please check insideathleticcom great reporting english accompanying podcast also well done live california thriving peña fan group watch parties san francisco socal annual trips basque country see game san mamés meet players theres also peña london live uk,positive,156,1568850104.0,1
Algeria,Algeria foreign investment,colonial affairs currently institution divided none settlement exploitation however distinctions made global scale piecemeal new caledonia australia namibia settlement senegal nigeria cameroon exploitation another issue powers colonizing outside historical areas russia hokkaido usa west africa solve issues propose colonial affairs none frontier bonuses colonizing adjacent states malus outright ban cases overseas allows unrestricted colonization pops pops would categorized colonists could pops accepted cultures natives would pops whose homeland part colonies addition line suggestions culture could colonial cultures cultures whose homelands colonial administration settler cultures cultures formed accepted cultures migrating colonies exemples piednoir boer already present australians colonial culture might get dissent settler cultures might get effect simulating frontier effect horizontal society exclusionary definition society specific buildings colonies unincorporated states need specific buildings situation institutions arent present unincorporated states even though cases theyre desirable course would less efficient ones mainland providing services make colonies attractive colonists make natives happier schools provide educations colonists causing colony attractive functioning methods allow native pops benefit cost discontent among colonists contentement natives healthcare lines schools missions convert natives state religion efficacity function religion freedom laws pm might allow light mortality reduction healthcare minor rise education forts serve barracks colonies allows special pm provide law enforcement services naval station provides relatively less efficient harbour services military ships homesteads subsistence farms colonists reservations farmland guaranteed natives laws colonies propose following laws colonies global piecemeal land rights whether buildings could take farmland native farms labor rights whether natives could submitted forced labour yes amount native administration indirect rule direct rule saving adm costs per native pop local administration colonial assemblies favor locals direct administration native rights indigénat protected subjects full citizenship enfranchise native cause turnoil among colonists slavery otl powers allowed slavery colonies banned mainland france uk denmark sweden specialisation colonies could specialised settlement colonies made filled colonists accepted culture eventually either integrated country become dominion exemples australasia canada algeria southern rhodesia namibia exploitation purpose colony would extract maximum amount raw material lowest cost maximum amount farmland shall confiscated natives shall subjected tocorvéeas way get cheap labor likewise local administration could delegated concessionary companies might even cheaper extractive even brutal exemple angola congo dutch east indies naval base colony main purpose welcome naval base optimised purpose exemples gibraltar malta cyprus portarthur diegosuarez trade port colonys main purpose serve trade port ending trade crossroad across several markets alowing access several major ones canals included exemples hong kong singapore suez panama old colonies colonies already existing 1836 could get less turnoil assimilation exemple cuba west indies guyana newfoundland new modified puppets would suggest following puppets dominions already exist would suggest states whose main population whether demographic terms terms clout overwhelgmely accepted culture might become dominion exemple canada south africa australia protectorate unincorporated states whose majority population colonial culture culture whose homeland colonial administration unrecognized powers along decentralised countries might become protectorates exemple trucial states egypt cambodia morocco colonial companies companies chartered major power empowered expand exemples houston bay company congo free state said puppets might use colonial laws even incorporated states way south africa properly enactapartheid congo free state enact exploitation australia enact aboriginal policies economy markets issues related unified market model native pops highter sol mainlanders fix suggest creating separate colonial markets exemple french west africa mainland france french central africa could separate markets course colonial powers might manipulate markets ensure privide raw materials lowest costs without undercutting national industries taxation colonies rudimentary due lack means might landbased headbased natives especially force colonial economy like happened otl military suggest creation colonial units either recruited mainland proper think french foreign legion ortercios native units seetirailleursaskaris force publique cheaper better suited colonial warfare whether native uprisings colonies local administration politics earlier suggestions internal politics specialities colony allow limited selfgovernment would cause less turnoil among enfranchised populations depending clout colonial administration might take positions others exemple assembly colonists might vote dispossession native along forced labour another case would plantation owners making slavery legal might simulate kansasnebraska lasly would good see colonists influence mainland subig might help simulate procolonialism feeling leading support colonists methods colonialism addition puppets listed states agree highly unequal leonine treaties native polities might grant capitulations essentially giving extraterritoriality abscence citizenship trait pop limit foreign investments investments might give benefits foreign owners lower taxes regulations native party would suffer less taxmoney loss authority statebystate along local unrest proportionnal share gdp controlled foreign interests exemple france capitulations ottoman empire lebanin 20k owned french interests local gdp 50k loss authoruty 40 turnoil 40 higher another would trade treaties entrance western goods would unrestricted yet native goods could subject custom duties unrecognized powers try remove treaties could alternative war resistance natives wouldnt quietly accept colonialism colonial cultures homeland colonised turnoil pop colonies insurrection could staved repression reforms abolishment forced labor civil rights land protection colonists oppose could make colony less profitable lastly neighbouring decentralized nations might get pressure centralize representing clans uniting threat centralization depending initial value set start economic development literacy conclusion bit long hope well stated case,positive,22,1674348116.0,1
Algeria,Algeria foreign investment,algeria potential become prosperous country algeria abundant natural resources including oil gas reserves minerals agricultural land support economic growth development addition algerias strategic location crossroads north africa mediterranean makes potentially important trade investment hub however algeria faces several challenges achieving prosperity including high unemployment rate large informal economy lack economic diversification political social instability addressing challenges require significant reforms including measures promote private sector development improve infrastructure education create businessfriendly environment algeria also young growing population presents opportunities challenges harnessed effectively youth demographic could drive innovation entrepreneurship left unaddressed could also lead social political instability despite challenges algeria made progress recent years improving economic performance attracting foreign investment algerian government launched several economic reform programs aimed diversifying economy reducing dependence oil gas country also made strides infrastructure development particularly areas transport energy overall algeria potential become prosperous country require sustained efforts commitment government private sector civil society overcome challenges seize opportunities musks chatgpt asked algeria potential becoming prosperous country,positive,0,1678196012.0,1
Algeria,Algeria foreign investment,war draws close end adir established postmortem review went wrong operation israel operation quick swift ended involving much international community resulted jerusalem remaining enemy handsthe adir noted three key aspects severely hindered operation lack interoperability within army air force due large amount different equipment lack standardization poor coordination allied armies resulting significant friendly fire improper discipline resulted war crimes civilian population bringing much world us lack involvement local groups fight freedom poor training regards rapid mobilization counterattacks especially terrains similar west bank standardization available industry adir noted significant doctrinal issue respect armed forces combination weapons sourced myriad sources harmed coalition given lack integration systems complicated supply lines result adir noted need rapidly rearm face hostile eaf south age old colonialist enemy protected imperialists west billions already spent additional munitions several lines credit taken obtain armament quickly much capital flown adir adir remains reliant foreign powers adir reexamined domestic production capabilities strategic reassessment adirs production capabilities company thus order sakr ability manufacture indigenous sakr36 mlrs systems local bm24 sakr45 local m270 sakr80 ballistic missiles local 9k52 lunam sakr10 mlrs systems mounted jeeps chads lol local production aimd obtained arabamerican vehicle domestic production 80 m1a1 abrams tanks m60 patton a3 well civilian vehicles aoi aircraft production early 1970s tier aircraft trainers aoi engine production aircraft engines repair parts bcl produces vehicule blindee de combat dinfantrie bcl m5 apcs kader factory developed industries fahd 240 apc fahd280 ifv timsah mrap st100 mrap akm rifle ammunition acvm domestic production boxer afv tpz fuchs 2 apc nimr ii apcs mercedes zetros actros unimog ategor axor trucks snvi ton trucks renaultnissan alliance psa group byd laraki morocco million commercial cars trucks per year ecmkeris wide variety small arms ammunition including qw2 saek manpads akm rpg7 etc denel north africa obtained production rights denel rooivalk attack helicopter several male drones aps system rhino m6 umkhunto mrad several atgma2aa2s missiles scafse radar systems electronic optics communications eca small aircraft adcom uavs ecrn local assembly meko production djebel chenouaclass corvette kebir class patrol boat alexandria shipyards el fatehclass corvette adir thus capable producing almost everything needs domestically exception main battle tanks long range air defense modern aircraft sophisticated radar systems streamline manufacturing process state owned adir arms companies shall acquired arab organization industrialization adirs current geopolitical strategy favors greater integration rigs adir order prevent conflict inefficiency future operations rigs domestic production systems tos1 s400 ak103 korneter would useful furthering adir defense industry supply chain current operation s400 s300 air defense systems possession make argument centering air defense systems around s400 moreover close ties iran would favour modernization sakr rocket systems new systems soumer antiship cruise missile series ya ali ground attack cruise missile zolfaghar ballistic missile system production rights systems acquired adir able produce munitions almost entirely domestically greatly increasing resiliency event another war gigafactory investment german army similarly small previous years rapidly built become one strongest fighting forces world 30 new gigafactories built allow german armed forces rapidly rearm build large number tanks apcs ifvs adir ideologically aligned germany admires effort believes necessary protect africa arab world islamic ummah large risk potentially worsening existing debt stands 40 gdp 10b shall spent establishing gigafactories arab organization industrialization joint effort rigs adir high production rate policy pursued attempting expand production within 2 years translates capacity produe 40000 misc supply trucks including previous capacity likely similar 10000 humvee tier vehicles 2000 mraps 400 tanks 750 apcifv 100 mlrs systems 24 aircraft 104 helicopters 50 male drones 10 air defense batteries 500 decent ballistic missiles tens thousands shitty ones following standard shall established following systems armed forces terms domestic production upgrades relating bms systems order apc enigma apc fahd 28030 upgraded vcbi components ifv enigma ifv upgraded vcbi components self propelled artillery rhino g6 upgraded rhino g6 tracked variant rocket artillery jobaria 155mm mlrs sakr45 m270 equivalent sakr40 bm24 grad equivalent mrap timsah mrap st100 mrap nimr 2 afv attack helicopter denel rooivalk upgraded mrad umkhonto air defense system drones denel dynamics bateleur male intel yabhon united 40 male armed predator equivalent denel dynamics seeker ii tactical service rifle akm adir also decided shall transform air force primarily based french russian american designs one almost entirely european guarantee interoperability 5th generation su57 aircraft adirs possession unlikely get phased aircraft remain replaced newer european aircraft proper interoperability air defense system however see extensive modification s400 remains effective air defense system world adir interested maintaining arms contracts relationship russia thus secondary project integrate large amount air defense assets adirs possession shall begin extensive testing security mukhabarat vet every employee working factories establish exclusion zone multiple layers security failsafes involves cybersecurity division work tirelessly ensure systems disconnected outside threats round clock security available facilities prevent tampering air defense assets predeployed prevent preemptive airstrikes various gigafactories throughout country dealing youth unemployment loss 11m soldiers martyred righteous cause nonetheless tragic adir work towards recruiting training new soldiers active force total 14m active soldiers within 5 year period reserves also replenished equal number 14m reserves large scale training exercises new recruits begin algeria alone youth population ages 18 26 order 4m people across adir demographic represents population 30m people estimated unemployment rate approximately 1015 represents 3m unemployed men within demographic alone thus shortage manpower large population willing work given opportunity military service laws enacted throughout country ensured able bodied men already undergone sort military training officers army continue observe new military service recruits promising skills abilities offering permanent positions armed forces similar efforts schools universities commence try bring additional recruits armed forces mosques speak deceased soldiers martyrs cause liberating holy land call upon willing volunteers enlist naturally pay raise also order order accommodate increasing amount paid military salaries 5b 7b military estimates given rate civilian unemployment among youth likely able recruit 200000 active soldiers per year adir shall similarly invite french advisors help train new recruits within year active competent fighters defend nation foreign aggressors existing adir core active force receive additional training elite units compared new active forces secrecy refers quantitieslocationscontents facilities though public knowledge adir focusing domestic procurement replenishing losses,positive,3,1628802038.0,1
Algeria,Algeria foreign investment,roughly 206bn spend procurements several questions algerian military plans allocate funds one largest well funded militaries africa ongoing conflict libya overall instability plagued africa made critical investments defense protect sovereignty algerias borders algeria currently procures several foreign suppliers catering favor russia though warming relations europe well china algeria must chart course standardization also balancing cost effectiveness throughout white paper focused algerian peoples national army subsequent white papers navy air force tanks 4 different variants tanks service algeria standardize t90sa t72 t72m1 t72ag though like india may look towards alternate solution reduce 1 standard tank t62 t55amv repurposed configurations though several remain reserve infantry fighting vehicle currently using bmp1 bmp2 bmp3 new program created replace least bmp1 bmp2 currently service contract 1000 tracked ifv decision taken lightly program likely ifv likely 2 decades look complement current licensed production 500 boxer wheeled ifv currently produced license therefore would like ask germany either offer marder 1 a5a1 designs begin production combined sale retired units us allow us build 800 puma ifv domestically license reduced cost 10m unit quite expensive especially given quantity end procuring given contract boxer hope achieve friendly deal major item germany offer armored fighting vehicles boxer procurement completed complemented procurement increase kornetd asking 72 units replace brdm2 currently service armored personnel carrier algeria would like reduce number apc currently service struggle find suitable replacement given desire also platform works tank destroyer keen provide contract patria produce license total 650 patria amv xp apc variant given sheer quantity plan produce years hope see reduction cost per unit tank destroyer apna would like introduce new feature potential tactical arsenal introduction 120mm patria amv xp similar deal apc procurement hope produce license total 250 units given sheer quantity plan produce years hope see reduction cost per unit mraputility would like turn united states see donation unused mraps utility vehicles could provided mraps cougar bae caiman larger maxxpros subject disposed ask mraps donated algeria modernization increase safety provided troops selfpropelled artillerytowed artillery moment funding high enough provide new program though hope eventually replace entire lineup look expand potential donations foreign powers tactical ballistic missile systems limited use case looking expand current capacity though increase iskandere units may completely table future rocket artillery moment funding high enough provide new program though hope eventually replace entire lineup look expand potential donations foreign powers aa artillery would like eventually replace zsu234 shilka 2k22 tunguska 9k31 strela1 newer model unfortunately unlikely funds complete modernization anytime soon therefore hold plans infantry equipment algeria would like join ratnik ics program outfitting troops latest ics equipment however unsure continue use akm type 56 standard service rifle evaluation process need undertaken evaluate weapons would like provide infantry long process could help standardization however confident ratnik ics program something wish able join though would like produce locally,positive,4,1602220202.0,1
Algeria,Algeria foreign investment,1 iberian democracy changed tbatbd 2 market lib changed become less crazy ancaps tbatbd 3 plan give content falangist coup stay failstate tbatbd 4 socdems still wont able win least first elections tbatbd 5 iberian divorce stay failstate divorce failstate line failstates mod theres collapse anything peaceful dissolution 6 authodem franco able join fascist italy faction maybe national union quite authoritarian tbatbd 7 new mechanic added instead dam added tbatbd 8 iberian elections changed something like uk always probably sort proportional representation say general lines dem iberia revamped part include mechanic related elections 9 mechanics changed tbatbd 10 francosalazar leadership thing changed tbatbd 11 iberian colonies interactions changed tbatbd 12 falangist economy still always drastically fail tbatbd 13 iberia able send volunteers except saw iberia able involved wars 14 iberia help ff seems like franco like de gaulle yes 15 start iberian economic sphere iberia andorra dominican republic join colombia algeria ones said start join 16 foreign diplomatic focuses extended gib money please fall triumvirate tbatbd 17 iberia help ff french civil war happen 14 18 iberian civil war participants get content yes thats coming ie wars period though 19 leftist spain revolt civil war tbatbd 20 iberia stop taking territories algeria tbatbd 21 colonial policies changed iberian paths tbatbd 22 iberian stability mechanic changed tbatbd 23 strong iberia become latin america mean good positions several nations wont primary power 24 iberia rebuild relations turkey likely 25 iberia hate red italy yes 26 iberia get nukes tbatbd 27 iberia interactions world tbatbd 28 colonies take part elections remember event choose every person born iberia iberian participate elections colonies elections tba 29 algeria still revolt iberia tbdtba 30 change investment decisions example prevent iberia investing communist countries unfriendly countries tbdtba 31 far ffiberia relations go quite far wont say much 32 stop de gaulle dies think 1970 33 fascists italy run iberia italy turns red tba 34 italy able seize balearic islands iberian civil war icw already 35 fascist italy support falangists icw yes 36 iberia able affect former colonies red italy tba 37 iberia problems palf wins waw colonies border palf problems 38 franco thinks speer borman nothing special speer isnt saber rattler like bormann thats nice 39 iberia better relations germany atlantropa sure salazar still probably hate germany franco probably shouldnt plus iberia still help speer think build relations speer especially salazar dies germany still conquered portuguese colonies iberian foreign policy evolved distance germany 40 japan support icw one 41 anyone except 4 majors able send volunteers icw yes volunteerwise america germany italy nations may support factions ways 42 happens peron still iberia icw funny events im sure perón iberia wars overlap people like leave 43 germany italy support falange pwie also happen one 44 iberians think salgado average iberian knows one random brazilian exile iberia 45 peron eventually leave iberia anyway even invited back argentina think thats question argentina team,positive,28,1660417484.0,1
Algeria,Algeria foreign investment,almamaru possibly meaning passage path arabic fort one favourite locations amnesia rebirth scary first time go also lore behind super secret rar file frictional gives surprisingly detailed history minor location visited level editor notes found game heres rough timeline x200b mid 1600s ottoman military captain known tarkan reis seized oasis mountain pass made fortune charging access water built fortress guard investment created giant cistern tunnels honeycombed rock beneath fortress capturing oasis water gathering water open skywindows controlling pass water end meant tarkan reis controlled major trade region gathered wealth flaunted building impressive garden south west corner fortress middle garden placed arabic pump giving access water cistern tarkan reis mentioned note found cistern hes described robberbaron traveler x200b third day fallen group moorish travellers one suffering struck curse kings evil prayed fortitude might reach cave mother speed tell tesemt within two days journey go well yet obstacle still overcome path goes demesnes one tarkan reis robberbaron ottoman people pilgrims must pay heavy tithe use water travel mountain pass spice three thalers left pray sufficient centuries later professor herberts expedition find tomb tin hinan daniel starts pen letter sister 16th may 1839 whilst staying nowabandoned fort doesnt finish however x200b 16th may 1839 dearest hazel hope letter finds well desert proper heat beyond belief taken shelter courtyard ruined fortress sun lower nothing desolation outside mountainous crags amidst endless waves sand professor herbert certain find route tomb although cannot see dunes shift change written behalf father think 72 years later fort would occupied french military algeria colonized x200b french occupation outpost began 1911 scaled back 1917 thoroughly reinforced 1923 foreign legion even similar outposts scaled back one held far longer sensible french refurbished old arabic fortress installed wind turbine allowing electricity select areas thats main backstory forts early years french occupation events would occur would mark beginning end soldiers 13th march 1929 captain lefevre receives complaints kel hanan local tribe deputation regarding behaviour 2 men legios lauritz matéo desrosiers around kel hanan women captain gives order start excavation fortress collapsed lower levels keep men occupied another note sergeant fournier indicated game files expresses frustration captain playing statesman even writes opinion slaughter tribe come excuses later 18th march 1929 cistern chamber discovered excavation corporal lavoie reports activity lower slopes mountain believes village retaliation however actually 2 ghouls nearby tomb tin hinan attracted excavation 19th march 1929 corporal delacroix legios desrosiers noted absent sergeant fournier believes hiding cistern 21st march 1929 corporal khalid discovers corpse desrosiers cellar delacroix still missing suspected accidentally killed desrosiers argument deserted desrosiers buried courtyard 22nd march 1929 ernest duguay killed cistern fellow soldiers blame animal attack fournier thinks kel hanan responsible fort placed alert captain notes hell lead search cistern duguay buried next desrosiers captain may also sent telegram hq regarding events requested reinforcements reinforcements came ghouls begin stalk pick rest soldiers throughout fortress aside suicide note found captain notes describing events instead see corpses place level editor shows corpses actually named though names referenced actual game mentioned legio belanger named quartermasters note says leave boxes sun killed bottom stairs leading radio room speculated malick mauled hyena sergeant fournier somehow ended impaled makeshift ballista theyd set try fight ghouls corporal khadir mentioned note mentions make sulfur hes found impaled wall near another soldier next radio room legio rothbauer mentioned goods ledger hes one three shot cannon room corporal lavole shot killed 3 soldiers cannon room shooting part suicide pact captain augustin lefevre overdosed laudanum last act defiance escape screams torment 2 remaining men also daughter called aurelie tied grenade cage door booby trap committing suicide aldéric gardinier likely two men found near cage captain locked one man head stuck metal bars tied stone pillar barbed wire isnt known according captains note aldéric kept crying captains name whereas gardinier stopped breathing bodies either unnamed arent referenced material found ingame example hanging soldier seen escape ghoul named hangy one soldiers managed escape ghouls lock inside tank mortally wounded arm ripped eventually dying blood loss isnt known game files simply refer french corpse event according super secret file raiders came fort years later broke tank stole ammo inside fleeing may also encountered ghouls judging graffiti behind welcome end world sign corpses found cistern none named whether quartermaster corporal delacroix managed escape fort unknown however even likely died desert trivia last soldier found cistern originally meant still alive somehow tasi finds cut game years 1937 year rebirth takes place tasis expedition explores fort discovers fate french garrison quartermasters store webber gets attacked decapitated ghoul others flee fort blocking gates thats history fort hope found something interesting,negative,25,1657483027.0,-1
Algeria,Algeria foreign investment,asia oceania australia cryptocurrencies legal treated property profits derived taxable exchanges legal need registered australian transaction reports analysis centre austrac exchanges also implement know customer policies comply antimoney laundering legislation exchanges found adhering rules subjected criminal charges heavy penalties bangladesh bangladesh central bank issued warnings 2014 2017 related transactions cryptocurrencies warned violations could punishable 12 years jail existing money laundering terrorist financing regulations despite prohibitions use cryptocurrencies bangladesh proposed national blockchain strategy perhaps signaling change future however concerns foreign flight local capital major concern hindering cryptos china peoples bank china banned financial institutions form dealing cryptocurrencies 2013 later expanded bans crypto exchanges icos china epicenter mining low electricity costs although ban crypto mining considered 2019 government reconfirmed would remain legal may 2021 chinas financial stability development committee financial regulatory agency vicepremier liu said chinese government would crack bitcoin mining trading behaviour resolutely prevent transfer individual risks society despite prohibitions crypto activities warnings illegal chinese hold trade bitcoin cryptocurrencies however many considering relocating opting work arounds foreign based exchanges websites pboc embraced blockchain technology forefront developing central banks digital currency digital yuan hong kong hong kong long vying fintech hub however hong kong securities futures commission sfc enacted strict regulatory framework licensing requirements vasps also proposed ban crypto trading retail investors professional investors hk8 million assets would allowed trade bitcoin defined virtual commodity legal tender capital gains taxes amlcft laws apply every individual business hong kong irrespective activity accordance fatf requirements legislative regulations existing laws organised serious crimes ordinance sanction authorities take serious actions unlawful acts involving cryptocurrencies like fraud money laundering february 9 2018 hong kongs sfc alerted investors potential risks dealing cryptocurrency exchanges investing icos alert stated sfc taken regulatory action number cryptocurrency exchanges issuers icos india cryptocurrency considered legal tender running exchanges legal india chairman central board direct taxation said anyone making profits bitcoin pay taxes however theres still lack clarity tax status cryptocurrencies april 2018 reserve bank india rbi banned banks regulated financial institutions dealing settling virtual currencies ban quashed supreme court india 2020 stating unconstitutional despite widespread concerns skepticism prior bans cryptocurrencies india encouraged innovation use blockchain also begun work statebacked digital central bank currency digital rupee indonesia cryptocurrencies legal hold trade banned payment tool january 2018 bank indonesia released statement warning trading cryptocurrencies adds ownership highly risky vulnerable bubble risks susceptible used money laundering terrorism financing statement supported finance ministry japan cryptocurrency legal treated property cryptocurrency exchanges legal provided registered financial services agency fsa national tax agency december 2017 passed order stating gains cryptocurrencies categorized miscellaneous income come tax bracket south korea cryptocurrency exchanges legal south korea must registered financial supervisory service fss present cryptocurrencies neither regarded currency asset hence dont fall taxation regulations however ministry strategy finance given hints considering imposing tax income crypto 2020 2017 government prohibited cryptocurrency trading anonymous accounts banned local institutions hosting trades bitcoin futures 2019 national assembly introduced bill categorizing virtual currencies digital assets bill put cryptocurrency legal framework also adhere amlantimoney laundering regulations bill review judiciary committee final decision expected roll soon singapore cryptocurrency exchanges legal must registered monetary authority singapore mas cryptocurrencies treated goods hence taxable goods services tax january 2018 mas issued press release warning public risks crypto speculation stated cryptocurrencies subject aml cft measures traditional fiat currencies 2019 payment services act 2019 psa passed officially brings exchanges cryptocurrency businesses regulatory authority mas monetary authority sg issue warning consumers may interested using bitcoin bans restrictions placed upon cryptocurrency believe use cryptocurrencies one consumers businesses place interfere matters thailand sec thailand regulates cryptocurrencies emergency decree digital asset businesses 2561 issued 2018 decree digital asset businesses required apply license monitor unfair trading practices considered financial institutions aml purposes among others gains taxed income subject top tax bracket 35 notable cayman islands may 2020 cayman islands lawmakers enacted several new legislative acts regulating cryptocurrency industry centerpiece virtual asset service provider vasp law makes mandatory digital asset businesses registered cayman islands monetary authority cima caymans new crypto regulations provide regulatory certainty vasps align international aml cft regulations protect consumers meet requirements fatf recommendations africa middle east saudi arabia official statement government stating legality trading cryptocurrencies however saudi arabian monetary authority sama strictly warned using cryptocurrencies high risk dealers guaranteed protection rights recently reported several news publications sama transferred funds local banks using blockchain technology news sent positive note crypto advocates hoping government take welcoming approach coming days israel israeli securities authority ruled cryptocurrency security link hebrew subject israels securities laws regulator warned public risks associated cryptocurrencies israel money laundering terror financing prohibition authority taken similar approach amlctf requirements fatf israel tax authority defines cryptocurrency asset demands 25 capital gains united arab emirates uae forwardlooking crypto blockchain dubai financial services authority dfsa included crypto regulatory framework 2021 business plan firms operating dubai international financial center uae securities commodities authority issued regulation 2020 seeks provide clarity crypto digital assets may used stored value purchasing various goods services financial services regulatory authority fsra abu dhabi global market adgm enhanced guidance regulation crypto asset activities uae saudi arabia reportedly working research cbdc dubbed project aber nigeria nigerian government earlier expressed concerns surrounding appeal crypto attempted place ban years financial regulators constantly warned nigerians inherent risk using crypto notwithstanding warnings nigeria remains largest crypto community africa become popular destination crypto trading given heightened use crypto nigerians however need establish regulations guiding use current legal status crypto nigeria remains uncertain kenya kenya use crypto specifically banned rather proclaimed unregulated central bank kenya cbk cautioned kenyans transacting investing crypto advised could ponzi scheme sort may result risky venture consideration cbk expressed reluctance rush regulation crypto currencies defining situation open innovations however central bank kenya declared policy use crypto serves indication improvements plans crypto regulation ghana bank ghana like many banks africa previously pronounced crypto illegal within country warned citizens crypto trading due risks involved currently bodies responsible financial control ghana settled regulation crypto however bog made mention looking regulations digital payments country approach towards crypto also beginning take new form announcement bank ghana recently country may issue digital currency future zimbabwe reserve bank zimbabwe rbz also quite reluctant make crypto legal country due high number fraudulent activities comes also zimbabwe government earlier banned local banks processing crypto however rbz seen need regulate crypto become global trend impressive turnaround previous anticrypto stance rbz proposed crypto regulatory sandbox currently zimbabwe started formulating policy framework guide business activities crypto firms south africa virtual currency considered legal tender south africa south african reserve bank financial sector conduct authority national treasury intergovernmental fintech working group published plans develop registration regulatory framework plans would codify fatf aml recommendations south african revenue service sars considers cryptocurrencies bitcoin intangible assets rather currency property taxed longterm shortterm income ranging 18 40 allowing deduction costs north african countries observed demonstrated opposition concerning adoption crypto blockchain countries like morocco algeria libya issued bans activities involving cryptocurrencies however africa often described one promising region adoption cryptocurrencies emphasizing continents combination low existing crypto adoption alongside enormous domain possibility several leaders crypto industry shared similar opinions africa cryptocurrencies currently illegal countries algeria bahrain bangladesh bolivia china ecuador egypt iceland iraq ireland macedonia morocco namibia nepal pakistan neptune mars jupiter qatar saudi arabia countries hostile governments gone far ban use cryptocurrencies operation crypto exchanges outright theyve introduced regulations designed limit use andor growth digital currencies could described hostile brazil costa rica dominican republic ghana guatemala iran jordan kuwait lebanon macau nigeria tajikistan venezuela initializations counterterrorism funding cft antimoney laundering aml fifth european directive antimoney laundering amld5 financial crimes enforcement network fincen financial conduct authority fca virtual asset service platforms vasps financial assets task force fatf securities exchange commission sec disclaimer information collated various online resources doesnt claim 100 accurate kindly note laws subjected change anytime please feel free reach update information found inaccurate,negative,10,1627203354.0,-1
Algeria,Algeria foreign investment,roughly 206bn spend procurements several questions algerian military plans allocate funds one largest well funded militaries africa ongoing conflict libya overall instability plagued africa made critical investments defense protect sovereignty algerias borders algeria currently procures several foreign suppliers catering favor russia though warming relations europe well china algeria must chart course standardization also balancing cost effectiveness throughout white paper focused algerian naval force submarines algeria operates 6 submarines 2 training submarines project 636 project 877ekm kiloclass upgrades though project 877ekm modernization old kiloclass ideally able field 10 submarines 2 training submarines must funding permitted expect project 636 submarines remain active least next 2 decades look replace project 877ekm class 6 new submarines evaluations need conducted deciding amphibious warfare vessels currently 3 ships fit description given coast line desire conduct operations abroad important naval capabilities reflect desires likely keep san giorgioclass amphibious assault ship given 5 years service look add 2 type 071 amphibious transport docks 2 type 075 landing helicopter docks likely built china order keep costs low significantly improve capabilities destroyers currently none service believe given cost type 052d destroyer would excellent introduction service really demonstrate power algerian navy would like procure 4 though would like option 2 frigates currently 3 ship classes koniclass phased service adhaferclass frigate reclassified corvette thus leaving 2 meko a200 true frigate service unfortunately procurement meko a200 likely costly therefore must turn china hope procure 8 type 054a frigates hope first 4 built china last 4 built algeria corvettes adhaferclass frigate reclassified corvette bring total number corvettes 10 though eventually may decide increase number likely either find corvette adhaferclass nanuchkaclass corvette procure adhaferclass missile boats would like purchase 20 type 22class missile boats half built algeria option 20 built algeria find vessels useful patrols believe quite effective fleet auxilaries algeria expanded blue water navy eventually like procure 2 type 901 fast combat support ships support navy sea critical ensuring able conduct international missions aircrafts limited maritime patrol planes well helicopters algeria need significantly expand naval air wing therefore look add 3 casa c295 mpa 3 super king air mpas bringing total number 6 match ship increase look procure 12 agustawestland aw139 19 agustawestland aw101 increasing helicopters know however look approach united states military aid order procure combination bell ah1z vipers sikorsky sh60 seahawks order meet aircraft demands expected fails may look towards russia ka52k china helicopters,positive,6,1602222781.0,1
Algeria,Algeria foreign investment,midnovember russian president vladimir putin issued decree approving governments proposal establish naval facility sudans red sea coast naval logistics base house 300 military civilian personnel well four warships including vessels nuclear propulsion facility near port sudan first russian military base africa second naval base outside former soviet union tartus syria although moscow issued assurances new logistics centre would defensive nature built purpose maintaining peace stability region expected russia fortify new african outpost advanced surfacetoair missile system russia also reportedly provide sudan additional weapons protect facility permitting russian troops stationed outside naval base sudanese territory blow washington russiasudan agreement comes month trump administration announced would remove sudan state sponsors terrorism blacklist seen reward signing normalisation deal israel naval facility near port sudan first russian military base africa second naval base outside former soviet union light breakthrough kremlins agreement khartoum could seen unpleasant surprise us described move blow washingtons hopes greater leverage transitional authorities sudan following ouster longtime dictator omar albashir samuel ramani geopolitical analyst focusing russian foreign policy middle east told new arab sudan pursuing multivector foreign policy approach khartoum balanced ties middle east rivals turkey qatar uae saudi arabia bashir since transition attempting balancing strategy maintaining strong ties us russia china partnerships sudan cultivates investment receive cashstrapped economy said warm waters last russias expanding military footprint middle east sergey sukhankin researcher jamestown foundation explains sudan may using russias naval base means apply additional pressure stakeholders interested expanding presence country demonstrating players including russia aspiring fortify positions sudan us message also designed china turkey players gulf states sukhankin told new arab ramanis view us officials aware sudans balancing strategy made cooperation arms purchases russia sticking point efforts establish stronger relations khartoum therefore us response russias base sudan unlikely overtly critical sudanese decision host russian base necessarily surprising since countries established close bilateral ties bashirs rule deposed authoritarian ruler visited putin 2017 supported russias intervention syria backing syrian president bashar alassad fact former leader sudan made abundantly clear russians khartoum ready welcome moscows presence country kremlin simply continued talks new authorities led ltgen abdel fattah abdelrahman burhan naval base sudan could provide russia foothold africa possibility controlling crucial shipping routes red sea sudan moscows gateway africa naval facility port sudan certainly heralds return russia geopolitical map africa surrounding maritime routes oceans using sudan jumping board subsaharan countries sukhankin believes russia likely increase efforts central africa via central african republic moscow past years established security military presence also sahel g5 countries especially light failure frenchled efforts eliminate terrorist threats region besides geoeconomical objectives exerting greater influence country seeking leverage sudans political future naval base also offers moscow possibility potentially obstruct transportation via red sea suez canal means redirect least parts international trade northern sea route one key priorities moscow according sukhankin arms sales along security military arrangements already played significant role countrys geopolitical plans russia major supplier arms region market share 376 percent russia top weapons supplier africa according stockholm international peace research institute sipri africa without egypt accounted 16 percent russian arms exports 201419 read us blackmail pushed sudan normalise ties israel algeria egypt far valuable customers russias arms industry sales increase future moscow signed weapons deals angola nigeria sudan mali burkina faso equatorial guinea including jets helicopters antitank missiles engines fighter planes moreover russia concluded military cooperation agreements 28 countries africa according institute study war russias military security arrangements continent also involve use private mercenaries like wagner group known supporting warlord khalifa haftar libya activities also reported sudan well central african republic countries mostly selffinanced operations engagements give russia opportunity exert influence without major risks costs however would wrong assume russias motivation increase arms sales according csis american think tank moscow tripled trade africa 66 billion 2010 189 billion 2018 invested oil gas sectors well successfully promoting nuclear power expertise market share 376 percent russia largest weapons supplier africa russian bases africa according leaked german foreign ministry report titled russias new african ambitions first appeared german daily bild russia allegedly seeking permission establish military bases six nations including egypt central african republic eritrea madagascar mozambique sudan true russia interested partly regaining influence africa sukhankin rather cautious russian military expansion continent russian policymakers clearly know one main reasons soviet economy collapse overstretching seeking everywhere told new arab russia try avoid despite strong interest expanding presenceinfluence africa read russias growing influence iraq new challenge us according sukhankin leadership sudan car offered russia opportunity create bases 201819 russian reaction enthusiastic one might expected since deeper involvement africa would eventually require investments resources moscow ramani also says widespread speculation russia would use support khalifa haftar establish base eastern libya negotiations taken also added russia considered creating logistics center eritrea russian foreign minister sergei lavrov visited eritrea 2018 proposal progressed either russia vehemently denied possibility establishing base somaliland even though new york times reported january berbera somaliland possible location russian base sukhankin hand mentions possibility mozambique potential candidate country unable cope islamic insurgency cabo delgado province well sahel g5 countries main question whether moscow consider mistakes ussr russias strategy africa valuing flexibility lacking financial depth likely sudan base continent foreseeable future x200b stasa salacanin freelance journalist written extensively middle eastern affairs trade political relations syria yemen terrorism defence,positive,73,1606325904.0,1
Algeria,Algeria foreign investment,chinese diplomatic outreach plan west president xi mingze announced chinese diplomatic outreach plan extension ministry foreign affairs seek covertly establish proprc sentiment nations chinese businesses hold significant sway local happenings number countries selected based economic reliance prc uk uks economy dire straits following hard brexit early 2020s president xi jinping established comprehensive fta largely attributed saving british economy difficult time chinese businesses account larger portion uk trade today ccp operatives implanted within chinese companies operate uk order collect information specifically chinese assets disguised within businesses universities begin covertly promoting political agendas including irish scottish separatism ccpsponsored businesses additionally promote political parties deemed destabilizing including ukip sinn fein dup goal promote british political discourse prolonged economic hardship result brexit hopefully give push scotland needs finally declare independence seeing support stands well 50 conservative party scottish national party offered support upcoming elections chinese businesses france chinese assets operatives within businesses universities france ordered covertly promote antiwar pacifist antiamerican ideals result continued war algeria additionally contact attempted nationalistic algerian migrant groups forming france result increased nationalism islamophobia groups supplied funds potentially small arms finally chinese companies seek strike business deals parti socialiste build political rapport offer support china upcoming elections iceland íslenska þjóðfylkingin chairperson guðmundur þorleifsson privately contacted ccp diplomats via secure phone line chinese government seeking covertly offer support farright antieu antinato movement within iceland funding advertising space promotion additionally ccp interested contacting icelandic government negotiate deal tourist visas may temporarily waived two nations promote tourism two albania albania china maintained close relationship decades ever since sinosoviet split additionally creation fta 2020s china albania share number trade relations make us vital ally small nation president xi mingze privately meet albanian head state discuss relations two countries made extremely clear mingze projecting power upon albania much seeking dialogue issuing ultimatum albania maintain status quo international political scene seek alignment china europe ukraine prowest ukrainian nationalist groups contacted discreetly chinese officials country hugely reliant chinese trade following massive reduction trade barriers chinese business assets within country promote nationalist prowestern political movements counteract continued union state expansion area wish manufacture fake news articles foster online discourse russians ukrainians turkey nato embroils algerian war expected many turks perhaps unhappy nations political situation chinese operatives turkey seek foster antinato sentiments well antieuropean antiamerican ones contact made turkish government determine wishes future ask china may able help turkey achieve current goals perhaps cyprus united states rise boomer usa dubbed distinct increase sinophobia antichinese sentiment america worrying trend following recent article 9 fiasco japan result counterculture risen china rejecting notion american consumerism especially realm tech gaming chineseowned staples american culture legendary entertainment riot games amc motorola subtle political messages intertwined within products whether dangers ethnonationalism worriesome nature consumer culture subversive message chinese investors massive shares companies begin twisting hand force american discourse additionally chinese companies continue offering redevelopment plans suffering american municipalities tested last decade struggling municipalities primarily rural ones offered concessionary loans belowmarket interest restoration projects firms purchased invested chinese companies allotted reconstruction projects possible political organizations including southern poverty law center national rifle association contacted offers monetary support well support social media chinese assets within us seek capitalize longstanding tensions within american population including ethnic tensions well liberal vs conservative tensions brew discourse distrust crenshaw administration finally democratic party contacted offer political support upcoming presidential election decade republican rule democrats getting desperate regain control washington prc specifically ccpaligned private entities offer dnc support upcoming election ccp attempt coerce dnc accepting form political aid thereafter disclose evidence said deal election republican party hopefully causing massive political discourse immediately election,positive,4,1574995637.0,1
Algeria,Algeria foreign investment,time industrial revolution come mozambique large majority population employed subsistence farming time finally progress past enter future large population rapidly growing economy people needing better paying jobs industrialization perfect way make use first reforms scheduled take place country textiles majority population age range 1825 need jobs past simple farming culture persists within country large workforce available time turn age honored tradition setting lot factories within country specifically appealing places like china united states united kingdom countries make use cheap yet effective labor force provide textiles primary area concern extremely profitable done easily factory investments different countries world foster environment production export countries across world countries around us like south africa egypt algeria import billions annually textiles even mention countries europe north america import billions well new industry funded millions dollars government money along millions foreign direct investment money go grants subsidies direct investment programs help stimulating new industry life starting rely mainly fdi however time goes government able invest arms manufacturing arms manufacturing mainly benefit government neighbors good industry get subsaharan africa functioning domestic arms industry valuable neighbors may need small arms weapons cannot build nevertheless relatively small amount capital beginning help russia particular establish large small arms factory russia experts kalashnikov concern help instructing proper procedures establish small arms factory build said small arms go long way making products quality 50 million invested building factory would also like licenses russia produce ak74m ak12 various small arms use military domestically benefits incentive corporations move mozambique countries invest mozambique need things set us apart countries one thing low corporate tax rates even select cases corporate taxes alone save companies billions give good reason move mozambique foreign business grants also put effect encourage move finally last bit encouragement convince corporations move mozambique free land first 5 years past 5 years begin paying land encourage willing work make time better mozambique,positive,2,1608009221.0,1
Algeria,Algeria foreign investment,hi know several decrees passed law recently incentivize foreign direct investment various sectors personally interested development tourism sector algeria feel though lot untapped potential however interested may also pragmatic know bureaucracy crippling ease business isnt spectacular honesty want look diversification algerias economy development various sectors able wean algeria heavy dependance hydrocarbon exports looking individuals within algeria abroad experience tourismbusiness development dm would like chat take care,positive,3,1669839338.0,1
Algeria,Algeria foreign investment,arab league noted sanctions embargoes placed bandung pact celebrates rupture relations greater shield ummah long since moved away trade perfidious bandung pact ensured shield rely countries fact little trade existed nations pact arab league pakistan india date materials pact cutting available league close partnership japan alfheim arab league interest trade bandung pact india dysfunctional collection microstates roleplaying great power sawahil perfidious entity stands behind legions foreigners ready kill benefit nusantara nothing series islands dated economy military industry knock arab league thus consultation turkish mughalistani friends shield ummah announced retaliatory sanctions economic measures intent cripple pact arab league placing sanctions bandung pact companies shall freeze accounts properties african oligarchs arab league dubai major global financial hub much sawahili oligarchs likely offshore accounts shield ummah cease petroleum oil gas sales bandung pact nations represents substantial portion world energy supply arab league recently indias largest oil supplier via iraq shield ummah prevent trade phosphates arab league produces worlds phosphates morocco jordan algeria leaving bandung pact insufficient amounts fertilizer growing food shield ummah prevent trade tin copper iron aluminum 3rd largest producer chromium 2nd largest producer steel 6th largest magnesium 5th largest uranium 5th largest lithium reserves exploited afghanistan major producer argentina primary resources provided shield ban sale electric autonomous vehicles fusion systems green energy computing systems microchips consumer electronics arab league likely one worlds largest producers pharmaceuticals genetic therapy likely key supplier systems africa formerly kaabus main supplier ban sale foodstuffs including crops lab grown meats water sanctioned countries green tower initiative dassault thales mbda rafael arab parent companies cease providing parts equipment ip nusantaran sawahili subsidiaries making production spike ersamp systems far difficult striking decisive blow denying use dubai financial hub cutting bandung pact petroleum plastics lithium resources cutting access vital consumer goods markets presumably popular africa bandung pact greatly suffer ability wage war arab league clarify closing suez euphrates canal bandung pact flagged commercial ships yet option remains open shield ummah meanwhile double trade relations alfheim japan south africa mexico beyond provide much materials bandung pact seeks cut arab league,positive,3,1645868299.0,1
Algeria,Algeria foreign investment,march 19th 2024 kuala lumpur malaysia x200b verily brotherhood single brotherhood lord cherisher therefore fear quran 2352 relative current success proposal expand tai tf1 stallion program open new avenues turkish arms exports hold joint muslim cooperation council military exercises mcc quickly finding place foreign policy believe strengthening ties regional powers important ministry economy begun develop new strategy regards improving relations muslim world taking page chinas book economy minister nihat zeybekçi called mcc create framework within launch investment initiatives muslim nations aid brothers faith across world proposal new mcc founded three pillars zakāt islam zakāt practice giving alms poor one five pillars faith believe holy practice also applied nations core member mcc currently muslim five required contribute 15 foreign aid budget joint development projects run investment organization called international muslim development bank imdb spend least 075 gdp foreign aid figure already achieved members except indonesia think nations associates junior members mcc elaborated upon later expect priority investment decisions ummah ummah roughly meaning community represents worldwide body believers make muslim world long religion divided great conflicts petty squabbles transgressions syria enemies great look past must set aside smaller differences work together one day even great divides us sealed members mcc already share strong relations must improve relations make allies allies allies forge greater muslim international community end propose creation muslim cooperation congress body meet per year address greatest concerns facing muslim world devise plans solve congress address issues ranging economics human rights provide measure assistance accountability members ribāt middle ages ribāt referred border fortress frontiers muslim realm generally populated volunteers fit changing times taken concept applied modern world must increase level military cooperation seek become defenseindependent nations united states china long enemies faith spite illintended efforts prop strong armies nations would see puppets equipment produced muslim hands buy muslim allies therefore propose creation muslim defense community organization seek grow international muslim defense industry secure proper deals members may increase military strength engaging muslim community rather selling foreign powers turkey alone provide allies vehicles tanks weapons soon fighters cut brothers fair deal ensure know count us addition imdb propose restructuring muslim cooperation council always organization equals blessed equal fortune therefore suggest creation three levels membership senior member junior member associate partners senior members following privileges responsibilities seat imdbs board executives serve primary body organizes development projects seat muslim cooperation congress membership muslim defense community responsibility contributing least 15 foreign aid budget zakāt imdb projects responsibility spending least 075 gdp foreign aid muslim five first senior members ascension nations membership level require unanimous vote well 23 majority muslim cooperation congress removal senior membership require unanimous vote senior members followed simple majority muslim cooperation congress junior members following privileges responsibilities seat muslim cooperation congress membership muslim defense community priority imdb investment projects mdc military efforts responsibility contributing least 10 foreign aid budget zakāt imdb projects required amount foreign aid spending nation may invited become junior member senior member 35 vote required accept nation level membership removal junior membership require 45 vote senior members followed simple majority muslim cooperation congress associate partners following privileges seat muslim cooperation congress consideration imdb investment projects nation may invited become associate partner senior member simple majority muslim cooperation congress associate partner promoted junior member given process time nation may apply become associate partner subject simple majority vote muslim cooperation congress propose invitation number nations newlyreformed muslim cooperation council current membership appear follows senior members turkey malaysia indonesia pakistan qatar junior members azerbaijan morocco djibouti bangladesh sudan albania kazakhstan tunisia jordan algeria guyana associate partners kyrgyzstan tajikistan afghanistan turkmenistan uzbekistan niger mali mauritania senegal gambia somalia guinea sierra leone maldives comoros brunei burkina faso turkey allies believe founded good intentions organization islamic cooperation becoming rump organization soon exist serve interests saudis muslim cooperation council organized work future islam deepening ties commanded faith lead prosperity,positive,4,1578972799.0,1
Algeria,Algeria foreign investment,education university reform return golden era islamic renaissance new education system see increased investments k12 schooling well public universities throughout adir public universities free symbolic tuition fee paid students institutions highly effective training new graduates unfortunately suffer chronic lack funding terms research programs considered largely vocational current education system prioritizes instruction forming engineers doctors lawyers professionals rather fostering atmosphere research development counter issue adir decided increase university funding 10b establish new grant system within stem field worth combined total 2b yearly grants would allow young professionals academics pursue academic career contribute wealth knowledge produced adir fields related physics engineering chemistry healthcare prioritized new programs healthcare related fields expanded accommodate far larger number new graduates per year among programs funded large scale pharmaceutical research facility constructed algiers developing novel treatments common diseases utilizing new techniques messenger rna well advances cloning genetic modification partnering industry partners academiaindustry cooperation agreement would see development new pharmaceutics would help adir contribute development future healthcare special emphasis development extremely cheap drugs used treat common african diseases cholera malaria dengue tuberculosis among others exchange programs already set kaabu adir would extremely useful achieving goal 10 regional facilities set kaabu purpose researching epidemiology providing novel cheap healthcare solutions permission signed deal beforehand offer provided cuanza directorate south africa citing prevalence similar diseases interconnected economies additionally university shams provided new 1b affiliated institute water treatment desalination developing novel solutions help solve regions looming water crisis 2050 much africa would see drastic water shortages would forced innovate starting early adir hopes lead change work towards positive change lastly universities expected provide students mandatory course adir history aapp thought theory democracy solidify concepts among educated population admitted university program may defer military service graduate halving required service time democracy valuable adirs democracy remains siege let educated form vanguard resistance wish take away us healthcare investments following investment previous government adir maintains rough bed per capita ratio 23 beds1000 people best africa much go aapp thus pushing new budget would see construction several new hospitals around country total budget 5b construction 50 state art hospitals across country featuring modern quality medical equipment greatly increasing beds per capita healthcare availability expected take 5 years complete moreover adir call upon german friends work together towards implementing novel genetic engineering projects eliminate diseases diabetes hiv herpes among others new births proving functionality germany systems would prove exceptionally effective reducing long term healthcare costs especially given government sponsored adir diabetes alone costs adir 20b per year similar amounts could spent preventing disease rather treating another major investment pharmaceutical production gypto pharma city algerian mopi developed 2020 2021 hirak significantly expanded adirwide organization similar mopi promoting construction new pharma cities bengazi libyaas well casablanca objective initiatives develop effective biotech industry catch foreign nations well development locally produced generics meet needs adir short adir hopes multibillion dollar initiative help ensure self sufficiency long term 2040 lastly adir centre disease control receive additional funding deal potential resurgences pandemics well biological warfare maintaining samples research commonly used agents anthrax others within framework new biological weapons convention response plan biological attack formulated vaccines prepared stockpiled worst case scenario cdc also sponsor research field counter biological weapons russia already provided adir ample supply anthrax vaccines invited cooperate intelligence sharing relating countering biological weapon threats,positive,1,1630954512.0,1
Algeria,Algeria foreign investment,current government going fail think people problem peoples think government problem nobody wants fix problem oil prices fallen buy 1liter oil 2 dinar people think oil price crashed covid19 isnt crashed ongoing price war russia saudia arabia russia saudi fighting leadership oil increased production lower price one whos capable selling production cost loses impacted lot countries current government solution cut spending well guess isnt going last probably introduce harsh taxes failed relying sonatrach investment foreign companies isnt going work people switching oil based products electric cars replacing oil based plastics recyclable polymers solar wind power programs like 1 million people unemployed current government ignores investing foreign oil companies going bring jobs algeria course government needs invest algerian people pay attention corruption people arent good moneybags need invest manufacturing modern manufacturing like kit cars chinese condor need finance prioritize scientific research studies government attitude sell natural resources keep spending earnings strategy isnt going work country needs leadership strong leader extremely motivated experienced someone experienced hardships success guy eating sitting chair 1962 non experienced people tend believe anything way believed sonatrach invest foreign oil companies people think problem ive seen lot posts lately lets say good idea would lead big achievements dont much money two choices 1st choice find investor second get loan need know someone get bank loanweve seen got loans kit car scandal good luck finding investor find someone responsible protecting idea government guess corrupt government forget youll get kicked biggest problem algeria higher number unemployed people official rate unemployment people 136without including housewives girls never applied anem believe theres many people never heard anem infrom wont apply doesnt work unemployment rate us higher 136 apply welcome 54 million waiting list yes jobs salary messed expect someone live 18000da month wont work less 31000da per month hard get job unemployed rate 136 percent 1 million people looking job expect guy 18000da salary per month buy even rent apartment rent 50 salary spent years working construction without insurance sometimes get hired contractors end paying government nothing contractors work government government responsibility make sure everyone insurance guess dont care contractors employing illegal immigrants human trafficking working government projects forget much get paid people sometimes get abused sometimes frequently isnt government problem problem informing people people spreading misinformation government problem yes government one responsible controlling minimum wage investments slavery number jobs housing market salary 18000da renting studio small town costs 15000da wtf youre single good luck finding rent youre single female theres possibility might get raped transportation public transportation times get job 30km away insurancethe government insurance profit company even anything know many people doomed insurance debts guess government planning jail future made public days ago list get big want isnt point point get real friend talk something least ask get check edit calculated 54 million currently looking job algeria government lower number,negative,6,1588726612.0,-1
Algeria,Algeria economic policy,umaniquoone posted tweet yesterday removed central banker ambitions cbdcs vital highlight discuss content title individual far generic popularity post id like strike iron hot expand person organization works name agustín carstens hes current general manager bank international settlements bis organization believe final boss saga shit hill rand like shit flows downhill debt fails upwards example default mortgage flee mexico figure speech bank would take house still debt left behind obviously oversimplified crucial idea understand needs applied highest level moass level financial whales start get harpooned dd outlined also oversimplified order operations cascading defaults us markets basically retail hedge funds banks prime brokers dtcc fed believe incomplete lets recap last two quickly dtcc depository trust clearing corporation dtcc american financial services company founded 1999 provides clearing settlement services financial markets dtcc established 1999 combined functions depository trust company dtc national securities clearing corporation nscc dtc nscc ficc subsidiaries dtcc theyre entity dtcc holding company registered clearing agency nonclearing agency subsidiaries holds 69 metric fucktons stuff 2016 36b 2017 342b 2018 479b 2019 521b 2020 741b 2021 74b fun fact dtcc went owning assets worth 0272 m2 usd circulation 2016 36b 2016 summary assets132t m2 dec 2016 owning assets worth 0344 m2 usd circulation 2021 74b 2021 summary assets215t m2 dec 2021 2021 dtcc reported official total revenue 2054 billion total value securities processed 237 quadrillion thats 237000000000000000 dtccs userowners include citigroup bnp paribas jp morgan state street ubs goldman sachs morgan stanley virtu barclays bny mellon bank america fed federal reserves fed primary responsibility keep economy stable managing supply money circulation nice job fuckos fed monitors financial system risks engages domestically internationally help ensure system supports healthy economy us households communities businesses treasury manages money coming government paid m2 money measure us money stock includes m1 currency coins held nonbank public checkable deposits travelers checks plus savings deposits including money market deposit accounts small time deposits 100000 shares retail money market mutual funds m2 supply 12 individual federal reserve banks stock freely transferrable pay dividends held private banks fed created congress national banks membership fed stock ownership mandatory fomc majority conrol federally appointed board governors fed currently 8621 trillion total assets us reserves assets currently total 232 billion note spike speacial drawing rights highlighted details footnote 2 massive spike 2021 increase money supply time fed significantly assets dtcc makes sense new information makes much powerful infleuntial ability control usd supply plain simple remember augstin carstens wiki summary mid1980s carstens rejoined bank mexico turning thirty appointed treasurer effectively taking charge national reserves rising ranks early 1990s appointed chief staff chairman miguel mancera served director general economic research end 1990s charge designing banks economic policy many years bank mexico carstens took position imf served deputy managing director 1 august 2003 16 october 2006 carstens left imf coordinate economic policy program felipe calderón presidentelect mexico appointed secretary finance shortly election validated 26 march 2007 carstens additionally appointed new chairman joint world bankimf development committee position customarily occupied developing country finance minister secretary carstens took unconventional decision hedge mexicos oil earnings 2009 possible price falls leading 8 billion profit country carstens nominated bank mexico 9 december 2009 president felipe calderón replacing 12year veteran guillermo ortiz reduced inflation double digits 4 percent end 2009 confirmed senate 15 december 2009 81 votes favor 19 votes interview june 25 2018 q dont think positive side effect bitcoin got many young people thinking money money creation financial system glance back past see creating gold money nothing regular obsession never worked even great physicist isaac newton one point life obsessed alchemy idea making gold successful number fields one failed newton ended head british mint could detect coin counterfeit failed attempt make gold switched sides sent counterfeiters prison message young people would stop trying create money literally point nice deflection 2 dont bad remember one guy didnt work x200b q well respected book bis tower basel made reference secret bank rules world secret bank actual fact well sitting inside much secrecy seriously made goal present diverse human picture bis among things annual report internet presence want become approachable much public bulk research instance public obviously activities also discussions nature subject confidentiality assure business less exciting people imagine ruling world hardly two years time well celebrating 90th anniversary banks founding want use occasion better explain important activities someone presented strong case guys criminals sup building want instagram account ha ha discussions public 90 years old cannot control world x200b wow spoken eloquently exactly competent would expect gm bank banks lifelong resume global finance doesnt exude confidence perfectly efficiently address concerns laid question like stonecold remoreseless mathmatically gifted sociopath like people positions man one highest positions global finance absolute buffoon mean like tweet general manager fucking bis explaining dont know uses cash bills makes brain hurt part said determine rules regulations use cbdcs look read line justyikes almost every instance speaking nonsense speculative opinion likely front people really writing rules potential fall guy global finance like think sbf ftx thats neither bis bank international settlements international financial institution offering banking services national central banks forum discussing monetary regulatory policies singlular global central bank major national central banks around world bank banks established 1930 bis owned 63 central banks representing countries around world together account 95 world gdp bank algeria central bank argentina reserve bank australia central bank republic austria national bank belgium central bank bosnia herzegovina central bank brazil bulgarian national bank bank canada central bank chile peoples bank china central bank colombia croatian national bank czech national bank danmarks nationalbank denmark bank estonia european central bank bank finland bank france deutsche bundesbank germany bank greece hong kong monetary authority magyar nemzeti bank hungary central bank iceland reserve bank india bank indonesia central bank ireland bank israel bank italy bank japan bank korea central bank kuwait bank latvia bank lithuania central bank luxembourg central bank malaysia bank mexico bank almaghrib central bank morocco netherlands bank reserve bank new zealand national bank republic north macedonia central bank norway central reserve bank peru bangko sentral ng pilipinas philippines narodowy bank polski poland banco de portugal national bank romania central bank russian federation saudi central bank national bank serbia monetary authority singapore national bank slovakia bank slovenia south african reserve bank bank spain sveriges riksbank sweden swiss national bank bank thailand central bank republic türkiye central bank united arab emirates bank england board governors federal reserve system united states state bank vietnam ive bolded bank names nations recently mentioned msm due financial andor geopolitical issues see extensive list x200b bis board directors board may 18 members including six ex officio directors comprising central bank governors belgium france germany italy united kingdom united states may jointly appoint one member nationality one central banks eleven governors member central banks may elected board françois villeroy de galhau chairparis stefan ingves vicechairstockholm andrew baileylondon roberto campos netobrasilia shaktikanta dasmumbai yi gangbeijing thomas jordanzurich klaas knotamsterdam haruhiko kuroda tokyo christine lagardefrankfurt tiff macklemottawa joachim nagelfrankfurt main jerome h powellwashington chang yong rheeseoul victoria rodríguez cejamexico ignazio viscorome john c williamsnew york pierre wunschbrussels x200b bis management general manageragustin carstens secretary general head general secretariatluiz awazu pereira da silva deputy general managermonica ellis head banking departmentpeter zöllner head monetary economic departmentclaudio borio economic adviser head researchhyun song shin head bis innovation hubcecilia skingsley general counseldiego devos deputy head banking departmentluis bengoechea deputy secretary generalbertrand legros deputy head monetary economic department stijn claessens chair financial stability institutefernando restoy head risk managementjens ulrich chief representative asia pacifictao zhang chief representative americasalexandre tombini x200b bis pursue mission provide central banks forum dialogue broad international cooperation platform responsible innovation knowledgesharing indepth analysis insights core policy issues sound competitive financial services sothey talk bank stuff wow enlightening reassuring x200b deliver mission work anchored strong core values shape way work deliver value excellence performance committed continuous improvement innovation act integrity foster culture diversity inclusion sustainability social responsibility fucking pardon fucking work hard youre honest responsible effectively dictate entire global banking system would even need state oh yeah right youre lying x200b would think would easy find specific information central bank central banks isnt would think level finance would least somewhat transparent isnt would think average person would heard bis havent x200b heres little fun tidbit information ol trustworthy bis archives bis open archive rules records relating banks business operational activities 30 years old available consultation exception limited number records remain private confidential even 30 years elapsed look stuff 30 years even let wow really embodying vision guys nice work x200b dont want suggest bis comprised people wearing robes chanting around fire sacrificing livestock gods theyre people people usually extremely wealthy sociopaths hold lot power influence global currencies proxy governments geopolitics basically big united nations shitty bankers logically speaking probability conspire together interest maximizing profits high thats opnion march 2022 bis apparently 348 billion assets important fed usd bis money money every major currency everywhere x200b according 2019 report international monetary fund imf estimated 52 trillion worth physical currency circulation worldwide 08 total money supplyits important remember estimate true figure likely much higher according report estimated 80 trillion worth financial assets circulation x200b know dozen mostly us banks work fed well way worlds central banks work bis fuck balance sheet assets control priceless x200b believe need add one rung ladder hedge funds banks prime brokers dtc fed bis final boss relate gme crypto thats really firstly lets remember crypto high level separation money state currency asset cant controlled one person group real crypto core decentralized moment commerce begins accept crypto en masse currency asset moment legacy finance begins inevitable rapid death crypto doesnt threaten us markets usd specific currency specific government select elite could sacrificed necessary affects entire fucking modern monetary system financial fearlessness politicians bankers historically warm blanket winter ripped bis bank banks whole world lose secondly know company thats perfectly positioned capitalize projected 500 billion gaming industry next couple years also situated forefront transition fiat crypto company literally gets horny satisfying customers competent management team clear vision ruthless pursuit growth development perfectly embodying true core values secure trustless permissionless transactions,positive,1666,1669769996.0,1
Algeria,Algeria economic policy,lore ww1 arabia gains independence fall ottoman empire 1919 egyptian revolution strong arabias independence augments arab nationalism sultanate egypt gains independence controls sudan arab maghreb region king mohammed v uses american support decolonization lead panarab movement establishes sultanate maghreb stretching cyrenaica nouakchott 3 countries create economic political union similar european union unified currency single market mutual defense pact making arab block one powerful alliances world,positive,622,1698330589.0,1
Algeria,Algeria economic policy,article alain alameddine seth morrison middle east monitor also hebrew one democratic state initiatives website seventysix years occupation ethnic cleansing settlercolonization leading todays genocide gaza cannot disappear overnight light historical palestinian antizionist jewish vision single democratic state palestinians previous israelis coexist make sense would state guarantee security citizenswouldnt previous oppressors victims others throats zionism claims jews always always persecuted accordingly presents model state exclusive jews solution promotes apartheid throughout world taking advantage long history european antisemitism encourage jewish immigration palestine leave societies cleansing nonjews palestine using different means violence even supporting similar identitarian projects algeria sudan lebanon syria countries words zionism claims violence inherent different identities separation solution palestinian liberation movement hand historically declared violence region outcome oppressive settler colonial project dismantling solution right could democratic state guarantee peace security citizens historical cases colonization decolonization teach us dismantling colonial relations power establishing legitimacy democratic state ghassan kanafanis returning haifa palestinian child raised israeli settlers ended joining occupation forces one could also easily imagine settlers son raised palestinians joining resistance shows violence occupiers occupieds result political structure rather inherent qualities fact 90 jewish israelis side genocide gaza palestinians side armed resistance result colonial relations power imposed colonial state words role decolonial democratic state inherit cohesive society build develop cohesion within word fanon decolonization brings natural rhythm existence decolonization veritable creation new men required understanding settler state imposed colonial relations power determining policies dismantle democratic state democratizing state example state grant palestinians rights zionist state deprived particularly right return right compensation without unjust jews implement model would fair regardless socioeconomic status abrogate racist laws basic law citizenship law ensuring totally equal law criminalize political zionism kinds settler colonial ideologies instead different school curricula jews nonjews unify curriculum make sure universal civic values replace zionist values socio economic level establish comprehensive safety net universal free education universal health care full equality hiring wages closing todays income poverty education gaps previous war crimes also investigated although mechanisms need determined future citizens stateboth palestinians israeli partners state also monopoly violence includes disarming segments population currently armed quote ner kitri article transition jewish state true democracy benefit use monopoly protect citizens lives rather colonial privileges finally state commit use armed forces expansionist purposes israel historically cases kenya south africa algeria discuss details deportation table israelis feel genuine connection land religious cultural reasons enjoy life equals dezionized palestine choose leave able peacefully eliminating colonial privileges guaranteeing rights new palestinian state establish solidify legitimacy eyes society crucially instead legitimizing existence basis representing sectarian interests basis functional capacity administer affairs society guarantee citizens rightsrights israel denies palestinians failed deliver jews changethis decolonization fullest sense wordwill signal rupture zionism global colonial project result society tribal identities melt away whose citizens merely coexist actually live together two previous demographic groups forming single mosaic life ilan pappe expressed saidis realistic vision could happen history palestine well historical cases decolonization teach us violence colonization historical examples palestine always home christians muslims jews bahai observers many different religions lived together peace colonial zionists palestine welcomed nonpalestinians kurds armenians circassians european jews example zionist education initiative tbtn indicates important vital jewish community gaza early muslim period jewish community experienced period prosperity ottoman rule tbtn explains peace disturbed two occasions first 1799 jews fled gaza ahead napoleons invasion palestine marking temporary end jewish presence area gazans returned 19th century city important jewish center ended 1920s following mass migration jews palestine balfours promise establish national home jews palestine riots started throughout palestine gazan jews fled cases violence result european colonial interference inherent religious cultural differences expressed palestinian letter zionism stood way life common life basis freedom fairness recognize understand jews palestinians coexist dezionized land fear specific caseover 76 years oppressionit prove impossible previous oppressors victims live together obviously feelings supremacy one hand revenge expected interestingly historical cases decolonization seem reveal pattern balance forces tips favor indigenous transition less rough happens large number settlers leave willing let go colonial privileges remain peace words history shows although process liberation violent liberation actually ends increases violence previous enemies kenya one example mau mau uprising began early 1950s significant violent resistance movement british colonial rule years unrest increasing pressure british government forced negotiate independence kenya native liberation movement new state promoted policy forgiveness reassured settlers could stay contribute equals many settlers left fearing reprisals stayed relinquish privileges particularly terms land resource redistribution zero cases largescale revenge évian accords ended french colonization algeria stated europeans could depart remain foreigners take algerian citizenship article liberation palestine fate israelis eitan bronstein aparicio explains following announcement violent terrorist organization named oas organisation armée secrète secret army organization emerged caused many casualties mainly algerians also anticolonial french attempt prevent liberation algeria violence subsided within two months eitan continues settlers chose leave algeria ran away panic fear day domination would fact real existential threat left captive colonial identity words could imagine situation would live equality algerians paid huge price uprooted home due occupier mentality 200000 french decided stay live liberated algeria testimonies learn saw algeria home reason leave end apartheid south africa followed pattern negotiations apartheid government african national congress anc accompanied considerable violence unrest including clashes rival political groups police crackdowns incidents like boipatong massacre assassination chris hani prominent anc leader first democratic elections however marked high turnout government enacted decolonial policies black economic empowerment land reforms stripped settlers number privileges settlers chose remain citizens peacefully truth reconciliation commission also provided interesting model investigating past abuses allowing perpetrators human rights violations provided full disclosure actions demonstrated crimes politically motivated truth could apply amnesty reconciliation thus judging colonial political program caused crimes rather human tools used cases decolonization seem follow pattern showing need fear dismantling colonial israel state establishment democratic palestinian state unfolding transitionary period danger brought minimum even averted learning improving south africa kenya models palestinian liberation movement israeli partners decolonization peace work together colonized made clear decade decade democratic state want see river sea must work make vision even clearer friend foe invite othertodays colonizersto upgrade settlers citizens israeli comrade ner kitri beautifully expressed join us common fight freedom led believe could live without nationstate lest denied privileges also find dispossessed way permanent minority nation made immigrant settler settler perpetrator nation made local native native perpetrator new history everyone colonizedsettler native perpetrator victim majority minority learn history might prefer survivors instead neither settler native mahmood mamdani alain alameddine decolonial praxicist focus palestine sham region coordinator one democratic state initiative happy reached alainaodsico seth morrison american jewish antizionist activist supporting propalestine organizations including jewish voice peace organizational information identification writes personal capacity sethmorrison30gmailcommailtosethmorrison30gmailcom,positive,146,1735228185.0,1
Algeria,Algeria economic policy,since 2000 democrat run states performed republican run ones terms annual growth rate gross state product gsp per capita edit wow first question posted subreddit love engagement would categorize answers four buckets 1 wrong conditional claim claim businesses better gop run states wrong 2 extenuating circumstances geography population factor make gop run states look bad 3 red turning blue decent number folks made oddly specific claim ca economy built reagan republicans turned blue true 4 rant lot folks made claims rambled 1 2 im curious metric look support claim counter claim,positive,11524,1734329947.0,1
Algeria,Algeria economic policy,worlds permafrost melting russias war grinds droughts expand energy problems grow may see beginning end chinas zerocovid policy oh tremendous global famine looming last week collapse long post try make end every week curating important depressing useful surprising reassuring demoralizing notable timely otherwise mustsee events collapse twelfth edition last weeks newsletter march 511 missed first horseman rides white horse name plague chinas covid problems ramping past weeks hong kongs cases spiking entirely predictable would spread across border neighboring shenzhen population 17m 3rd largest city china locked contain virus china factory world shenzhen factory china computer chip shortage got lot worse southern china 51 million people china living lockdown including entire northern province jilin borders russia north korea china remains determined continue zerocovid policy matter cost united states covid news federal government going stop funding monoclonal antibodies treatments read whole thread treatments immunocompromised people also stop monitoring new variants could possibly go wrong experts already predicting another american covid spike us still 66 fully vaccinated 2 doses behind brazil el salvador mongolia global covid news south korea averaging 400000 new cases covid every day breaking new death records daily south korea 15x daily cases compared us less ⅙ population vietnam rocketing past alltime highs 270000 new cases per day average though deaths peak germany also struggling record new cases around world nobody seems care least new zealand reopening borders really want visit mt doom need look homepage rcollapse second horseman rides red horse name war russian reinforcements slowly moving ukraine patching supply lines besieging citiesalthough major city fall far kherson mayor melitopol captured russian forced rescued week ukrainian special forces russian dictator president vladimir putin staged bizarre concertrally last week almost reminiscent trump rally sides manufacturing consent committing even clusterfuck war russias comparatively high losses observers wonderingand worrying indiscriminate attacks increasing galvanizing ukrainian morale also collapsing ukraines infrastructure people talking nuclear option putin feels cornered heard first believe see first nuclear weapon tiny tactical nuke used 75 years deployed ukraine year 6 ukraines people 3m 45m total reportedly already fled country refugees read subreddits megathread ukraine updates literally news channelwebsite cant keep libya hellscape refugees sold slavery little 400 libyan crisis complex onandoff civil war burning 11 years may entering new phase fathi bashagha another halfcredible claimant throne presidency libya announced planning moving forces capital tripoli within days libya supposed elections june afghanistan fully collapsed fuck may even beyond collapse weeks ago posted people allegedly selling kidneys 1500 reports come expectant mothers selling unborn children little 565 usd crippling debt would slaver even want newborn baby lack words third horseman rides black horse name famine horn africa continues terrible drought worst 40 years population much greater 1982 20 million people facing foodwater shortages algeria country horn banned food exports anticipation upcoming famine kenya experiencing flooding starting displace hundreds thousands people china reportedly facing worst wheat crop ever yearmade worse russias blockade ukraine prevents grain exports black sea syria also experiencing great difficulties 23rds population facing hunger yemen still edge catastrophe facing worldwide fertilizer crisis begun famines hopelessness gone mainstream probably united states shattered records drug overdoses last year data report 105000 people died drug overdoses america october 20202021 synthetic opioids fentanyl responsible deaths united states federal reserve finally raising interest rates first time years although rate hikes forthcoming signals stagflation basically means slow economic growth rising unemployment high inflation words conditions great depression could also mean stock bubbles popping real estate prices dropping could bullshit prognostications since economics arcane social science untethered reality peoples material existences reuters article tries explain rate increase implications nigeria africas populous nation facing continents largest electricity crisis nigeria extracts lot oil refineries arent working exports crude oil imports processed petroleum produced long queues petrol shortages jet fuel massive problems electrical grids crashing due high demand oil prices dipped bit week bigger energy news china trying buy saudi oil chinese yuan saudi arabia may oblige could damage universal credibility usd global currency signal breakdown dollar diplomacyor could signal saudi arabias willingness strongarm us supporting arabian kingdom interestingly saudi arabia also talks applesupplied foxconn build 9b computer chip factory kingdom keep eye one giant arctic methane sinkholes appearing seafloor bad news arctic ice planetary life whole cant put genie back bottle incredibly hot warm front moving north pole 28 c 50 f normal fourth horseman rides pale horse name death select commentsthreads subreddit last week suggest thread complete footnotes everything talks nuclear policy united states potential impacts nuclear winter may reassure makes feel like nuke likely option insightful geopolitical analysis mutual collapse connoisseur suggests ukraine war watershed moment global orderand entirely agree read make mind comment response question bad see getting lays one users prediction aint hopeful witness hilarious collapse shitpost couldnt restrain laughter redditor posts update un world population report know world population counter estimates 79 billion people earth today expected reach 8 billion humans next year another post defends obvious problem overpopulation resource scarcity new member subreddit posts observations netherlands past years homelessness censorship economic troubles doom gloom doom like collapse report feedback recommendations questions comments articles complaints financial advice death threats etc try put post every week miss,negative,845,1647696430.0,-1
Algeria,Algeria economic policy,salam everyone coming across post yesterday time ago seeing ulee_hwaqs comment daily morocco suck post would love see solutions decided make post book im outlining layman think moroccos various quite numerous woes think approached shady book chapter first provide analysis perceive problems importantly think would consider ideal state affairs state strategy solution approach issue seems feasible get id like us close realistically possible given context example islamist feminist might agree state women morocco horrendous opposite reasons helps say way one considerns something problem chapters book along chaotic notes order chapters may revised please let know theres something think look thoughts may 1 education literacy 1 language questions darija vs arabic language continuum dialectal differentiation diglossia linguistic borrowing amazigh french spanish impact condemned learning essentially foreign language assessing feasability desirability attempting standardize darija visàvis arabicspeaking world islam maghreb arabic vs amazigh binational identity faring face centralization homogenization impact elevation amazigh official status exploring various cases spains autonomous regions france ages picardy corsica guyana tahiti turkish kurdistan iranian azerbaijan guangzhou canton switzerland belgium friesland ireland taiwan maybe india french vs english france québec françafrique vs rest world spanish 2 20 birds one stone aka opportunities iberia latam thanks moroccos geographical position shared history spain 2 curriculum finlanda decrease bloat increase effciency reduce hours whenever possible student psychology estimate ideal number hours ideal number days extracurricular activities enjoyment learning freedom choose vs market demand compliance eu international degree equivalence rules hs uni degrees 2 economy standard living health outcomes 1 staffing funding qualifications public services learn france cuba 2 private sector lobby 1 funding services nationalisation sensitive industries shouldnt learn france cuba 2 electric boogaloo 1 amenities 2 health insurance 3 retirement 4 oncf urban transport making fortunate geographical spread moroccos urban centers 5 ocp 2 food subsidies keep principle implement better money goes need instead companies 3 foreign investment market attractiveness capital flight 1 banking 2 employee stock options worker cooperative model 3 keeping capital happy avoiding race bottom international labor 4 falling fertility rates brain drain general emigration mres climbing value chain automation 5 land reform construction housing 3 geopolitics 1 algeria minimum credible deterence maghrebs lost economic potential military spending arms race hidden massive opportunity cost favoring defensive posture belligerent one titfortat ramping support kabylemak separatism counter support sahrawipolisario support risks backfiring rif risks implosion algerian regime contingency plans face desperate unpredictable hostile foreign military looking scapegoat wilaya tunus mauritanian strategic ambiguity moroccan soft power elite circles 2 spain economic cooperation historical political economic rival undercutting breadbasket europes agricultural exports world cup territorial disputes exclusive economic zones migration 3 france french economic interests morocco guarantee support algerian aggression potential disputes keep mind going forward competition subsaharan africa especially banking diversification suppliers economic partners china spain etc going nuclear russias rosatom risks new rapprochement attempt algeria migration mres french schools business 4 eu free trade quotas norms regulations germany 5 ecowas mauritania transafrican trade sahel port dakhla deisolating landlocked sahelian countries potential ecowas repercussions senegal west wfrican development coastal francophone countries nigeria important potential supplier natural gas already huge growing market 6 united states making use fta risk souring relations resistance privatisation key industries risk pressure privatise rail ocp water energy 7 canada mres québec improving economic links making use french 8 mena 1 egypt opportunities morocco ongoing neoliberal destruction egypt 2 gcc reliability saudiemirati support face moroccos potentially shifting internal politics 3 ethnic cleansing palestine necessity israeli strategic alliance 9 muslim world 1 turkey rising superpower things change stay 2 iran really matter 3 pakistan bangladesh 4 se asia far away matter yet populous developped 10 china imports investments navigating rising western protectionism hungary cant get away morocco sure hell cant rubber tires antidumping european court ruling case 11 india good market massive trade surplus opportunities develop phosphatebased fertilizer industry exports agrarian economy 12 mercosur natural practically nonexistent economic partnership 4 politics 1 disenfranchisement might actually good thing hear 2 propaganda culture wars illusion democracy lessons west sophisticated neoliberal political distraction techniques 3 morocco unitary parliamentary semiconstitutional monarchy 1 realistic royalist takes beneluxscandinavian models 2 realistic republican takes italianfrenchswiss models defo german us ones 3 idealistic take liquid democracy aka revokable delegation direct voting power 5 societal attitudes 1 sexism gender expectations misogyny male disposability moroccos various increasing gender divides 2 racism colorism romanticization andalusian ancestry attraction whiteness aversion blackness 3 religion sex policy religious sexual freedom country official state religion 4 drug decriminalization substance abuse lessons swiss 6 housing architecture tourism aesthetics 1 local urban development plans modern architectural ugliness solutions constraints due current potential economic injustice 2 tourism cuisine hospitality industry confronting sexual tourism various forms 7 water climate renewable energies 1 water management dams desalination plants agricultural sector 2 solar plants green hydrogen xlinks becoming energy supplier 3 technological innovation solardesalination synergy green hydrogen cloud seeding aeroponics phosphatebased fertilizers 4 green spaces desert greening learning journey much opportunity express various topics im interested hearing think various subjects im planning exploring limited knowledge understanding nonexpert isnt really prescribe solutions though expect welcome criticism countersuggestions bounce ideas people get critique thoughts nice day,positive,38,1731872799.0,1
Algeria,Algeria economic policy,uma stalemated algerian refusal partake cooperative agreements member nations decided create sepereate agreements member nations hopes algeria pressured join surrounded competitive economies part new policy morocco would like strengthen bonds mauritania tunisia develop connected economies reform currencies stands mauritania tunisia using currencies relatively weak compared currencies euro usd reason believe mauritania tunisia morocco begin adoption new common currency used member states alongside current currencies new common currency would help ease transactions across borders adoption common currency alongside normal currencies would also ease tensions created nations switch currencies first step common currency believe establishing currency basket help reduce fluctuations nations currencies final economic reform propose union stock exchanges single stock exchange called maghreb stock exchange thisll help strengthen trading power money gained exchanges establishment north african free trade agreementnafta economies seemingly complementary mauritania dependent foreign energy morocco expanding oil energy capacity could compensate mauritanias shortcomings however general countries already pretty reliant trade countries making speed trade faster signing nafta allowing free trade would greatly benefit economies reforms believe maghreb economies surely grow steadily foreseeable future free trade zone would allow cultural sharing mixing uniting people closing gap people maghreb hope also share vision future maghreb excitedly await response,positive,3,1505793564.0,1
Algeria,Algeria economic policy,eu dealing perpetual crises decade yet still stands although riddled internal fractures paralysis imbalances uk one largest powerful member state left seems brexit recent issue eu actually stayed united till end economy eurozone survived sovereign debt crisis hardly say looks healthy economic difference north south widened closed putting governments conflict covid ravaged eurozone prompting ecb continue record amounts quantitative easing pepp exctly ideal monetary policy government debts south continuing major issue fundamental problem common currency resisting path united fiscal policy eurozone remains unsolved things like european fiscal compact european stability mechanism bit loose really fix eurozone process enlargment bulgaria croatia joining erm ii last year seems bithasty enlarge zone hasnt solved rather deep problems existing members implementation true capital markets union also delayed delayed initial idea since least early 2000s brexit seems restarted ambition remains seen eu actually makes progress havent previous years institutions halfbaked state eu shows fact eu competences limited yet tries ever fight transfer competences brussels vs national approach ongoing hasnt stopped intensity argue eu needs true reform terms fundamental eu treaty changes direction treaty changes usually deeper integration shallower require unanimity lisbon last treaty change time 08 crisis even lisbon treaty struggled passed ireland needing 2 referenda proponents integration uphill battle fight im sure lot appetite treaty changes yet needed european integration process wants continue solid grounds uk leaving ultimate symbol disagreement uk isnt one long held reservations federalisation brussels powers populist governments around eu preventing see loss national sovereignty fact lot countries trying wrestle back powers areas eu clear assigned competences clashes ecj various constitutional courts member states stopped cases like poland hungary clashing brussels institutions quite openly foreign policy immediate neighborhood eu riddled conflict member states making past conflict interest yet state eu doesnt allow much power needs eu needs create security architecture neighborhood see changing anytime soon current situation eu disunited internally foreign policy questions also unable pose serious security actor due lack united military policing force eu institution true military unity eu unlikely happen anytime soon various member states completely different ideas terms military policy objectives member states nonnato declaration neutral foreign policy thus making military nonfactor eu frontex yet largely organizational superstructure ontop national border enforcement little power actually enforce anything national policeguards etc true sovereign powers member states territory lie eu divided weak dealing refugee issue middle east multiple member states others throat acting contradicting unable much alleviate conflicts mediterranean neighborhood like turkey libya algeria syria enlargement eu ongoing within context balkans terms large foreign policy issues balkan expansion change much foundational level situation eu seems complicated filled squabbles problems immediate solutions turn keeps eu following clear path foward think future eu look like,positive,301,1611681214.0,1
Algeria,Algeria economic policy,much algerias economy dominated state capitalism industries banking pharmaceuticals even automobiles dominated state enriched many oligarchs close government also slowed economic growth discouraged foreign investment consequence chronic unemployment especially among youth algerians 25 unemployment rate gotten high 70 peak algeria must modernize economy order resolve economic issues many inefficient staterun corporations broken distributed workers attempt direct workers control trade unions already somewhat powerful nonpublic companies redistribution may work mondragon corporation serve example first companies broken société nationale des véhicules industriels national company industrial vehicles saidal staterun pharmaceutical company cooperatives establish workers councils report status directly minister industry small medium enterprise investment promotion experiment succeed staterun companies may broken similar fashion additionally algeria becoming nation wealthy enough afford luxuries firstworld nation algeria begin providing true firstworld nations universal healthcare algerias life expectancy lags behind european countries libya implement policy expect see algerians lives greatly improve downside healthcare cost nearly third algerias national budget allow us provide need secure livelihoods residents end day nation value healthcare investment human capital algeria one readily willing make,positive,1,1490230505.0,1
Algeria,Algeria economic policy,x200b berlin dominance germanys global hegemony throughout world especially europe help economic power european union military power berlin defensive pactin germany sdp power austria reformed danubian federation turkey sublime ottoman federation paris vs moscow german imperial project failed cold war world paris international moscow eurasian security treaty organization syndicalists democratsrussiaaligned finland poland german republic czechia slovakia hungary romania united states yugoslavia bulgaria albania greece turkey kurdistan iran east turkestan mongoliarussiasemialigned scandinavia coprosperity sphere canada usa policy neutralityfrancealigned union britain ireland batavia helvetica german socialistic republic italy iberia algeria australasia south africafrancesemialigned india caire pact view poll,positive,117,1694541224.0,1
Algeria,Algeria economic policy,know everyone algeria sceptic transparency elections especially 90s coup feel like vote wont really count rather vote participate clown act hear want make 2 points 1 democracy going election post casting vote first discussing policies candidates offer seeing one better discussed front public itll bring political economic awareness first thing required knowledge stop talking whether candidate x good bad talk whether candidate x policy good 2 challenges like marathon might take cumulative small changes decade two manifest wont happen overnight know lot us young usually impatient want country get better tomorrow thats impossible happen instead fight get improvement little little gets better end discussing policies participating elections might fruitful today keep 10 15 20 years,positive,33,1718656932.0,1
Algeria,Algeria economic policy,salam cant understand whole algeria didnt single manifestation government policy real actions help stop gaza genocide example expel ambassadors proisrael countries usaukfrance economic fuel sanctions x200b makes feel people either aware nothing gaza afraid government reactions protests x200b either way terrible worst see massive propalestine protest usa eu uk dont gaza real relationship except humanity side consider part us still nothing x200b change x200b x200b x200b x200b,negative,25,1702036099.0,-1
Algeria,Algeria economic policy,might unpopular opinion believe approaches ethnic issue confédération des états du sahel good fact think something criticize begin approach goïtas government toward ethnic tensions mali deeply problematic equating azawadi rebels terrorist groups unjust also undermines chance achieving peaceful negotiated solution additionally treatment tuareg arab fulani communities leaves much desired appears prioritize repression inclusion respect rights decision abandon 2015 peace accords originally designed resolve conflicts peacefully launch new offensive azawadi movements exacerbated situation violates promised autonomy regions also jeopardizes prospects lasting reconciliation stability path dialogue recognizes legitimate demands communities ensures fair treatment peoples country essential also worth emphasizing azawadi people right selfdetermination government burkina faso would prefer delve deeply treatment fulanis traorés government gravity situation cannot ignored communities face dire conditions suffer widespread abuses militias operating governments influence one example indiscriminate attacks fulanis fulanis endure systemic violence undermines claims stability justice state nouna massacre stands stark example brutality also believe troubling tendency among sectors western left fetishize peoples africa others parts world governments often stems good intentions oversimplifies complexities political social struggles across continent marxist perspective crucial approach issues critical materialist analysis taking account class dynamics economic structures internal contradictions shape societies romanticizing certain movements governments im speaking generally sahel governments obscures struggles working peasant classes within nations also risks legitimizing power structures often perpetuate oppression exploitation instead succumbing idealizations left practice concrete rigorous solidarity aligning working masses rather ruling elites frequently operate within constraints global capitalism edit want clarify avoid misunderstandings ignore colonial legacy france especially west africa legacy continues function structure oppression shaped artificial borders also cemented inequalities ethnic divisions persist day however chose focus current policies governments perhaps mistake mention pointed instead addressing historical overview consider important assume generally known preferred focus current issues edit 2 another thing mention historical background since independence mali committed crimes certain ethnic groups north borderline genocidal practices took place early 1960s years malis independence led rudimentary improvised resistance 1963 brutally crushed criminal practices malian government combined violence resulting insurgency led forced displacements wave refugees many arrived algeria partly explains sympathy azawad rebels country,negative,5,1734575056.0,-1
Algeria,Algeria economic policy,getting subject im going two preliminaries talk history usisrael relations early years talk backdrop eisenhowers policies overall worldview terms usisrael relations important know beginning even though us voted un partition plan special relationship america early truman eisenhower administrations maintained arms embargo israel middle east whole lifted kennedy administration 1962 though even us special relationship israel due kennedys opposition dimona lbj administration special relationship starts 1965 pm levi eschol military relationship solidified kennedy initially sold defensive military equipment johnson administration became first sell offensive military equipment speak backdrop president eisenhowers policies remembered course cold warrior world view one explicitly supported western american dominance presidency coups iran guatemala congo well attempted one indonesia 58 took place anti colonial governments eisenhowers term united states back france attempt repress independence struggle took place algeria supported apartheid government south africa cold war purposes nelson mandela protesting 50s someone absolutely dedicated defending american western hegemony flowed role supreme allied commander wwii well first military leader nato makes eisenhowers record arabisrael conflict palestinian issue fascinating unlike issues one eisenhower defended palestinians openly opposed israel several issues 1953 example qibya massacre took place ariel sharons unit committed massacre west bank united nations ended condemning raid leader condemnation interestingly united states eisenhower un security council condemned censured israel un resolution 101the soviets abstained interestingly eisenhower sanctioned israel cutting economic assistance 1954 eisenhower censured israel called lavon affair egypt israelis sought fake plot put bombs american egyptian british owned civilian centers blame muslim brotherhood egyptian communists order convince british maintain control suez canal plot exposed eisenhower led united nations security council condemning israel 1954 1955 eisenhower censured israel un raids syria famous incident involving eisenhower israel course suez canal crisis france israel britain response nasser nationalizing suez canal well supporting palestinian feyadeen raids israel launching joint tripartite invasion invasion included invading egypt also invading occupying gaza expected eisenhower support given harden cold war stances well distrust anti colonial movements frequently overthrew cia took opposite position joined soviet union condemning western invasion gaza egypt imposed sanctions uk resulted worst economic crisis britain experienced since great depression threatened sanctions israel first sought impose sanctions israel congress members congress led senate lbj opposed eisenhower saying hard israel bypassed congress sought take executive action sought support taking case american public official address explaining israels violations international law eisenhower also supported threatened executive action getting un involve un imposed sanction package would placed general assembly security council threat israel pulled sinai gaza 1957 lot ironies man helped build americanuk special relationship sanctioned britain support israel man dedicated presidency overthrowing anti colonial governments cia coups ended supported nasser palestinian movement man general led allied forces fighting nazis liberating concentration camps ended president sanctioned israel history important palestinian cause well one things key part palestinian activism bdsboycotts divestments sanctions often times bds movement models done anti apartheid movement south africa makes sense similarities however history important shows american president 1950s literally bds came israel isnt hypothetical tactic advancing palestinian rights literally implemented successes knowing history accurately important speaking advancing palestinian liberation,positive,163,1735674688.0,1
Algeria,Algeria economic policy,first would like state underlying assumptions 1 say support ukraine mean means taking public position favour ukraine arguing south africa become party conflict donate arms ukraine instead argue south africa take strong unambiguous position invasion wrong russia withdraw using vote international organisations un general assembly 2 neutrality option face aggressive war russia south africa really two options south africa either condemn invasion choose condemn south africa chooses latter option states including russia correctly interpret tacit prorussian position 3 opposition russias war remove south africas ability oppose wars common prorussian argument subreddits yes bad actions carried western countries israel shouldnt oppose bad actions instead however obvious logical fallacy since things mutually exclusive example south africa oppose israels occupation palestinian territories south africa chose condemn russia would suddenly lose ability condemn israel therefore argument fallacious disregarded three assumptions place four arguments view would south africas national interests support ukraine rather russia 1 south africa benefits strong sovereignty norm international relations basic rule international relations sovereignty idea country legal right control territory principle codified international agreements signed aftermath world war world war ii strengthened international movement towards decolonisation postwwii era terms international law means countries allowed wage war unless engaged selfdefence aggressor authorised un security council south africa direct national interest maintaining strong sovereignty norm international relations since russias invasion ukraine direct challenge norm sovereignty south africa interest opposing 2 south africa oppose claims colonial spheres influence strip away propagandistic justifications current war eg denazification actual cause conflict russias claim quasiimperial sphere influence russia colonial power incorporated ukraine russian empire late 1700s catherine great grigory potemkin give historical perspective roughly historical period dutch republic consolidating colonial control cape colony southern africa several waves decolonisation 20th century ukraine regained independence 1991 2014 euromaidan uprising ukraine become increasingly liberal democratic political values sought align politically economically culturally europe rather russia sovereign state ukraine obviously allowed wishes however russia willing allow ukraine formal independence still regards ukraine quasicolonial terms believes veto power ukrainian foreign policy punish ukraine trying align europe russia invaded eastern ukraine crimea 2014 launched fullscale invasion rest ukraine 2022 south africa also postcolonial state furthermore south africa friendly relationships close business ties states africa also postcolonial states postcolonial state south africa clear interest rejecting claims colonial spheres influence former colonial powers obvious imagine similar situation elsewhere world change names players example imagine situation algeria wished ally china france objected former colonial power region veto power algerian foreign policy imagine france invaded algeria occupied industrialised regions country declared regions french departments legally part france clearly situation south africa would realise neocolonial war would set precedent national interests would strongly oppose precisely precedent russia setting invasion attempted annexation ukraine 3 supporting russia south africa siding probable loser paper russia seems like much stronger power ukraine population 3x larger ukraines far tanks artillery soldiers combat aircraft nevertheless likelihood russia ultimately winning war low russias fundamental problem colonial imperial power trying take control country wants remain independent history shows doomed fail postwar world ii world emergence modern nationalism anticolonialism repeatedly seen work regardless onesided balance forces might appear paper example us far powerful paper viet cong ultimately us could hold south vietnam france could maintain control algeria even though theoretically powerful fln recently russia usa tried establish client states afghanistan course failed ukraine also important advantage resupplied west whereas russia largely supplying war effort western states provided ukraine increasingly sophisticated weapons javelins himars ifvs mbts next step probably supply ukraine combat aircraft longerrange artillery russia tried compel europe end support ukraine cutting supply natural gas european countries able get winter 2022 minimal disruption demonstrating russias ability wage economic warfare less effective many people imagined ukraine probably continue resupplied west however ultimately wars morale equipment side willing keep fighting longest ultimately prevail side war stakes simply higher ukraine russia ukraine fighting survival independent nation whereas russia despite official propaganda claims anticipate even ukraines conventional war effort collapse army destroyed ukraine simply keep fighting regardless even takes decadeslong insurgency ukraine ultimately bleed russia point russia forced accept effort control ukrainian territory worth ongoing cost withdraw since russia probably going lose war benefits south africa gain siding russia war russia probably position provide rewards countries supported instead likely recovering failure war 4 russias war harming south africas economy russias invasion already caused significant harm south african economy due rising oil food prices increased price diesel particular harmful south africa since south africa relies diesel power generation make energy shortfall caused failing coal power stations south africa direct economic interest stake pressuring russia withdraw end war furthermore south africa beneficial economic ties western countries south africas exports europe united states far exceed exports russia furthermore western countries several economic programmes give south africa additional benefits beyond south africa legally entitled wto rules example united states allows south africa export advantageous rates agoa european countries along united states offered provide south africa 85 billion invest desperatelyneeded renewable energy production however perspective european states europe continue provide benefits south africa south africa supporting enemy nation attacking europe war drags south africa continues support russia likely european countries eventually lose patience cut foreign assistance south africa however dangerous outcome would south africa found helping russia evade international sanctions causing become sanctioned well already seen evidence south africa willing engage sanctionsbusting efforts help russia refuel aircraft south african airports withdrawal foreign assistance programmes west would harsh blow survivable however south africa become caught financial sanctions investment restrictions russia could lead fullblown economic crisis south africa could recover 5 bonus argument moralethical issues im leaving point last people argue foreign policy driven strategic considerations national interest rather ethics want engage view however also noted russia engaged numerous war crimes ukraine mass killings civilians occupied territories systematic use rape weapon war separating families mass transfer ukrainian children russia pressganging ukrainian civilians occupied territories fight country bombing civilian apartment blocks destroying power stations intent freeze kill ukrainian civilians transferring civilians occupied territories work camps russia support russian war effort tactics reminiscent employed world war ii nazi germany comprehensive 48page report russian war crimes ukraine found reasonable grounds conclude russia bears state responsibility direct public incitement commit genocide b pattern atrocities inference intent destroy ukrainian national group worth noting report published may 2022 include evidence recent russian war crimes probably understating case see agree foreign policy primarily focused pursuit national interest would also prefer south africa support war crimes,negative,36,1677925735.0,-1
Algeria,Algeria economic policy,article alain alameddine seth morrison middle east monitor also hebrew one democratic state initiatives website seventysix years occupation ethnic cleansing settlercolonization leading todays genocide gaza cannot disappear overnight light historical palestinian antizionist jewish vision single democratic state palestinians previous israelis coexist make sense would state guarantee security citizenswouldnt previous oppressors victims others throats zionism claims jews always always persecuted accordingly presents model state exclusive jews solution promotes apartheid throughout world taking advantage long history european antisemitism encourage jewish immigration palestine leave societies cleansing nonjews palestine using different means violence even supporting similar identitarian projects algeria sudan lebanon syria countries words zionism claims violence inherent different identities separation solution palestinian liberation movement hand historically declared violence region outcome oppressive settler colonial project dismantling solution right could democratic state guarantee peace security citizens historical cases colonization decolonization teach us dismantling colonial relations power establishing legitimacy democratic state ghassan kanafanis returning haifa palestinian child raised israeli settlers ended joining occupation forces one could also easily imagine settlers son raised palestinians joining resistance shows violence occupiers occupieds result political structure rather inherent qualities fact 90 jewish israelis side genocide gaza palestinians side armed resistance result colonial relations power imposed colonial state words role decolonial democratic state inherit cohesive society build develop cohesion within word fanon decolonization brings natural rhythm existence decolonization veritable creation new men required understanding settler state imposed colonial relations power determining policies dismantle democratic state democratizing state example state grant palestinians rights zionist state deprived particularly right return right compensation without unjust jews implement model would fair regardless socioeconomic status abrogate racist laws basic law citizenship law ensuring totally equal law criminalize political zionism kinds settler colonial ideologies instead different school curricula jews nonjews unify curriculum make sure universal civic values replace zionist values socio economic level establish comprehensive safety net universal free education universal health care full equality hiring wages closing todays income poverty education gaps previous war crimes also investigated although mechanisms need determined future citizens stateboth palestinians israeli partners state also monopoly violence includes disarming segments population currently armed quote ner kitri article transition jewish state true democracy benefit use monopoly protect citizens lives rather colonial privileges finally state commit use armed forces expansionist purposes israel historically cases kenya south africa algeria discuss details deportation table israelis feel genuine connection land religious cultural reasons enjoy life equals dezionized palestine choose leave able peacefully eliminating colonial privileges guaranteeing rights new palestinian state establish solidify legitimacy eyes society crucially instead legitimizing existence basis representing sectarian interests basis functional capacity administer affairs society guarantee citizens rightsrights israel denies palestinians failed deliver jews changethis decolonization fullest sense wordwill signal rupture zionism global colonial project result society tribal identities melt away whose citizens merely coexist actually live together two previous demographic groups forming single mosaic life ilan pappe expressed saidis realistic vision could happen history palestine well historical cases decolonization teach us violence colonization historical examples palestine always home christians muslims jews bahai observers many different religions lived together peace colonial zionists palestine welcomed nonpalestinians kurds armenians circassians european jews example zionist education initiative tbtn indicates important vital jewish community gaza early muslim period jewish community experienced period prosperity ottoman rule tbtn explains peace disturbed two occasions first 1799 jews fled gaza ahead napoleons invasion palestine marking temporary end jewish presence area gazans returned 19th century city important jewish center ended 1920s following mass migration jews palestine balfours promise establish national home jews palestine riots started throughout palestine gazan jews fled cases violence result european colonial interference inherent religious cultural differences expressed palestinian letter zionism stood way life common life basis freedom fairness recognize understand jews palestinians coexist dezionized land fear specific caseover 76 years oppressionit prove impossible previous oppressors victims live together obviously feelings supremacy one hand revenge expected interestingly historical cases decolonization seem reveal pattern balance forces tips favor indigenous transition less rough happens large number settlers leave willing let go colonial privileges remain peace words history shows although process liberation violent liberation actually ends increases violence previous enemies kenya one example mau mau uprising began early 1950s significant violent resistance movement british colonial rule years unrest increasing pressure british government forced negotiate independence kenya native liberation movement new state promoted policy forgiveness reassured settlers could stay contribute equals many settlers left fearing reprisals stayed relinquish privileges particularly terms land resource redistribution zero cases largescale revenge évian accords ended french colonization algeria stated europeans could depart remain foreigners take algerian citizenship article liberation palestine fate israelis eitan bronstein aparicio explains following announcement violent terrorist organization named oas organisation armée secrète secret army organization emerged caused many casualties mainly algerians also anticolonial french attempt prevent liberation algeria violence subsided within two months eitan continues settlers chose leave algeria ran away panic fear day domination would fact real existential threat left captive colonial identity words could imagine situation would live equality algerians paid huge price uprooted home due occupier mentality 200000 french decided stay live liberated algeria testimonies learn saw algeria home reason leave end apartheid south africa followed pattern negotiations apartheid government african national congress anc accompanied considerable violence unrest including clashes rival political groups police crackdowns incidents like boipatong massacre assassination chris hani prominent anc leader first democratic elections however marked high turnout government enacted decolonial policies black economic empowerment land reforms stripped settlers number privileges settlers chose remain citizens peacefully truth reconciliation commission also provided interesting model investigating past abuses allowing perpetrators human rights violations provided full disclosure actions demonstrated crimes politically motivated truth could apply amnesty reconciliation thus judging colonial political program caused crimes rather human tools used cases decolonization seem follow pattern showing need fear dismantling colonial israel state establishment democratic palestinian state unfolding transitionary period danger brought minimum even averted learning improving south africa kenya models palestinian liberation movement israeli partners decolonization peace work together colonized made clear decade decade democratic state want see river sea must work make vision even clearer friend foe invite othertodays colonizersto upgrade settlers citizens israeli comrade ner kitri beautifully expressed join us common fight freedom led believe could live without nationstate lest denied privileges also find dispossessed way permanent minority nation made immigrant settler settler perpetrator nation made local native native perpetrator new history everyone colonizedsettler native perpetrator victim majority minority learn history might prefer survivors instead neither settler native mahmood mamdani alain alameddine decolonial praxicist focus palestine sham region coordinator one democratic state initiative happy reached alainaodsico seth morrison american jewish antizionist activist supporting propalestine organizations including jewish voice peace organizational information identification writes personal capacity sethmorrison30gmailcommailtosethmorrison30gmailcom,positive,19,1735228157.0,1
Algeria,Algeria economic policy,solution algeria arab countries governments restructure system transform federal system government similar islamic caliphate federal system provides many advantages make suitable model managing countries geographical cultural economic diversity including united states america germany switzerland australia etc advantages federal system 1 distribution powers federal system powers distributed central government local regional governments allows region autonomy local issues maintaining national unity 2 flexibility diversity federal system allows different regions implement policies suit special needs circumstances enhances diversity adaptation changes 3 administrative independence local governments federal system enjoy greater independence managing internal affairs increases efficiency local administration reduces bureaucracy 4 balance centralization decentralization federal system combines benefits central rule terms unity strength benefits decentralization terms local adaptation flexibility rule islamic caliphate also semicentralized system included elements federalism rule caliphate states regions enjoyed degree administrative judicial independence central authority caliph ensuring unity coordination various regions among similarities federal system rule islamic caliphate 1 autonomy regions federal system regions islamic caliphate enjoyed relative autonomy managing internal affairs 2 distribution responsibilities responsibilities distributed central government caliph local governments governors regions ensure effective administration achieve justice 3 cooperation coordination systems depend cooperation coordination center regions ensure stability achieve common goals short federalism islamic caliphate rule share many advantages make effective models managing diverse multiregional states restructuring system federal system could feasible solution achieve development stability arab countries,positive,0,1720469837.0,1
Algeria,Algeria economic policy,article alain alameddine seth morrison middle east monitor also hebrew one democratic state initiatives website seventysix years occupation ethnic cleansing settlercolonization leading todays genocide gaza cannot disappear overnight light historical palestinian antizionist jewish vision single democratic state palestinians previous israelis coexist make sense would state guarantee security citizenswouldnt previous oppressors victims others throats zionism claims jews always always persecuted accordingly presents model state exclusive jews solution promotes apartheid throughout world taking advantage long history european antisemitism encourage jewish immigration palestine leave societies cleansing nonjews palestine using different means violence even supporting similar identitarian projects algeria sudan lebanon syria countries words zionism claims violence inherent different identities separation solution palestinian liberation movement hand historically declared violence region outcome oppressive settler colonial project dismantling solution right could democratic state guarantee peace security citizens historical cases colonization decolonization teach us dismantling colonial relations power establishing legitimacy democratic state ghassan kanafanis returning haifa palestinian child raised israeli settlers ended joining occupation forces one could also easily imagine settlers son raised palestinians joining resistance shows violence occupiers occupieds result political structure rather inherent qualities fact 90 jewish israelis side genocide gaza palestinians side armed resistance result colonial relations power imposed colonial state words role decolonial democratic state inherit cohesive society build develop cohesion within word fanon decolonization brings natural rhythm existence decolonization veritable creation new men required understanding settler state imposed colonial relations power determining policies dismantle democratic state democratizing state example state grant palestinians rights zionist state deprived particularly right return right compensation without unjust jews implement model would fair regardless socioeconomic status abrogate racist laws basic law citizenship law ensuring totally equal law criminalize political zionism kinds settler colonial ideologies instead different school curricula jews nonjews unify curriculum make sure universal civic values replace zionist values socio economic level establish comprehensive safety net universal free education universal health care full equality hiring wages closing todays income poverty education gaps previous war crimes also investigated although mechanisms need determined future citizens stateboth palestinians israeli partners state also monopoly violence includes disarming segments population currently armed quote ner kitri article transition jewish state true democracy benefit use monopoly protect citizens lives rather colonial privileges finally state commit use armed forces expansionist purposes israel historically cases kenya south africa algeria discuss details deportation table israelis feel genuine connection land religious cultural reasons enjoy life equals dezionized palestine choose leave able peacefully eliminating colonial privileges guaranteeing rights new palestinian state establish solidify legitimacy eyes society crucially instead legitimizing existence basis representing sectarian interests basis functional capacity administer affairs society guarantee citizens rightsrights israel denies palestinians failed deliver jews changethis decolonization fullest sense wordwill signal rupture zionism global colonial project result society tribal identities melt away whose citizens merely coexist actually live together two previous demographic groups forming single mosaic life ilan pappe expressed saidis realistic vision could happen history palestine well historical cases decolonization teach us violence colonization historical examples palestine always home christians muslims jews bahai observers many different religions lived together peace colonial zionists palestine welcomed nonpalestinians kurds armenians circassians european jews example zionist education initiative tbtn indicates important vital jewish community gaza early muslim period jewish community experienced period prosperity ottoman rule tbtn explains peace disturbed two occasions first 1799 jews fled gaza ahead napoleons invasion palestine marking temporary end jewish presence area gazans returned 19th century city important jewish center ended 1920s following mass migration jews palestine balfours promise establish national home jews palestine riots started throughout palestine gazan jews fled cases violence result european colonial interference inherent religious cultural differences expressed palestinian letter zionism stood way life common life basis freedom fairness recognize understand jews palestinians coexist dezionized land fear specific caseover 76 years oppressionit prove impossible previous oppressors victims live together obviously feelings supremacy one hand revenge expected interestingly historical cases decolonization seem reveal pattern balance forces tips favor indigenous transition less rough happens large number settlers leave willing let go colonial privileges remain peace words history shows although process liberation violent liberation actually ends increases violence previous enemies kenya one example mau mau uprising began early 1950s significant violent resistance movement british colonial rule years unrest increasing pressure british government forced negotiate independence kenya native liberation movement new state promoted policy forgiveness reassured settlers could stay contribute equals many settlers left fearing reprisals stayed relinquish privileges particularly terms land resource redistribution zero cases largescale revenge évian accords ended french colonization algeria stated europeans could depart remain foreigners take algerian citizenship article liberation palestine fate israelis eitan bronstein aparicio explains following announcement violent terrorist organization named oas organisation armée secrète secret army organization emerged caused many casualties mainly algerians also anticolonial french attempt prevent liberation algeria violence subsided within two months eitan continues settlers chose leave algeria ran away panic fear day domination would fact real existential threat left captive colonial identity words could imagine situation would live equality algerians paid huge price uprooted home due occupier mentality 200000 french decided stay live liberated algeria testimonies learn saw algeria home reason leave end apartheid south africa followed pattern negotiations apartheid government african national congress anc accompanied considerable violence unrest including clashes rival political groups police crackdowns incidents like boipatong massacre assassination chris hani prominent anc leader first democratic elections however marked high turnout government enacted decolonial policies black economic empowerment land reforms stripped settlers number privileges settlers chose remain citizens peacefully truth reconciliation commission also provided interesting model investigating past abuses allowing perpetrators human rights violations provided full disclosure actions demonstrated crimes politically motivated truth could apply amnesty reconciliation thus judging colonial political program caused crimes rather human tools used cases decolonization seem follow pattern showing need fear dismantling colonial israel state establishment democratic palestinian state unfolding transitionary period danger brought minimum even averted learning improving south africa kenya models palestinian liberation movement israeli partners decolonization peace work together colonized made clear decade decade democratic state want see river sea must work make vision even clearer friend foe invite othertodays colonizersto upgrade settlers citizens israeli comrade ner kitri beautifully expressed join us common fight freedom led believe could live without nationstate lest denied privileges also find dispossessed way permanent minority nation made immigrant settler settler perpetrator nation made local native native perpetrator new history everyone colonizedsettler native perpetrator victim majority minority learn history might prefer survivors instead neither settler native mahmood mamdani alain alameddine decolonial praxicist focus palestine sham region coordinator one democratic state initiative seth morrison american jewish antizionist activist supporting propalestine organizations including jewish voice peace organizational information identification writes personal capacity,positive,22,1735407113.0,1
Algeria,Algeria economic policy,november 6 jeanmarie bockel envoy french government presented report detailing frances new military strategy africa plan framed reduction french troops gabon côte divoire senegal chad sold restructuring foreign policy however closer look suggests far withdrawal instead looks much calculated step maintain influence garb cooperation respect sovereignty africans would ask colonialist ever let go power significant among reduction french troops 350 100 gabon 350 100 senegal 600 100 cote divoire 1000 300 chad labelled goodwill move downsizing modernization french officials history dictates moves camouflage intentions far retreat shrewd twist one made placate surging antifrench public opinion attempt gaining surreptitious influence herein african states primarily unfamiliar french shenanigans vigilantes page torn right frances colonial playbook circa decolonization 1950s 1960s 1958 togo voted overwhelmingly independence guinea thumbsdowned colonial rule defiance france height wave resistance across territories worst felt cameroon algeria 250000 killed cameroon million algeria face growing resistance president charles de gaulle conceived plan pseudodecolonization wherein would retain control making appear though de gaulle organized independence ceremonies august 1960 grouping several independence dates together one month symbolic effect within days granted independence gabon côte divoire chad niger burkina faso benin central african republic however independences neatly staged leaders planted power according french diktats would ensure continued french hegemony politesse masked dominance established economic treaties military bases infamous cfa franc monetary unit designed dependency decolonization put end frances clandestine strategy nationalist leaders threatened grip put prison exiled assassinated behind scenes colonial pact guaranteed frances control key economic sectors african armies trained equipped remain loyal paris independence many cases veneera calculated maneuver preserve power projecting image benevolence fastforward today emmanuel macron reached playbook influence retained reduction visible troop numbers extension covert operations military training programs economic levers lead backlash macrons rhetoric redefining relations africa rings hollow governments actions trace paths control manipulation put place decades ago 1960 information flows faster global scrutiny sharper yet essence frances strategy remains unchanged feign withdrawal mask intentions continue exert dominance african nations challenge clearto see illusion resist rebranded colonial grip,positive,4,1735909374.0,1
Algeria,Algeria economic policy,past decade one difficulties tunisia topdown enforcement collectivization cooperative economics given results desired government whole error admitted error corrected president bourguiba announced fiveyear plan focused several key areas initiatives order chart country sounder route social justice development points include soft cooperative economics forcing collectivization mistake measure cooperative principles certain industries sound private ownership land farms preserved maintained said government incentivize creation localized cooperative organizations streamline processing distribution primarily agricultural products farmers shall join one another westerninspired models like ocean spray cranberry growers instance government force measures government directly though subsidize agricultural machinery coops provide low cost equipment farmers along degree feed seed intended tunisia become food selfsufficient possible create solid stable export market goods western eastern blocs limited privatization commission put place ascertain viability privatization certain government industries clear plans place current year creation sovereign wealth fund starting 10 oil revenues tunisian government begin funding sovereign wealth fund modeled kuwait investment authority new tunisian national trust invest primarily growing western markets serve strategic reserve wealth build grow coming years infrastructure development government come plan allocate funds put modernization expansion tunisian infrastructure apartmentbased public housing public transit solid eastwest roadway highly expanded tuniscarthage international airport take priority microcredit credit unions tunisian state begin experiment setting around twenty thirty rural banks backed state able offer small loans farmers rural entrepreneurs inspired pakistani experiment 1950s encourage rural development around five set urban areas towards encourage growth small scale shop ownership private local enterprise credit unions general sense incentivized state provide financial services general tunisian population larger scale banking sector penalized take precedent least tunisian citizens banking secrecy laws flag convenience laws order compete lebanon tunisia pass bank secrecy laws favorable conditions foreign depositors money borders part whatever fees incurred transfer new wealth fund along revenues new loosened maritime registry able provide competitive flags convenience foreign vessels entertainment sector expansion tunisia offer tax incentives foreign entertainment companies willing able film movies television tunisia hoped expand flow stocks foreign currency country provide employment locals supplementing leisure hospitality industry experience gained locals also helping facilitate growth domestic entertainment industry regional international cooperation tunisia seeks become hub north africa international business region government policy encourage closer ties emerging economies east japan koreas etc yugoslavia players europe namely italy sweden eastern bloc united states excluded tunisian neutrality prized government want overreliance either ties libya algeria hopefully also strengthened coming years hoped tunisia point distribution investments light industry able build industrial hub arab mediterranean,positive,19,1736127260.0,1
Algeria,Algeria economic policy,decades algeria vying leadership north africa western neighbour morocco competition encompassing western sahara conflict terrorism militarism sahel economic rivalry conflict bubbling states building armed forces facing internal instability lashing rhetoric escalation help secure algerias future region fuel instability point collapse panel discuss issue jalel harchaoui senior fellow global initiative specialising libya algeria north africa robert ford former us ambassador algeria us state department lead syria deputy us ambassador iraq chief mission bahrain senior fellow middle east institute professor yale university riccardo fabiani reporter project director international crisis group specialising north africa sahel north african nation algeria facing consequences deeprooted economic failures come decades mismanagement failure diversify economy away oil economic health state reliant international oil prices setting deeply unstable foundation future generations catalysing protests across nation calling changes leadership economic policy concurrently country continues struggle postcolonial national identity located gates sahel algeria important actor counterterrorism region facing threats internal external algerian security services fought extremists north africa years problem flared recently algeria experience cooperating un peace reconnaissance missions well useuropean counterterrorism forces understand algeria must understand flashpoint algeria morocco issue western sahara disputed region currently majority occupied morocco seeks independence algeria dedicated defender western saharan independence long thorn two states relationship time algeria remains committed august year two cut diplomatic ties conflict french colonial legacy still remains significant algeria seeps domestic foreign politics recent years rifts national narratives legacy creates become important ever algeria feels geopolitically threatened us partial withdrawal moroccos growing relations israel status quo threat algeria feels losing side algeria made moves create independence challenged france banning airspace vacuum change us policy begun filled israel morocco algeria fears may begin exchange weaponry destroy equivalence armed forces moroccos algeria dangerous geopolitical neighbourhood includes sahel terrorism malian border problems libyan chaos western sahara conflict algeria backed corner dangerous likely strike check episode one links website apple podcasts spotify google podcasts youtube,negative,428,1634648729.0,-1
Algeria,Algeria economic policy,know marx engels pro gun ownership quote famous 1850 speech pretext arms ammunition surrendered attempt disarm workers must frustrated force necessary ive always interpreted quote people able arm tyrannical government order successfully revolt dont know much us constitution im impression right bear arms means less thing im board however marxengels quote amendment time militaries didnt utilize drone warfare many technologies developed last century exclusive purpose killing lot people quickly america powerful military world unless military join forces civilian uprising cant imagine anyone would able carry armed revolution force regardless many weapons stockpile debate regarding gun control people ignore fact whoever came right bear arms concept technology would come exist live entirely different world evident relatively relaxed attitude weapons access america strongly correlated absurd rates gun violence us live canada gun laws strict many people hunting rifles gun homicides still occur relatively high frequency nothing compared goes us two countries comparable similar cultures demographics economic policies however argued canada much better social programs disparity gun violence two countries cannot explained away gun laws thats fair however born algeria still family poor country corrupt leadership genuine terrorism problem low employment poor educational standards low literacy markers developing country decided compare gun violence statistics algeria us america far surpasses algeria terms gun homicide rates fact canada algeria stricter gun laws countries despite poverty literal islamic terrorists overall lower standard living gun violence relatively low wrong seeing major part problem clearly access guns contributor americas gun violence problem seems purposefully neglectful ignore major contributing factor im hoping better understand antigun regulation mindset trying provoke anyone dont think right viewpoint regarding guns want understand many americans dont think stricter gun laws quell future massacres used website compare gun laws crime statistics countries edit dont know shit guns people mad mentioned assault weapons edited post remove mention assault rifles cause conservatives taking personally part american gun culture idea breaking sacred code referring wrong type gun whatever,negative,11,1653538444.0,-1
Algeria,Algeria economic policy,yet another germany wins ww2 scenario focusing longterm aftermath reserved setting basically dunkirk goes even horribly wrong forcing britain surrender barbarossa never happens either hitler doesnt want potentially repeat napoleons mistakes hitler doesnt support japan bomb pearl harbor leaving dry get severely violated murica germany ussr usa compete alternate cold war establishing respective global factions reichspakt comintern alliance free nations afn ttls cold war proxy conflicts include korean vietnam wars afn comintern guerrilla war waged surviving free french forces supported afn vichy french supported reichspakt algeria parts french colonial africa 2nd soviet invasion finland fought comintern reichspakt space race soviets still first send satellites men space germans first land men moon hitler succeeded hermann göring führer timeline göring germany khrushchev russia overly ambitious cost reichs prestige backpedals hitlers extreme measures like reichskomissariat colonies lebensraum implementation dehitlerization german reich soviet union go similar paths leading eventual collapse economic stagnation ussr overextension political instability germany assuming timelines earth doesnt get burnt crisp atomic fire eventually results empires alliances collapsing germany reverts weimar government modifications politically conservative otl nuclear power many german diasporas exist throughout western central europe consequence hitlers colonialist policies europe overall unstable early 90s otl notably israel exist jews still diaspora throughout world lands levant otl instead occupied solely palestinian republic,negative,0,1733086785.0,-1
Algeria,Algeria economic policy,hi everyone im curious hear thoughts future algeria leadership president abdelmadjid tebboune many aspects consider economic social reforms political changes foreign relations view current economic policies specific reforms think significant impact opinions social policies introduced far think effectively addressing key issues like education healthcare comes political climate algeria perceive believe government making strides towards greater democracy transparency regarding algerias current foreign policy take think relationships neighboring countries international bodies evolve environmental issues also crucial important think algerias current agenda measures taken sufficient tackle challenges like water scarcity pollution algeria pivotal point history direction takes profound implications people id love hear perspectives topics think lies ahead algeria president tebbounes leadership looking forward insights opinions,positive,3,1720291676.0,1
Algeria,Algeria economic policy,project description idea ai would create vast dynamic knowledge base help users understand domestic geopolitical behaviors following countries territories afghanistan albania algeria angola antigua barbuda armenia argentina australia austria azerbaijan bahamas bangladesh barbados belarus belgium belize benin bolivia bosnia herzegovina botswana brazil brunei bulgaria burkina faso burundi cambodia cameroon cape verde central african republic chad chile china colombia comoros democratic republic congo republic congo costa rica croatia cuba cyprus czech republic denmark djibouti dominica dominican republic timorleste ecuador egypt el salvador equatorial guinea eritrea estonia eswatini ethiopia fiji finland france gabon gambia georgia germany ghana greece grenada guatemala guinea guineabissau guyana haiti honduras hungary iceland india indonesia iran iraq ireland israel italy côte divoire jamaica japan jordan kazakhstan kenya kiribati kuwait kyrgyzstan laos latvia lebanon lesotho liberia libya liechtenstein lithuania luxembourg madagascar malawi malaysia maldives mali malta marshall islands mauritania mauritius mexico federated states micronesia moldova monaco mongolia montenegro morocco mozambique myanmar namibia nauru nepal netherlands new zealand nicaragua niger nigeria democratic peoples republic korea north macedonia norway oman pakistan palau palestine panama papua new guinea paraguay peru philippines poland portugal qatar romania russia rwanda saint kitts nevis saint lucia saint vincent grenadines samoa san marino são tomé príncipe saudi arabia senegal serbia seychelles sierra leone singapore slovakia slovenia solomon islands somalia south africa republic korea south sudan spain sri lanka sudan suriname sweden switzerland syria tajikistan tanzania thailand togo tonga trinidad tobago tunisia türkiye turkmenistan tuvalu uganda ukraine united arab emirates united kingdom united states america uruguay uzbekistan vanuatu vatican city venezuela vietnam yemen zambia zimbabwe hong kong macao taiwan faroe islands greenland åland french polynesia new caledonia saint barthélemy saint martin saint pierre miquelon wallis futuna abkhazia south ossetia kurdistan region transnistria sahrawi arab democratic republic wa state myanmar aruba curaçao sint maarten tokelau cook islands niue azad kashmir gilgitbaltistan autonomous region bougainville bangsamoro azores madeira kosovo puntland galmudug somaliland rojava autonomous republic crimea anguilla bermuda british indian ocean territory british virgin islands cayman islands falkland islands gibraltar montserrat saint helena ascension tristan da cunha turks caicos islands guernsey isle man jersey uk american samoa guam northern mariana islands puerto rico us virgin islands integrating key documents books across various disciplines would become living library knowledge capable connecting dots ways weve never experienced knowledge sources 1 documents founding documents constitutions charters governing documents legal frameworks key treaties 2 book topics general economic political history country territory social dynamics public policy processes country territory foreign policy frameworks country territory economics international economics political economy global political economy comparative politics international relations theory political philosophy political psychology behavioral economics capabilities multilingual mastery reads writes translates analyzes data language contextual intelligence seamlessly integrates content diverse documents identifying relationships filling knowledge gaps web access connects web collect necessary relevant information fill knowledge gaps precision navigation locates specific information within books documents provides exact references objective thinking presents unbiased information default allowing users explore custom perspectives flexibility adapts user needswhether identifying core issue offering tailored viewpoint followed impartial assessment idea belong meit belongs everyone im seeking credit profit want plant seed means expertise resources make reality take build let idea spark conversation let become talking point inspiration possibility let grow something changes think connect solve challenges today tomorrow world ready question build,positive,0,1733516221.0,1
Algeria,Algeria economic policy,earthshaking communist revolution france thorezs rise power began becoming mayor noyellesgodault 19271932 governor pasdecalais 19321941 minister state 19411946 role one important figures french war effort german empire overseeing creation war economy focused weapons production prime minister ludovicoscar frossard died 11 february 1946 thorez succeeded prime minister position would hold 18 years death france began preparing invasion rhineland launched october 1946 progressed time atomic bombings hamburg kiel germany occupied surrender economy infrastructure devastated entente bombings french government simultaneously oversaw creation marxistloriotist regimes spain portugal italy netherlands belgium luxembourg independent french satellite states varying degrees second world war france experienced economic boom becoming secondlargest economy world behind rival united states developing efficient scientific economy based around central planning development french economic planning coincided development meritocratic technocracy école nationale dadministration supplied state highlevel administrators leadership positions industry staffed corps mines state engineers personnel trained école polytechnique 1951 france tested nuclear bomb sahara desert followed hydrogen bomb 1956 greatest nuclear test ever done clipperton island 1961 meant intimidate us dictatorship lasting 1940 1946 francisco franco little interest economics besides strengthening military followed policy autarky cutting almost foreign trade leading shortage consumer goods increased support frenchbacked maquis franco overthrown late 1946 new government generalsecretary josé diaz reversed policy course favour planned economy similar adopted france state monopolies mercantilism longstanding policies spain pce taking advantage political tradition combining marxismloriotism starting mid1930s spain industrialized developed large economy reducing gap rest western europe companies seat pegaso inh monopolies respective industries spanish economy focused heavy industry smaller role consumer goods 1970s growth began slow due inefficiency monopolies planned economy overall liberalizing reforms adopted beginning 1981 extended full decommunization end decade,positive,8,1729712802.0,1
Algeria,Algeria economic policy,algerias international profile grew late 1970s early 1980s country key player nonaligned movement arab league good relations gaddafis libya even latter targeted supporting terrorism boumediene condemned 1986 bombing libya algeria would restore diplomatic relations united states 2002 abassi madani sign goodwill 911 boumediene continued statedriven industrialization policy negative effects oil prices therefore government revenue dropped late 1980s fln regime increasingly unpopular boumediene denounced islamists apostate fis derived strong support rural algerians neglected countrys industryfocused government berbers dissatisfied arabization reelected 1984 planned run third term 1990 stopped revolution time algerias economy faced deep crisis caused fln policies boumediene proved politically inflexible making cosmetic changes countrys economy last years partys rule saw shift towards islamic rather arab socialism closure establishments involving vices gambling alcohol 6 january 1990 boumediene abdelaziz bouteflika ordered crackdown fis saw 500 islamist militants killed 6500 imprisoned party reacted launching street demonstrations strikes order overthrow government considerable success 38 march oil workers went strike shutting oil industry algerias main source revenue six days later boumediene announced resignation television speech flown marseille leaving government hands fis exile boumediene awarded pension french government strongly opposed new algerian administration wrote memoirs defended policies legacy former president died stroke 18 july 2002 buried france remains flown back algeria 2016 buried algiers cemetery,negative,4,1733517652.0,-1
Algeria,Algeria economic policy,1922 shortly german victory first world war major protestant conservative parties germany merged dnvp led kuno von westarp controlled reichstag 1923 1930¹ 1920s described pax germanica germany dominant world power fleet scattered across whole globe culture technology philosophy popular worldwide exception collapse austriahungary germans participate wars spanish civil war automobile radio became common german homes great depression resulted snap election held october 1930 resulting spd victory otto wels premiership chancellor wela transformed german society policies reformist socialism nationalization resulting temporary economic recovery another social democratic victory 1935 elections human rights abuses colonial africa frequent calls genocide jews none carried germany² situation began change french leader ludovicoscar frossard began rearmament program early 1933 end decade french army swelled one million men armed modern weapons highly motivated spanish civil war france supported republicans germany nationalists war ended nationalist victory october 1940 republican holdouts remained strong year germany held would final parliamentary elections empire due temporary economic downturn public dissatisfaction strengthening france focus spd programs urban areas zentrumdnvp bloc emerged victorious second world war would break may 1941 footnote ¹ paul von hindenburg formally independent served chancellor time ² 1940 völkisch german workers party led gottfried feder gregor strasser 412188 votes 17 seats 09 vote maria conqueror list presidents algeria since 1956 1 ferhat abbas 19561985 independence communist france abbas implements secular nationalist prowestern dictatorship 2 chadli bendjedid 19851990 authoritarian regimes corruption economic stagnation dominance small clique frenchspeaking officers lead islamic revolution 1990 3 abbassi madani 19902011 madani rules algeria islamic republic overthrown arab spring 4 ali belhadj 2011 5 ahmed ouyahia 20112015 later 2011 ahmed ouyahia elected president enacts economic political reforms attempt restore secular society 6 mustapha yahi 20152019 secular centrerights political dominance continues presidency mustapha yahi cooperates united states war terror 7 azzedine mihoubi 20192024 decades socioeconomic inequality blow covid resulting leftwing victory 2024 election 8 soufiane djilali 2024 leader social democratic new generation party elected president 2024 algerian revolution 2011 toppled islamic salvation front regime algerias politics came dominance national democratic rally rnd centreright party three rnd administrations pursued neoliberal policies recommended imf overturning mixed economy approach pursued fln fsi regimes arabization policies similarly abandoned outcome algeria recovered great recession income inequality grew covid19 pandemic mass protests unions student groups administration president azzedine mihoubi global covid recession seriously damaged governments popularity strengthened leftwing opposition 2023 opposition coalition legislative elections foreshadowing trouble rnd soufiane djiali ran presidential campaign expanded social programs higher taxes wealthy review oil contracts popular electorate elected took office amidst high expectations october 2024,negative,25,1729706328.0,-1
Algeria,Algeria economic policy,immediately seizing power algeria abassi madani decreed implementation sharia law across algeria complementing new constitution passed september 1991 replacing secular legislation implemented fln became mandatory algerian women wear hijab public domestic violence laws weakened adultery punished flogging fis regime also made arabic countrys official language replacing french associated algerias previous ruling elite therefore outlawed frenchspeaking clans east country used rule algeria similarly persecuted many fleeing exile mediterranean nations economic policy fis implemented largescale privatisation program selling algerias stateowned industries grown corrupt inefficient implementing islamic banking refusing open algeria foreign trade islamic banking negative effects algerias economy later abandoned changes negatively received algerias international partners apart allies iran saudi arabia restrictions womens rights especially condemned international ngos many banned working algeria 2 september 1991 algeria adopted new constitution referendum replacing 1976 charter declared algeria islamic republic removed references socialism made abassi madani supreme leader prime minister deputy throughout 1990s algerias economy remained sluggish due abolition interest rates living standards average person marginally improved september 11 attacks 2001 led algeria moderating policies especially islamic revolution similarly happened tunisia 1999,negative,0,1733581242.0,-1
Algeria,Algeria economic policy,hand samobroona suffered landslide defeat 2009 polish elections due economic crisis leppers incompetence whereupon poland joined nato russia continued expand² trade relations brazil india china plus african central asian countries antirussian botswana african countries experienced positive economic growth throughout russia supported omar albashir sudanese civil war leading peace treaty 2011 sharia law ceased apply southern sudan strengthened diplomatic ties iran libya algeria cuba actions russias 2011 intervention gaddafis side increased world tensions preparation wwiii began 2014 russia invaded ukraine euromaidan suffered joint declaration war nato footnote ¹ however attack fair bit moderation elected ² eu imposed trade embargo russia 2004 trade two entities,negative,2,1731613672.0,-1
Algeria,Algeria economic policy,three muslim brotherhood prime ministers egypt sayyid qutb 19551980 umar altilmisani 19802007 mohamed morsi 20072011 considered dictators beginning 1962 yemeni monarchy overthrown prosaudi officers arab world locked leadership struggle among qutbism wahhabism syrian social nationalism egypt provided aid loyalists led imam albadr directly intervene muslim brotherhood adopted mixed economy policies nationalizing heavy industry developing welfare state egypt helped lift millions egypt sudan poverty later led economic crisis exacerbated us sanctions imposed presidency dick gephardt 1971 muslim brotherhood egypt communist india signed friendship treaty driven geographic proximity mutual distrust united states france axis became powerful across africa middle east eleven years later egypt spearheaded successful arab league intervention liberate transjordan syria 1990s islamist governments came power algeria somalia close allies egypt altilmisani opposed 2003 us invasion somalia one factors leading implementation sanctions 2005 sanctions damaged egypts economy international standing especially great recession january 2011 secular republican revolution broke egypt led abolition monarchy removal muslim brotherhood power independence equatoria october 2011,negative,2,1730903219.0,-1
Algeria,Algeria economic policy,kenya almost every african country birthed ending empire borders drawing drawn distant colonial metropoles london paris lisbon regard ancient nations cleaved apart today across border every single african country live countrymen share deep historical cultural linguistic bonds independence chosen pursue states basis ethnic racial religious homogeneity would still waging bloody wars many decades later instead agreed would settle borders inherited would still pursue continental political economic legal integration rather form nations looked ever backward history dangerous nostalgia chose look forward greatness none many nations peoples ever known chose follow rules oau united nations charter borders satisfied us wanted something greater forged peace believe states formed empires collapsed retreated many peoples yearning integration peoples neighboring states normal understandable want joined brethren make common purpose however kenya rejects yearning pursued force must complete recovery embers dead empires way plunge us back new forms domination oppression rejected irredentism expansionism basis including racial ethnic religious cultural factors reject today representative kenya united nations martin kimani february 21st 2022 eve russian invasion ukraine african continent may perhaps one intriguing regions cold war good reason behold decline european imperialism directly led establishment one largest political experiments would decide fate millions economically dynamic ethnically diverse region world consequences european colonialism defining borders legacy institutions economic systems exploitation creation unequal stratified societies based along ethnic religious lines led many nations africa falling fires civil war interstate conflict revolutions rampant coups defined politics continent decades come however would mistake assume due preceding colonial experience african nations endured countries destined ruin countries completely beholden material conditions time indeed 1970s africa inflection point time great change political upheaval independent underlying circumstances would usher politics would dominate african geopolitical affairs fall soviet union beyond contrary popular opinion africa 1950s1960s rapidly growing economic sophistication development dramatic rise european industrialization meteoric rise living standards old continent rise demand raw materials luxury goods commodities postwar world saw colonial powers invest hundreds millions remnant colonial territories exploit rich lands africa fuel economic growth also slow rise independence sentiment colonies investments later increased industrial development schemes sectors textiles fertilizers glass concrete light industries even developing local steel industries necessary greater industrialization high profitability commodity market enriched colonial administrations african landed elite owned stakes mines plantations factories across region even aforementioned countries eventually became independent african nations retained colonialera economic growth figures stability save outstanding political circumstances see congo crisis 1960 1970 average gdp per capita subsaharan africa nearly double gdp per capita southeast asia even colonies portuguese angola mozambique territories notoriously underdeveloped embroiled already decadeslong insurgency war greater far sophisticated industries development countries asia precisely portuguese regime invested enormous portion budget build colonies futile hope lands would remain loyal portugal general assumption time nations africa track become wealthy nations asia would remain lagging behind africa living standards economic growth precisely average growth african independent nations colonies remained consistently performing well economic indicators went wrong things going well africa africa similar development status today latin america modernday asia always devil details every country africa different reason plight none created equally nevertheless commonalities amongst would explain african countries enjoyed respectable standards living economic development time sharply skewed due residence white settlers metropole served countrys educated middle class skilled workforce due colonial policy natives allowed government positions served key roles civil service industry bureaucracy thus colonialism ended settlers would make way back homeland either due ostracization majority role colonization exodus due failure establish minority rule desire return metropole simple racist fear economic anxiety losing privileged status newly independent territories regardless exit would cause imminent crisis government newly independent nations would suddenly struggle shortage skilled personnel order help manage state economy efficient manner without welldeveloped state apparatus countries could operate adequate legal systems enforce property protection provide security people would force people use clientelist relationships interest groups political forces independent state weakening grasp state country hampering development occurred basically every single african country postindependence faster others mention time withdrawal colonial elite nature chaotic unplanned sudden exit personnel likely leads complete breakdown government results civil war happened congo 1960 portuguese colonies 1974 another factor long unresolved ethnoreligious political disputes left simmering nations would burst shortly independence nearly african nations ethnically religiously diverse way exactly essentialist detriment nation history ethnoreligious coexistence africa decisions made colonial elite creating collaborationist class uplifting one ethnic groups part divide conquer strategy belgians rwanda uplifting tutsi hutu subsequently create tensions groups uplifted group would desire retain privileged status postindependence underclass seek either equality topple ethnopolitical order country reality african nations time nationalism pretty novel concept pushed mostly educated native intelligentsia would lead early stages independence countries people newly independent countries supersede loyalties country favor interests tribe clan faith thus national project african countries slow costly affair lives resources nations botswana managed overcome diversity shrewd execution political skill compromise nations however relied using force favors clamp separatist sentiment well clan tribal power structures side effect democratic regimes established right colonial rule collapsing authoritarianism either ambitious commanders former colonial army sensing weakness installing military coups militant communist movements filling power vacuum simply key statesmen slowly accumulating political powers respective governments eroding democracy lastly key factor broader context decolonization backdrop cold war would mistake assume european imperialism reason lack development african nations absolutely important factor regimes allowed emerge immediacy decolonization governments consent imperial metropole continue usually already established elements colonial regime army bureaucracy landed elite etc reason example nearly colonies french west africa senegal dahomey benin ivory coast guinea upper volta burkina faso togo etc followed governing principles french union similar constitutional presidential systems decolonized around time another example former british colonies tanzania kenya botswana uganda malawi zambia mentioning rhodesia since unique case inheriting westminster model governance staying within british commonwealth obviously policies implemented metropole able retain influence nowdecolonized countries elite socialization power dynamics countries preclude seeking aid development said former metropole nevertheless working metropole newly decolonized country unpopular risky endeavor governments eventually contend empowered politically conscious citizenry longer direct support metropole threat force marginal became much easier antigovernment elements regional separatists religious militants ideological militias fight claim fiefdoms topple regime wholesale conflicts eventually draw interest global major powers broader backdrop international contestation cold war united states soviet union sought advance commercial military geopolitical interests african continent communist governments africa would align soviets become proxies multiple wars africa especially later 1970s 1980s usbacked anticommunist governments interest groups africa help contain spread panafricanist communist ideals continent admittedly impact foreign interference major powers decisive influence former colonial powers still nations example french continued maintain sizable economic strategic interest west africa helping install military coups saw crucial maintain power bloc africa belgians regularly intervened congo crisis rwandaburundi 1960s nevertheless majority highprofile conflicts africa time ogaden war angolan war mozambique civil war western sahara conflict etc prints major powers shape form shared brief intellectual discussion africa 1970s lets talk geopolitics africa moderated cwp cwps history concerned africa remained much afterthought player base mostly boils reasons first start dates early cold war meant gameplay africa focused around statebuilding colonial government asking metropole investments exactly engaging interesting often devolve problematic implications player bases conception playing colonial government second fact sadly drought academic sources subject especially hard economic data sources politics certain african countries least accessible internet makes hard players interact countries playing third also lack socialization players region lets face people play africa makes boring since isnt much 1970s start date completely different story 1970s african nations already decolonized gone immediate tumult postdecolonization politics thus established diverse array colorful regimes parties governments reasons like oppose cold war also vastly asymmetric early start dates due emergence china alternative communist power bloc competition ussr currying favors third world european powers retreat capability claw way back retaining influence region distinct african regional powers emerge egypt libya south africa ethiopia nigeria zaire algeria tanzania rhodesia new geopolitical reality acute security dilemma occurs continent allows african nations call mobutu moment play along interests great powers enrich careful diplomacy balance interests playing three sides cold war walking tightrope secure tremendous amounts support economic development loans military equipment eliminate domestic rivals foreign enemies cash help finance wifes weekly trips paris obviously choose side cold war cant exactly swindle three great powers much example cant simultaneously ask loans china derg cuban soviet troops borders interstate warfare africa also uncommon actually happens lot time many african countries intervened conflicts little business course someone wants invade another country intervene deal consequences decision make good justification go goal africa season make interesting region players enjoy playing rich value espionage great power intrigue interstate wars geopolitics cold war game offer thus much like last season system diplomatic chains implemented emphasis africa principle works crisis conflict post drops detailing certain major civil war conflict coup detat civil unrest government crisis country occurs clock starts ticking players certain regions eligible involved given choice intervene stay neutral said intervention could myriad choices depending initiative player volunteers economic support military aid humanitarian aid un assistance etc player involvement discretion mods due wild nature african conflicts time allowing ahistorical wiggle room permissibility read cwp realism treatise comes clock ends chain stops conflictcrisis resumes resolved reso power begins neutral diplomatic chain wants get involved later considered escalation start another short diplomatic chain involving powers incentives player get involved diplomatic chains notwithstanding drama value implementation upcoming power bloc system works later mod post individual countries big small extend consolidate power region help strengthen among power rankings another key implementation elevation certain african nations regional powers due relative outsized influence continent following regional powers africa egypt led general anwar sadat took office president egypt 1970 embroiled preparations upcoming war israel retake sinai sharp contrast predecessor gamal abder nasser pursued nasserist ideals egypt wider middle east sadat began corrective revolution 1974 indicated split egypts historical alliance soviet union toward rapprochement united states israel nevertheless factions would like see sadat fall muslim brotherhood leftwing officers within egyptian army would like take egypt radically different direction algeria led fln oneparty dictatorship algeria pursued close ties soviet union ostensibly remained nonaligned power middle east africa historically mostly concerned strategic rivalry morocco borders western sahara irredentist claims morocco nevertheless changes administration algerians could look elsewhere nigeria coming devastating nigerian civil war nigerian military dictatorship colonel yakubu gowon focused consolidating powers nigerian federal government cracking internal dissent regional separatism internally fractured size country potential economy could lead nigeria become powerful force african politics zaire iron fist president joseph désiré mobutu also known mobutu sese seko managed consolidate power congo party popular movement revolution renamed country zaire directing country towards non aligned nationalist direction historically supported west also built ties south africa israel china counterbalance western interests enrichment strategically keeping angola crisis arms length mostly focused internal matters congo south africa 1970s apartheid national party lay zenith political hegemony south africa becoming strongest bastion white minority rule africa enjoying sophisticated militaries industries continent rise communism southern africa led country engaging multiple wars forestall spread supporting proxy regimes anticommunist militias regions well directly sending troops fight swapo mpla frelimo note south africa claimable application mod review rhodesia declaring udi british 1970 rhodesia one two white minorityruled independent states africa south africa led prime minister ian smith country embroiled bush war zapu zanu communist rebel groups historically rhodesians engaged multiple proxy conflicts alongside south africa stop spread communism rhodesia south africa isolated international community cope pressure progressively drying support strengthening militancy among territories note rhodesia claimable application mod review ethiopia currently ruled abyssinian dynasty emperor haile selassie empire holds distinct prestige influence international community lackluster economy conservative politics keep nation underdeveloped leading rise nationalist antimonarchical elements within armed forces emperors position government insecure failure address reformist concerns amongst intelligentsia land reform separation church state weakening unions radicalization officer corps matter time coup detat occurs country tight window opportunity royal government could attempt wrest control reform succumb revolution senegal led president leopold senghor senegal one examples democratic institutions rule law surviving tumult decolonization thus largely respected international community 1972 senegalese engaged dispute portuguese military violations sovereignty due war paigc portuguese guinea leadership difficult autocrats take country thus pursue democratic statebuilding countries region libya led muammar gadaffi libyan arab republic one wealthiest countries africa due vast oil reserves strongest economic power terms purchasing power africa allowed revolutionary command council field large powerful military compared neighbors geopolitically aligned soviet union nonaligned power libya perhaps one interventionistminded powers africa precisely due gaddaffis personality revolutionary ruler participating multiple conflicts abroad power consolidated among council gaddafi aims concentrate power morocco rule king hassan ii royal government morocco consolidated power shortly independence established new constitutional order king center throughout 1960s kings government brutally repressed demands democratic suffrage continued state siege 1970 approved token concessions towards democratic institutions nevertheless kings regime risk coups restless military whose proclivities stand democratic movement morocco locked bitter struggle territory polisario front western sahara algerians territorial disputes bid establish greater morocco tanzania rule julius nyerere tanu party tanzania transformed ethnically diverse fragmented polity one politically stable regimes africa tanzania along zambia 1970s quickly became staunch ally chinese interests africa taking turn left arusha declaration 1967 enjoying strong economy due massive chinese investments exhaustive list many countries africa pursued ambitious policies somalia mohammed siad barre uganda idi amin principle posited wealth options potential gameplay africa limit econ posting working global powers mistake assume one country economically destitute politically fractured options change future better worse anything african experience extremely diverse outcomes hope system grows sophisticated players enjoy time playing africa help increase player interest playing fascinating continent,positive,19,1729354022.0,1
Algeria,Algeria economic policy,link according list countries published x handle nigeria algeria uganda three african countries invited join bloc partners brics alliance added nigeria among 13 new nations officially partner countries according announcement brics summit according list countries published x handle nigeria algeria uganda three african countries invited join bloc partners countries belarus bolivia cuba indonesia kazakhstan malaysia thailand turkey uzbekistan vietnam important differentiate brics members brics partners unlike brics partner official members possess voting rights bloc affairs full participation summits meetings complete commitment representation bloc brics partners allowed selective engagement participation brics affairs well remaining participants international initiatives without full commitment brics however new brics partners potential become full members future however inducted right away certain reasons known bloc brics nations approved joint communique wednesday groups threeday summit russian city kazan document addresses multiple global crises challenges calls fairer international order group reaffirmed commitment promoting multipolar world order nations equal say global affairs reflected declarations call greater representation emerging developing countries international institutions note emergence new centers power policy decisionmaking economic growth pave way equitable democratic balanced multipolar world order document stated adding system would beneficial developing countries current westernled international order brics countries welcomed growing influence regional organizations african union shanghai cooperation organization sco organizations viewed important platforms promoting economic cooperation security cultural exchange among member states declaration also called strengthened world trade organization resolve trade disputes expanded un security council provide greater representation global south,positive,2,1729791342.0,1
Algeria,Algeria economic policy,guns august went silent france stood big loser war country overrun german occupation lost many colonies country existed 50 years action francaise promised restore france former glory yet suffered another humiliating defeat cities old nation brought power nuclear bomb king henri vi son king jean iii beneficiary orleanist restoration surrendered country western allies hopes form mercy end destruction facing country president howard hughes appreciation order king henri provided president alvin york distaste germany france would persist king henri mollified many domestic foreign critics promulgating new constitution provided expansive powers parliament reducing royal powers nonetheless opponents constitution left would point many loopholes enforcing royal power unsuccessful attempt block ratification 1947 legislative elections would see communists come first yet antimonarchist stance led formation third force alliance christian democratic populist republican movement mrp socialist french section workers international sfio alliance classical liberals dubbed rally republican lefts rgr third force government would bring forth slew legislation expand workers rights create social security pensions welfare state pursue nationalization businesses whose activity action francaise deemed suspect along certain key sectors energy automobiles however nationalizations would fall short desired parliament recommendations governmental committees due opposition rgr 5 years third force government france would see beginnings renewed economic growth devastation world war large part thanks american aid grew plan however political turmoil would dominate french government nearly ten prime ministers rgr mrp mrp leader georges bidault tenuously holding onto power elections political differences permeated governmental alliance constitution faced opposition left communists right budding gaullist movement conjunction legislative elections king henri put forward national referendum elective monarchy albeit one plans limit house orleans america chooses fate 1952 shall france future democracy air french communist party pcf largest party national assembly yet shut government king henry vi french communists focusing attacks increasingly unpopular political establishment arguing third force follow voters led maurice thorez pcf took role quickly resisting action francaise beginning including world war members proudly talk working british american intelligence defeat government given uniquely anticollaborationist record although argued still amounts unpatriotic behavior despite unpopularity action francaise pcf also argues rapid nationalization businesses various major economic sectors parties also calls complete collectiveization economy similarly praising reforms helped create french welfare state pcf calls drastic expansions scope especially oldage pensions presented explicitly labor party forging links general confederation labour cgt also criticized continuation rations wage controls though praised price controls issue religion party strictly laicite opposes funding denominational schools party takes antiamerican foreign policy stance argues america prevented pcf joining government nonetheless links radical labor elements america presidency frank j hayes pcf instead argues cooperation fellow european socialist nations spain nye bevans britain despite partys attacks third force party nonetheless shown willingness enter government sfio even mrp remains staunchly republican supports oui vote elective monarchy vote step towards abolishing institution x200b pcf leader maurice thorez french section workers international sfio french section workers international runs mandate continued preservation welfare state especially expansion nationalization industries major sectors banking major rhetorical policy target socialists party also continues promise continuing reforms labor rights land reform public works projects along boosting rights unions although party labor party socialist leader guy mollet encouraged workers avoid striking legacy action francaise divides party well many socialists cooperated regime wartime sake national interest many others took active resistance often league communists divide led divide party favor cooperation current third force system would dubbed tripartisme entailing cooperation socialists communists christian democrats would likely achieve leftwing policies well anger king foreign policy support eventual admission france atlantic union cooperation among atlantic nations philosophically oppose french colonialism advocate continued force places madagascar algeria matters religion party also clearly favor laicite opposed funding denominational schools party also endorsed oui elective monarchy means democratizing institution along endorsing allowing person elected x200b sfio leader guy mollet popular republican movement mrp popular republican movement led prime minister georges bidault established leading nonmarxist party opposed action francaise government although members avoided nature actions taken many communists thus remaining favor monarchy king henry vi overseen liberalization mrp stands clear voice christian democracy standing left wing movement calls solidification various policies taken third force government welfare reform also calling expansion nationalization industries key economic sectors along similar lines socialists gaullists party extensively used ideas catholic social teaching solidarism spread message even receiving support labor unions despite core base conservative catholics last elections similarly along lines idea subsidiarity mrp leading voice right continued framework limited royal powers expanded parliamentary powers party also strongly pushed atlanticist vision eventual hopes enter hypothetical atlantic union nonetheless remaining committed keeping french empire especially algeria party expected catholic support base supports funding denominational schools less wedded principle laicite others mrp also strongly committed preserving third force communists gaullists party campaigned oui vote elective monarchy referendum without clarification would eligible elected x200b mrp leader french prime minister georges bidault rally republican lefts rgr name contradicting ideological thought rgr alliance combines various middleclass parties mainly radicalsocialist party long embraced liberalism democratic socialist union resistance defined middleclass upbringing anticommunism antintegralism rgr alliance committed liberalism alliance successful stonewalling many proposed nationalization schemes attempting slow implementation various dirigist statist economic policies along welfare state despite commitment individual economic liberty party contains many worked action francaise world war along continued resisting regime party also remains largely procolonialism committed secularism lacite opposing funding denominational schools supports cooperation noncommunist nongaullist parties line radically republican roots party rgr strongly supports oui elective monarchy referendum also demands elected rank society yet alliance faces divisions edgar faure rene plaven lead radical party democratic socialist union respectively conservative outlook face internal opposition pierre mendes france francois mitterand offer leftwing vision party x200b leading member rally republican lefts rene pleven rally french people rpf although rally french people faces ostracization political establishment greatest benefit comes two leading public voices pierre billotte desert fox charles de gaulle core message rpf demand new constitution expand royal powers allow monarchy pass legislation behest prime minister rpf argues expanded royal powers necessary stabilization french politics enforcing state power home abroad socalled gaullists de gaulle chief idealogue also joined socialists christian democrats demanding continued expansions welfare state social measures along expansive nationalization industries key economic sectors rpf controversial home many exaction francaise members many members notable bureaucrats action francaise regime also houses vocal conservative opponents former regime refused collaborate war effort rpfs foreign policy dominated vision french nationalism separation american influence overall billotte led small minority rpf members support eventually joining atlantic union colonization religious matters party split partys official line favor gradual end french empire strong support laicite party supports oui elective monarchy referendum supports limiting contenders within house orleans many within party argued referendum pass due royal prerogative x200b rpf assembly leader jacques soustelle although second fiddle de gaulle billotte national centre independents peasants cnip christian democrats one end right gaullists end economically liberal conservatives would join national centre independents peasants cnip would take line welfare state nationalization among aspects dirgisme pivoted towards willingness work third force parties opportunity back reversing broadly popular economic measures taken cnip also committed vision decentralization limited executive powers led charges right gaullisms support strong executive however cnip hurt fact many leading members leaders action francaise noting ideological thread party charles maurras decentralist ideas foreign issues party committed french empire atlantic cooperation including france participating eventual atlantic union cnip also taken unique non stance elective monarchy referendum due partys traditionalist views rural base x200b cnip secretarygeneral roger duchet writein union defence tradesman artisans udca although remnants action francaise joined mainstream rightwing parties small businessman former action francaise functionary pierre poujade led extreme populist elements create union defence tradesman artisans poujade made name severely attacking tax rates republic arguing bloated unfair small businesses poujade also argued variety neointegralist planks including scrapping parliamentary system describing national assembly brothel reasserting royal powers nationalization breakup various large corporations trusts banks poujade also attracted support many nefarious members society including national syndicalists extreme farrighters violent paramilitaries action francaise antisemitic militants action francaise regime poujade engaging antisemitic rhetoric issues poujade strongly antiatlanticism demands preservation french empire opposes immigration funding public universities run broadly personalityorientated populist campaign due partys new status general unpopularity integralism udca limited campaign x200b populist firebrand pierre poujade led newly formed udca view poll,positive,6,1721081974.0,1
Algeria,Algeria economic policy,might better path usa allies find optimum place world rather endlessly fighting others order change join instead today marks start 16th brics summit taking place kazan tatarstan russia discussions decisions agreements made next days change geopolitical underpinnings world nations global south eurasia nations whose populations compose global majority chosen different path collective west collective west wars sanctions constant interference affairs brought condition quarantined mad dog world aim brics uninterrupted peace trade find stability bring nations together free intolerance aggression west appears unable extricate never need western powers act selfinterest avid desire drive increasingly indebted isolation centuries nations comprise west sought exploit weaker nations world continual benefit brics result international backlash centuries economic abuse slowly surely nations western powers exploited combined together resist power influence west process ongoing unstoppable stage however political stewards west finally courage faith acknowledge nations right inalienable sovereignty gladly welcomed fold ___________________________________________________________________________________________________________________ purpose brics group brics group formed enhance ease trading members atmosphere noninterference equality mutual benefit china made enormous strides last thirty years building economy russia vladimir putins watch done last quarter century alongside within brics group india also made great gains respect also entire african continent poised something similar general nations global south middle east latin america tending gravitate toward brics group ie link brazil russia china india nations joined group recent times egypt ethiopia iran saudi arabia united arab emirates forty countries including algeria bolivia indonesia cuba democratic republic congo comoros gabon kazakhstan expressed interest joining forum brics group bank embedded within structure new development bank latest primary goal brics group nations increase use local currencies trading currently vast majority trades conducted dollars due stability reliability efficiency factors move away dollar seen necessary however use leaves countries open economic blackmail sanctions unilaterally applied usa unaccountable universal law nations seeking improve trading networks get threat always held usa therefore seeking increasing numbers join brics group political elites usa naturally enough see threat global dominance using variety methods including sanctions even use us military oppose possible weaken group inherently bound brics group concept multipolarity power shared nations rather till dominated one nation allies nation united states america fall soviet union china still relatively poor nation compared western powers usa found apex power worldwide become known unipolar moment time believed usa exercising newfound virtually unlimited power would transform world image advent 911 reaction usas political elite brought extremely powerful dynamic minimize power potential enemies deemed necessary eliminate completely thus began campaign continues day focusing target nations among russia china iran syria lebanon venezuela nicaragua north korea cuba brics nations prospective brics nations instead fighting along allies maintain dominance others first fragmenting world presumably knitting back together sole command perhaps another better way proceed essentially needs happen achieve alternative wellbalanced multipolar world usa uk allies stand attempt halt process somehow developing greater insight lack harm long term destructiveness current policy beneficial effects happen currently living past former glories paranoid filter eyes thinking others behave done point begin treat enemies worst thing likely happen short term economic prospects suffer degree might think bad enough good enough reason keep pushing aggressive warlike stance rising powers russia china rest however much thinking going among western elites projection russians chinese aligned would like regard enemies really reason believe russians chinese want act global cops western powers done long quite clear present behavior indicates different approach based upon high degree tolerance diverse systems governance absolute minimum anything approaching ideological stance concentration coming agreements create stability required increased trade usa uk eu dropped idea indispensable nations collectively duty force nations mirror world would certain point onward would see newlyformed multipolar world embracing new nonaggressive us uk eu gladly within trading network members fully signed maintaining tolerant ethos worldwide point onward valuable expertise ingenuity north american people could reach new heights within new far balanced stable peaceful world opposed instigating wars constantly fragment,positive,2,1729588172.0,1
Algeria,Algeria economic policy,please find comments 28 new vacancies opened since sunday 20 oct data come un talent every open consultant position un perugia italy gender publications consultant unesco united nations educational scientific cultural organization expires 21 days consultancy careersunescoorg santiago chile consultoría en comunicaciones para el proyecto hef valparaíso unesco united nations educational scientific cultural organization expires 6 days consultancy careersunescoorg programme amp policy brasilia brazil public finance children ppa review consultant brasilia remote brazil unicef united nations childrens fund expires 6 days consultancy uniceforg human resources san salvador el salvador servicios profesionales psicologicos para el personal unicef united nations childrens fund expires 13 days consultancy uniceforg finance amp economy addis ababa ethiopia consultant policy study performance contracts public office holders public accountability africa uneca economic commission africa expires 8 days consultancy careersunorg antananarivo madagascar consultante nationale assistante de liaison cabinet de la représentation unfpa united nations population fund expires 13 days consultancy unfpaorg antananarivo madagascar consultante nationale chauffeure de la représentation antananarivo unfpa united nations population fund expires 13 days consultancy unfpaorg kigali rwanda individual consultancy national professional photographer development humanitarian photography unfpa united nations population fund expires 5 days consultancy unfpaorg abidjan côte divoire consultant individuel national appui à lunité de gestion du pateb ugppateb unesco united nations educational scientific cultural organization expires 8 days consultancy careersunescoorg communications amp pr amman jordan consultancy title early childhood care education ecce private sector service delivery study remote travel unicef united nations childrens fund expires 13 days consultancy uniceforg communications amp pr budapest hungary homebased hungary communications consultant 28 working days travel needed unicef hungary refugee resp unicef united nations childrens fund expires 5 days consultancy uniceforg programme amp policy belgrade serbia planning monitoring contractor unicef united nations childrens fund expires 6 days consultancy uniceforg programme amp policy new york united states america consultancy climate capacity building learning consultant req unicef united nations childrens fund expires 13 days consultancy uniceforg environment finance amp economy panama city panama adaptation specialist nap technical lead unep united nations environment programme expires 3 days consultancy careersunorg environment finance amp economy nairobi kenya evaluation consultant terminal evaluation unepgef project continuing regional support pops global unep united nations environment programme expires 6 days consultancy careersunorg environment finance amp economy paris france consultant intex india project unep united nations environment programme expires 1 day consultancy careersunorg istanbul türkiye national consultant data analysis report writing time use survey armenia atus homebased un women expires 10 days national consultant jobsundporg kampala uganda un coordination normative support consultant un women expires 5 days national consultant jobsundporg amman jordan national communications consultant amman jordan unfpa united nations population fund expires 6 days consultancy unfpaorg dakar senegal consultant en intégration du genre dans léducation republication unesco united nations educational scientific cultural organization expires 15 days consultancy careersunescoorg medical amp health programme amp policy algiers algeria consultant international pour appui technique à lélaboration de la stratégie nationale de la triple élimination de la unicef united nations childrens fund expires 12 days consultancy uniceforg programme amp policy dili timorleste readvertisement nationalinternational consultant develop performancebased incentive guidelines community unicef united nations childrens fund expires 9 days consultancy uniceforg programme amp policy monitoring amp evaluation chisinau moldova national individual consultancy provide technical support nbs mer revision classification national e unicef united nations childrens fund expires 13 days consultancy uniceforg programme amp policy kinshasa democratic republic congo consultante international e en charge de la révision du protocole de prévention et de prise en charge de la malnutr unicef united nations childrens fund expires 5 days consultancy uniceforg environment finance amp economy paris france spanish portuguese interpreter unep united nations environment programme expires 1 day consultancy careersunorg programme amp policy nampula mozambique early child development consultant nampula mozambique 6 months unicef united nations childrens fund expires 7 days consultancy uniceforg finance amp economy geneva switzerland national consultant trade information portal egypt unctad united nations conference trade development expires 2 days consultancy careersunorg finance amp economy addis ababa ethiopia consultant support technical coordination publication eca journal african transformation relate uneca economic commission africa expires soon consultancy careersunorg next post 2 days,positive,2,1729582835.0,1
Algeria,Algeria economic policy,african union commission auc set officially launch african space agency afsa 2025 newspace africa conference hosted egypt space city cairo following establishment afsa serve central organization promoting space cooperation across continent responsible implementing african space policy strategy working towards spacerelated goals outlined african union afsa also primary liaison africas collaboration global partners particularly europe one agencys key goals defined african space agency act enhance space missions across africa ensuring accessibility spacederived data services products afsa help streamline space initiatives national regional continental levels minimizing redundancy inefficiency primary governing body oversee implementation africas space agenda ensuring continent meets objectives critical field foundations africas space agenda africas continental space agenda first set motion twentysixth ordinary session african union assembly january 2016 session african heads state government adopted african space policy strategy providing framework use space technology advancing aus vision integrated prosperous peaceful africa african space agency act approved 2017 solidified legal regulatory structure space activities across continent laying groundwork afsas creation building financial structural foundations afsa formation afsa culmination years planning dialogue financial consideration 2018 aus committee permanent representatives gathered assess structural financial aspects agencys establishment discussions aimed ensure agencys longterm sustainability capacity achieve objectives key issues debated included governance funding technical requirements support africas space ambitions address africas specific needs auc approved tailored roadmap guide afsas development setting clear strategic goals performance indicators ensure contribution continents socioeconomic progress egypt host afsas headquarters egypts space city cairo selected official headquarters afsa positioning egypt key player africas space sector decision solidified agreement egyptian government auc egypts parliament officially endorsing presidential decree june 2023 123acre egypt space city equipped support africas space exploration goals serving hub research innovation capacity building egypts involvement hosting afsa expected boost local space industry support small medium enterprises smes space technology align africas agenda 2063 goals sustainable development role african space council african space council established 37th ordinary session au assembly plays key role guiding afsas activities council consists 10 members two representatives africas five regions dr tidiane ouattara côte divoire serves councils first president dr rakiya babamaaji nigeria holds vicepresidency members hail malawi namibia morocco djibouti rwanda algeria additional female representative expected join central africa ensure gender regional balance strategic importance afsa africa launch afsa pivotal moment africas efforts leverage spacebased technologies address challenges satellite data critical improving climate resilience food security natural resource management disaster response reliable access data african governments make informed decisions mitigate effects climate change afsa also aims enhance satellite communications earth observation technologies close digital divide improve connectivity expand access education healthcare across continent furthermore agency seeks promote education space science technology preparing next generation african space professionals collaboration african governments private sector international partners scientific community crucial afsas success fostering partnerships afsa contribute africas sustainable development strengthen global standing space industry,positive,1,1729106073.0,1
Algeria,Algeria economic policy,explained africans apply schengen visas face high rejection rates europe nearly onethird africans applying visa europes schengen area rejected highest refusal rate region according henley partners africans face high rejection rate visas enter schengen group countries group made 29 european countries officially abolished border controls mutual borders schengen visa entry permit noneu nationals would allow make short temporary visit 90 days schengen area 2023 schengen states generated us906 million visa applications us145 million came rejected visa applications refusals 2023 cost african nationals us61 million application fees recent report british migration consultancy henley partners shows african countries accounted seven top ten countries highest schengen visa rejection rates 2022 conversation africas godfred akoto boafo asks migration scholar mehari taddele maru contributed report rejection rates africans high whose visa applications rejected analysed eus data visa applications 2009 2023 found dramatic increase rate rejection schengen visa applicants 2014 18 african visa applications rejected global rejection rate 5 2022 rejection rate african applicants risen 30 global rate increased 175 top 10 countries high schengen visa rejection rates 2022 seven africa among algeria guineabissau nigeria ghana increase visa rejection rates associated eus visa policy also identified two key factors income passport power may explain african applicants face higher schengen visa rejection rates rich countries high income levels measured gdp gni usually stronger passports measured henley passport power index based international air transport authority data means citizens visit several countries without visas strong passport gives people mobility search economic opportunities contrast people poorer countries including african nations weaker passports means travel options significantly reduced without visas also uncovered link african countries low rankings national income passport power indices higher rates visa rejection consequently harder africans travel visa applications likely rejected visa applications rejected officially visa rejections often attributed doubts applicants intention leave destination country visa expires according european states rejections based reasonable doubts visa applicants intention return home provided eu visa code handbook assessment visa applicants intention return home based circumstantial evidence consular officers broad powers discretion decide consider three key factors documentation 1 stability applicants socioeconomic situation country residence 2 proof employment business activities 3 family community ties supporting documents may include proof financial means property ownership employment contracts business records travel arrangements favourable visa candidates often demonstrate strong ties home country includes dependent family members staying behind property ownership view potentially allows discrimination based nationality geographical factors schengen visa regime proof intention return home often linked economic status applicants nationality elastic concept schengen visa regime allows immigration officials global south filter visa applicants based economic conditions country origin research evidence suggest higher rejection rate leads decrease irregular migration visa overstays findings highlight visa policies disproportionately affect africans seeking visit europe undermine european unions stated commitment strengthening partnerships africa needs change europes poor efforts improving legal mobility pathways africans left many including governments disillusioned migration cooperation africa europe despite promises visa facilitation family reunification labour migration progress remains elusive legal avenues available mostly benefit skilled workers within european union european union must reform visa regime expand legal migration pathways ultimately primary responsibility lies african states must create environment citizens thrive prosper within continent includes investing economic development job creation education healthcare infrastructure african governments ratify 2018 african union protocol free movement africans within continent six years adoption four countries ratified protocol mali niger rwanda são tomé principe contrast agreement establishing african continental free trade area focuses movement goods services capital force since 2019 year adoption reforming schengen groups visa policies towards africa goes beyond migration management getting politics right europe europe serious partnering africa addressing demand labour benefits expanding legal pathways africans far outweigh costs mehari taddele maru professor european university institute johns hopkins university european university institute commissioned write chapter july 2024 henley partners global report,negative,5,1727009318.0,-1
Algeria,Algeria economic policy,algerias job market things shifting employers focusing cutting costs recognizing workers skills experience deciding salaries surveys show big chunk companies around 68 sticking paying bare minimum sparked debates especially among job seekers fairness finding job algeria isnt easy companies demand lots skills experience yet often offer low pay doesnt match value theyre asking adding challenge women tend accept lowerpaying jobs often men highlighting struggles face economically changes dont affect individuals impact whole job market economy fewer incentives skill growth growing wage gap algerias economy faces big challenges tackle issues everyone involved government companies society needs rethink set salaries labor policies giving fair pay reflects workers contributions isnt creating better work environment crucial algerias overall progress,positive,28,1715609052.0,1
Algeria,Algeria economic policy,hello guys want know predictions future region whole every country start prediction north turkey one highest inflation rate still g20 country economy considered good military turkey influence increased internal politics look unstable moment overall think turkey improve iran military influence everywhere economy much better sanctions harming economy internal politics mystery hard predict fate iran depend next supreme leader wish better future iran cannot predict anything iran pandora box middle east iraq syria lebanon jordan fate depends decisions stronger countries region overall think better future gcc stable monarchies succession process saudi arabia complete mohammed bin salman next king challenge economics believe saudi arabia uae qatar succeed diversifying economies saudi vision 2030 2016 non oil sector contributed 5 gdp 50 kuwait oman need work harder think eventually diversify well bahrain economy always depends countries millinery influences focus gcc influence weaker iran turkey may change future uae example heavily involved sudan civil war prediction believe overall gcc best place live middle east egypt economy finally start recover lot economic crisis start hear lot good news still lot challenges see egypt arab spring positive stability stable compared spring military military strong use yet however may use libya sudan future prediction vey optimistic future egypt engage war sudan fate depends outcome civil war prediction suffer lot next 20 years become better algeria isolationist policy lot potential know develop potentials someone know please tell know much countries cannot make predictions fell free talk country middle east great middle east region overall prediction entire region extremely positive,positive,1,1714739574.0,1
Algeria,Algeria economic policy,refuge crisis going europe today arguably impactful event continent since wwii thousands upon thousands individuals fleeing war torn syria neighboring countries better life europe polarizing perspectives done situation one perspective agreed upon huge problem understand solution even one understand perspective feasibly implemented also take consideration evolution perspectives implementation settings socioeconomic factors play cultivate perspectives lets start biggest players region germany influential member european union germany angela merkels lead decided refuge crisis needs dealt germanys proposed solution open european borders seek asylum war torn regions germanys generosity reflected willingness take upwards 500k refuges per year germany alone germanys perspective many factors play imho influential ones germanys historical behavior shaped society looking repentance forgiveness policies horrid actions wwii germany made modern germany one liberal welcoming places world truly remarkable short amount time germany become model country humanity worlds worst result past germany decided employ policies put interests weak first foremost even detrimental affects people germany antinationalistic perspectives direct result nationalism spurred nazi movement still major motivator germanys stance global issues like excluding historical connection germany also shares perspective providing refuge people economic capacity unemployment rate 5 blooming economy thrived immensely formation eu germany feels capacity help thrive inevitably makes germany capable providing refuge result shapes opinion towards wanting provide one note capability deciding factor since many nations share well choose help ie saudi arabia qatar etc factor makes perspective possible resources available germany provide refuge refugees france similar germany frances leader hollande decided refugee crisis must dealt support eu said france willing take 24000 refugees next two years france share guilt germans even number wouldnt much higher reason capability unlike german counterparts frances economy severely struggling frances unemployment rate 10 youth unemployment rate 24 unemployment rate immigrants african nations morocco algeria mostly even 6 points higher numbers indicate shrinking capacity provide refuge nonetheless frances humanitarian outlook represents willingness provide assistance england less reluctant accept responsibility refuge crisis decided accept 20000 refuges next 5 years englands perspective shaped less economic capacity based unique role within eu even though england part european union adhere conventional policies may know go england using pound english currency instead euro eus currency example uniqueness englands role within eu however impactful difference allows england hold reserved perspective addressing refuge problem fact part schengen zone schengen agreement familiar agreement states eu member states except uk ireland shall allow free movement people borders without needing secure visas bound agreement england choose address refuge problem perspective best english people nations within schengen zone luxury fellow schengen zone nations allow people enter every right cross country well reality shapes perspective next country list hungary hungarys prime minister viktor orban stated hungary taking measures provide refuge immigrants instead using policies proposed merkel signify willingness help people orban decided erect 11 ft wall prevent people crossing border serbia balkan route many refugees taken hungary hungarys perspective one multifaceted economic position one isnt bad isnt thriving either small nation one interested protecting culture nationalistic views shared many religious denominations motivate perspectives christians ok muslims views although unpopular europeans unfair european culture lost losing many places influx immigration sparked rightwing nationalist movements places like england france hungary european problem australias immigration policies also affected mindset rightwing ideology directly conflates proposals nation like germany conflation complicated fact schengen agreement allows people germany wants accept freely travel hungary welcome many believe conflict demise schengen agreement yet seen regardless believe needs european resolution accepted schengen zone members order eu thrive seems far occurring since walls continued built hungary refugee numbers continue grow germany nations within eu well seem reality deal well countries like austria reluctant less willing accept responsibility protecting refugees neighboring countries like sweden taken refugees compared size denmark reluctant take refugees part schengen zone dont agree handle problem take nations like greece italy forefront problem possessing closest entry ports europe dont means capabilities provide refuge either economic instability well known many refugees taken balkan path move north towards affluent nations said clear refugee situation huge problem europe eu stated earlier come solution problem need understand one based positions influential members dealing problem solution seems scarce reason solution worked one isnt addressing real problem real problem refugee crisis begin case enormous concoction cause effect stem way back 20th century without going history lesson lets talk pressing causes bashar al assad isis civil war syria brewing 4 years direct result refugee crisis europe today europeans americans believed justifiable reason stop war occurring problem perspective longer viable clear problem refugees borders realizing standback approach wasis cause situation europe first step coming viable solution negotiations ongoing eu nations need refugees seems one interested talking stopping problem root kill assad isis restore order homeland people fled words refuge needed longer refugees interestingly enough rightwing nationalistic representatives within nations like us called intervention civil war started turned left humanitarian leading side one wonder war time actually humane thing given many lives lost due lack intervention reality also brings realization perspectives conflicting ideologies take example idea us isolationist shouldnt mingle foreign affairs yet time crises occur places like darfur happening syrian refugees today people say must something seems shouldnt want stop problem occurring problem affects us point choice something must done effective policy im hardpressed find reason behind one truly believe stand back approach used syrian civil war humanitarian thing vs going unified global entity establishing order stability willing give much syrian refugees cross borders dont care thousands dying everyday hands dictators terrorist groups arbitrary value life set inclined give rescue sometimes shouldnt policy exist regardless circumstance believe every life worth defend every life least believe lives worth employ policies protect dont shift political approaches perspective hungary works hungarys best interest regardless syrians border syria matter believe country europe refugees everyone think real solution ending conflict syria maybe people willing back invest rectifying war wouldnt spend billions resources detriment national societies today deal issue believe provide refuge instead creating stability syria correct solution please cmv tldr problem refugee crisis syria caused one dealing problem syria real people blame ones want take refugees ones want prevent refugees existing fix problem need create stability syria return refugees homeland _____ hello users cmv footnote moderators wed like remind couple things firstly please remember read rules see comment broken one effective report downvote speaking downvotes dont change views thinking submitting cmv please look popular topics wiki first questions concerns feel free message us happy cmving,positive,163,1441728169.0,1
Algeria,Algeria economic policy,colonial era maghreb region encompassing presentday algeria tunisia morocco parts libya mauritania home rich tradition nomadic life nomads primarily berber arab tribes played crucial role social economic cultural fabric region lifestyle nomads deeply intertwined harsh diverse landscapes maghreb included deserts mountains semiarid steppes communities skilled adapting environment relying mobility herds camels goats sheep sustenance animals provided milk meat wool also serving means transportation across vast often inhospitable terrain nomadic societies maghreb organized around tribal affiliations strong emphasis kinship loyalty tribe territory would traverse seasonally search grazing land water sources constant movement essential survival livestock also maintaining social networks trade routes trade vital aspect nomadic life maghreb nomads integral transsaharan trade routes connected region subsaharan africa beyond acted guides protectors caravans facilitating exchange goods gold salt spices textiles trade network helped foster cultural exchanges spread islam across region despite challenges environment nomads maghreb developed rich cultural heritage including oral traditions music poetry knowledge land resources passed generations ensuring survival way life face changing circumstances however advent colonialism 19th century traditional nomadic way life maghreb began decline introduction new borders land policies economic changes disrupted nomads mobility access resources despite challenges elements nomadic culture persisted influencing modern identity heritage maghreb region,positive,2,1725154500.0,1
Algeria,Algeria economic policy,please find comments 34 new vacancies opened since monday 02 sep data come un talent every open consultant position un programme amp policy suva fiji technical advisory ece pacific 7 months unicef united nations childrens fund expires 14 days consultancy uniceforg environment finance amp economy nairobi kenya international consultant preparation report implementation unga resolution 78159 strengthening coopera unep united nations environment programme expires 2 days consultancy careersunorg finance amp economy environment geneva switzerland unep finance initiative unep fi senior project coordinator revenues nature unep united nations environment programme expires 1 day consultancy careersunorg environment finance amp economy panama city panama junior technical analyst unep united nations environment programme expires 5 days consultancy careersunorg environment finance amp economy paris france ccac country outreach engagement unep united nations environment programme expires 14 days consultancy careersunorg communications amp pr juba south sudan public information assistant unmiss united nations mission republic south sudan expires 7 days consultancy careersunorg istanbul türkiye international consultant support national statistics office designing piloting structure earnings surv un women expires 18 days international consultant jobsundporg papua new guinea local individual consultant humanitarian technical assistant g2 lae papua new guinea unfpa united nations population fund expires 14 days consultancy unfpaorg addis ababa ethiopia local consultant communication analystmaternity cover3 months possibility extension 3 months sub unfpa united nations population fund expires 6 days consultancy unfpaorg dakar senegal consultant en intégration du genre dans léducation unesco united nations educational scientific cultural organization expires 26 days consultancy careersunescoorg phnom penh cambodia international consultant monitoring evaluation specialist unesco united nations educational scientific cultural organization expires 12 days consultancy careersunescoorg programme amp policy freetown sierra leone international consultancy dmis feasibility consultant freetown sierra leone four months nonsierra leoneans unicef united nations childrens fund expires 6 days consultancy uniceforg medical amp health programme amp policy freetown sierra leone national consultancy chw programme consultant freetown sierra leone six months sierra leonean nationals unicef united nations childrens fund expires 7 days consultancy uniceforg medical amp health programme amp policy freetown sierra leone national consultancy child health consultant freetown sierra leone six months sierra leonean nationals unicef united nations childrens fund expires 7 days consultancy uniceforg programme amp policy lusaka zambia consultancy opportunity development guidelines chiefdoms customary bylaw protection children child unicef united nations childrens fund expires 6 days consultancy uniceforg programme amp policy lusaka zambia consultancy opportunity national sbcgender consultant 7 months lusaka zambia unicef united nations childrens fund expires 13 days consultancy uniceforg geneva switzerland needs assessment consultant unocha office coordination humanitarian affairs expires soon consultancy careersunorg admin addis ababa ethiopia consultancy support eca conferences meetings uneca economic commission africa expires soon consultancy careersunorg dakar senegal communication specialist consultant un women expires 8 days international consultant jobsundporg especialista en grants monitoreo para el proyecto regional scaling climate change environmental policies un women expires 9 days international consultant jobsundporg santiago chile consultoría en políticas estrategias recursos de alfabetización mediática e informacional unesco united nations educational scientific cultural organization expires 19 days consultancy careersunescoorg santiago chile consultoría ciencias sociales humanas unesco united nations educational scientific cultural organization expires 19 days consultancy careersunescoorg medical amp health programme amp policy hanoi vietnam individual national consultant planning deployment cold chain equipment funded dfat unicef tw unicef united nations childrens fund expires 11 days consultancy uniceforg programme amp policy monitoring amp evaluation bangkok thailand consultancy writer unicef thailand country office tco 2024 end year summary narrative eysn unicef thailan unicef united nations childrens fund expires 12 days consultancy uniceforg programme amp policy medical amp health national consultant provincial water sanitation hygiene wash coordinator dhangadhi nepal nepalese n unicef united nations childrens fund expires 7 days consultancy uniceforg medical amp health programme amp policy algiers algeria international consultation support effective vaccine management assessment continuous improvement plan algeria unicef united nations childrens fund expires 10 days consultancy uniceforg logistics amp procurement kinshasa democratic republic congo consultante internationale experte en financement de projet 1 mois kinshasa rdc incountry unicef united nations childrens fund expires 4 days consultancy uniceforg programme amp policy panama city panama social behaviour change sbc consultant roster lac regional office panama city panama homebased unicef united nations childrens fund expires 23 days consultancy uniceforg amp telecom information management beirut lebanon senior net developer unrwa un relief works agency palestine refugees expires 6 days consultancy careersunorg finance amp economy addis ababa ethiopia ritdatpc ecommerce consultant support development regional policy ecommerce central africa uneca economic commission africa expires 6 days consultancy careersunorg communications amp pr geneva switzerland individual contractor support public awareness outreach unep united nations environment programme expires 7 days consultancy careersunorg programme amp policy monitoring amp evaluation kathmandu nepal individual consultant training multimedia material production unicef regional office south asia remote based unicef united nations childrens fund expires 7 days consultancy uniceforg communications amp pr maroua cameroon consultant low value documentation youth participation climate myname campaign far north home based unicef united nations childrens fund expires 6 days consultancy uniceforg programme amp policy dakar senegal development concept note research project analysis impact social protection social cohes unicef united nations childrens fund expires 11 days consultancy uniceforg next post 2 days,positive,2,1725424221.0,1
Algeria,Algeria economic policy,dont think people understand smart way founding fathers setup nation checks balences decentralization commerce based society economy first republic people low high first enlightenment ideological nation right individuals freedom powerful humans speech press arms search seizures rights people states decentralization freedoms alone important freedom individual human never existed anywhere old new world americans today need pay reparations ever nation world need pay ethnicities reparations well last many years human existence real list would go 6000 pages humans enslaving weaker color color skin neighbors since expanded 2 8000000000 humans turkey pay bulgaria romania serbia north macedonia greece albania croatia bosnia 300 years taking christian boys slaves janissaries saudi arabia egypt iraq pay armenia georgia azerbaijan russia ukraine saudi arabia egypt iraq oman uae bahrain kuwait syria jordan china pakistan india indonesia malaysia singapore israelpalestine pay tanzania mozambique kenya burundi rwanda uganda somalia djibouti eretria ethiopia south sudan sudan zambia malawi finland sweden norway denmark pay ireland scotland england coastal west europe morocco algeria tunisia libya pay italy france england spain portugal greece iceland sweden x200b democrats economic immigration foreign policy 3 years done nothing view poll,positive,0,1709952341.0,1
Algeria,Algeria economic policy,comparative analysis contrasting communication styles frequent mentions morocco algerian leaders often critical context contrasted sharply measured diplomatic tone king mohammed v difference communication styles highlights divergent approaches diplomacy conflict resolution two countries impact international perception algerias assertive references morocco could reinforced perceptions regional rivalry whereas moroccos calls peace aimed build reputation diplomacy cooperation international community likely viewed contrasting approaches lens countrys broader foreign policy objectives domestic implications algeria frequent mention morocco served unite population common external adversary reinforcing national solidarity morocco king mohammed vs emphasis peace aligned vision internal stability economic development fostering sense optimism progress,positive,2,1720384553.0,1
Algeria,Algeria economic policy,hardsoft power power index score slowly decreasing annually even corona virus pandemic since 2010 real gdp growth barely maxes 2 year common west european countries soft power also decreasing align heavily west lose links china eastern hemisphere missing array trading opportunities economic growth could spur country back relevance exportsoutports deficit trade deficit also slowly increasing seems extremely volatile move towards becoming major importing nation rather exporting nation successful countries terms economic growth stability exporters 2nd largest deficit current account balance despite ranking 21st population 7 10 countries top 10 largest deficits either huge nations brazil us indonesia india comparably small nations ireland lebanon third worlddeveloping nations algeria kenya two nations list similar demographics politics uk canada france latter almost exact population dramatically less natural resources uk yet seventh deficit appearance world stage beginning appear laughing stock rest world recent poor handling policies especially relating pandemic eu mention primeminister isnt taken nearly seriously heads state last four prime ministers resigned current prime minister approval rating 24 becoming trend elect people gradually begin hate arent invited engage new opportunities establishing links countries whilst eu countries invest heavily things especially developing world pay attention still caught british superiority complex completely ignoring country slowly falling global political stage national infrastructure global scale well infrastructure becoming joke consider approach megastructures boosts overall infrastructure japan almost double population also considered full democracy took 5 years first opening shinkansen high speed national rail system shinkansen 6 routes span entire hs2 full completion double triple distance hs2s entirety span opened 1980 massive improvements ever since lets compare countries foreseeable massive infrastructure improvement hs2 high estimates end completion date ranges 20502060 low end 20352050 began construction 2009 averaging completion dates estimates uk government third parties gives us date around 20482049 practically 40 years complete time shinkansen majority megainfrastructure projects public transporttrainline sphere much faster bigger hs2 travel limit 330kmph whereas shinkansen around 40 years travels 320kmph 2040 multiple developments made system personal notes point basically becoming yesmen usa ideas western global dominance politically economically opinion already late try establish links weve locked deeply western hemisphere nonwestern aligned countries world populations totalling 5 billion gradually develop become new economic powerhouses world china india indonesia pakistan nigeria bangladesh russia etc fade obscurity trading partner global political power would hazard guess point time still assume superiority countries long gone history end opinion piece ive tracking alongside studies international relations economics course love country im proud part saddens come conclusion would love us big player international stage dont see happen us slowly laxing military political power plus constant change governance absolutely progress made advancing country please feel free friendly debate comments 3rd year student work towards dissertation topics thought would share opinions rest facts may wrong point find incorrect,positive,16,1654905388.0,1
Algeria,Algeria economic policy,reddit loves give muslims flak spreading islam sword agree indeed partly right close study history secularism liberalism capitalism spread shows ideology live today may well one violently spread human history im even left wondering ever transition liberal secularism history wasnt violent well start beginning english civil wars english civil war series conflicts fought 1640s future english government royalist faction charles parliamentarian faction royalists believed monarchial rule divine right parliamentarians bunch pissed gentry hated king policies wanted england run parliament alone parliamentarians irreligious secularists virtue fact often belonged protestant christian minorities like puritans wanted right practice faith without persecution end parliamentarians decisive victory battle worcester 1651 years oliver cromwell already set english commonwealth govern country without monarch decade monarchy restored severely weakened form subservient republicans factions developed conflict became modern british political parties intellectual response conflict thinkers locke mill hobbes laid groundwork enlightenment american war independence puritans cavaliers scotsirish got evicted english civil war ended coming america ended rehashing pretty much conflict 1776 republicans constitutional convention held new nation created based explicitly liberal democratic enlightenment ideals french revolution 1789 commonly regarded beginning modernity entirely success french revolution revolution france catholic feudal country large amounts political economic strain short newly created bourgeois peasant class rose violently overthrew monarchy church banner liberty equality fraternity napoleonic wars common pattern newly formed unstable republican governments tend usurped militaristic dictators england cromwell france napoleon napoleon regarded people around conquering tyrant political legacy europe enact many republican reforms foreign countries popular enough could entirely removed absolutist monarchs defeat thus leading revolutions 1848 popular uprisings happened across europe defeated still made lasting political victories like introduction democracy netherlands denmark abolition serfdom austria hungary well end french capetian monarchy also include loss control spanish crown latin american colonies revolutionary wave though starts somewhat earlier simon bolivar anyone european colonialism obviously dont space time list every war colonial conquest western liberal values well christianity exported violently many countries european colonialism unlike christianity liberalism often persisted long enough set sufficiently deep roots motivate anticolonial movements 20th century forms colonial conquest direct like french takeover algeria vietnam others indirect done corporate proxies like east india company still brutally violent billions people around world today india especially would likely never adopted secular liberal ideologies without violent conquest bakumatsu boshin war eastern front wwii 1853 japanese islands control tokugawa shogunate closed foreigners japan opened forcefully commodore perry eventually subject set unequal treaties favoring americans trade set spiral events led overthrow shogunate decisive defeat tobafushumi 1868 alliance satsuma choshu clans boshin war rebels started simple antiforeigner faction eventually decided way protect japan foreign domination import western principles economic political organization even new government wasnt entirely liberal secular since uniting principle government supremacy imperial house japan like england france eventually degenerated expansionist military dictatorship arguably japan would become fully liberal country defeated united states 1945 conclusion thoughts im sure left many incidents well korea brazil turkey etc though specifically made point including anything involving communism fascism know people west look upon wars justified point still episodes ideology spread violence arguably islamists perceive islamic conquests justified edit turkey thought think turkey important included turkey used ottoman empire long considered sick man europe ottomans came wwi catatonic state eventually faction called young turks decided like japanese way make turkey strong adopt western ideologies principles political social organization including capitalism liberalism secularism nationalism influential figure period mustafa kemal ataturk father turks took government coup changed everything abolishing caliphate violently expelling ethnic minorities greeks armenians anatolia except kurds still thorn turkeys side forcibly changing way people dressed fez hat wrote turkish language latin rather arabic script islam long dominant ideology ottoman empire forced public sphere entirely infamous armenian genocide forced population transfer greeks happened time fallout secularizing incident continues haunt turkeys foreign relations domestic politics,negative,20,1449520036.0,-1
Algeria,Algeria economic policy,comparative analysis contrasting communication stylesthe frequent mentions morocco algerian leaders often critical context contrasted sharply measured diplomatic tone king mohammed vthis difference communication styles highlights divergent approaches diplomacy conflict resolution two countries impact international perceptionalgerias assertive references morocco could reinforced perceptions regional rivalry whereas moroccos calls peace aimed build reputation diplomacy cooperationthe international community likely viewed contrasting approaches lens countrys broader foreign policy objectives domestic implicationsfor algeria frequent mention morocco served unite population common external adversary reinforcing national solidarityin morocco king mohammed vs emphasis peace aligned vision internal stability economic development fostering sense optimism progress,positive,1,1720383795.0,1
Algeria,Algeria economic policy,following secret excerpt internal alexandria custodians findings relating ideal course action pertaining diplomatic relations two major blocs caliphate successor states geopolitical risk assessment transmission id trxunscgra2072006 secrecy level dipope2131 gigas alliance summary custodianship considers japan extremely volatile recommends avoiding interactions ensure well people custodianship hand custodianship considers unsc key partner reconstruction geopolitical positioning globally considers alignment unsc necessary mutually beneficial given shared regional interests ideological alignment goals unsc danger level overwhelming risk assessment moderate diplomatic outlook friendly public opinion negative key findings unsc formed part coalition killed millions annexed morocco algeria cause concern custodianship formerly territory different territories moves overwhelmingly unpopular among publicits decision protect jerusalem japan well certain cities improved popular opinion relative japan uasr given unscs commitment establishing functional independent states significant shared interests present unsc custodianship current assessments show desire build sustainable prosperous states region genuine custodianship plans suspending military economic alliance wishes maintain far future custodianship believes closer ties unsc best way proceed given current geopolitical landscape unsc open furthering ties reconstruction would ideal unscs alliance japan via gigas may prove problematic drawn another war conquest japan danger level overwhelming risk assessment moderate diplomatic outlook avoidant public opinion extremely negative key findings japanese human rights violations coupled repeated violations preexisting alliances granted low trustworthiness score high belligerency score custodianship advised avoid interactions japan time given japanese debt collection efforts elsewhere custodianship advises trade japan time well lending far may lost gained alfheimr succession may cause substantial instability especially given mysterious disappearance aesir dederick genetic differences alfr japanese citizens elsewhere substantial cultural differences presence large alfr army western europe civil war may disastrous globally would result far humanitarian catastrophes disruption supply chains given fact custodianship recommends autarchy wherever possible eventuality bandung pact summary custodianship considers bandung pact potential threat independence custodianship given uasrs historical desire conquer egyptian region demonstrated negotiation treaty istanbul moreover given lack common enemy namely caliphate alfr pact prone infighting generally disorganized militarily weaker alliance blocs especially given impact last brother war continued occupation regions east west create potential flashpoints longterm conflicts nations may drawn custodianship recommends neutrality dealings bandung pact united states asia danger level moderate risk assessment low diplomatic outlook indifferent public opinion negative key findings united states asia currently occupies pakistan brink civil war recently united series sporadic corrupt statelets invaded occupied historical enemy state likely brink collapse primary contribution bandung pact appears large number soldiers recruit custodianship little gain economically technologically militarily relations usa uasr danger level high risk assessment high diplomatic outlook neutral public opinion extremely negative key findings uasr major power behind bandung pact trusted previously attempted seize egypt likely access meditteranean andor suez canal pressed unsc control treaty istanbul custodianship proceed caution custodianships lack army places high risk especially unsc drawn war behest japan unscs prior policy armed neutrality recommended avert incursions uasr attempts seize nation public opinion extremely negative towards uasr given unprovoked attack caliphate millions killed result decisions expansion ties would taken well populace ties uasr may prove fruitful economically may eventually result annexation custodianship state custodianship recommends remaining good terms uasr remaining arms length republic houston danger level low risk assessment low diplomatic outlook neutral public opinion neutral key findings republic houston proves extremely problematic bandung pact given proximity japans western holdings given prior japanese adventures north africa likely isolate conquer houston without pact able respond due large distance creates potential flashpoint overall pact may escalate larger conflict custodianship warns substantial investment state given higher risk unopposed ties state nusantara danger level moderate risk assessment moderate diplomatic outlook avoidant public opinion negative key findings nusantara formed part coalition destroyed much cairo alexandria relatively minor part coalition given distance region relatively lower risk associated relations state also much gained continued occupation eastern rigs may result future conflict rigs nusantara making extensive economic relations either states unfavourable occupation end may gained economically cooperating owing advanced technological base brazil danger level low risk assessment low diplomatic outlook neutral public opinion neutral key findings given brazil largely kept part pact virtue threat encirclement custodianship unopposed relations nation said large scale chip epidemic may prove problematic custodianship recommends maintaining bordercontrol protocol established caliphate government regarding detection removal brain chips border caliphate successors summary custodianship seeks protect revanchist elements believes policy armed neutrality best case unsc allow custodianship seeks establish win ideological battle badiyah eliminating extremist thought among population economic progress also seeks ties state palestine currently acts buffer alexandria eastern successor states badiyah danger level high risk assessment high diplomatic outlook caution public opinion negative key findings badiyah seen largely regressed largely tribal society xenomorph swarms coupled caliph abandoning egypt protect west left sour taste alexandria xenomorph hordes constant risk border regions requiring additional militarization address issue badiyan revanchism also proves potential risk state sees successor caliphate economies custodianship badiyah previously highly integrated given longstanding supply chains desertec ii project recommended maintain positive ties caliphate ensure continuation projects keeping arms length preserve independence state prevent regression tribal religious rule custodianship must act counterweight badiyan ideology positioning bastion liberty staying true democratic ideals hirak 2010s opposed extreme islamism late 2060s failure achieve ideological victory delivering economic benefits would likely result unfavourable ideological shifts within custodianship triarchy danger level high risk assessment high diplomatic outlook caution public opinion neutral key findings triarchy strongest caliphate successor states given existence much caliphates industrial base turkey triarchy would pose substantial threat custodianship bordered nation luckily state palestine provides buffer assistance must given state palestine prevent eventuality slayer considered erratic figure may always act rationally especially given large massacre china behest japan mass repression resulting cult personality country thus best remain good terms state collaborating economically wherever possible avoiding military relations time eastern caliphate danger level moderate risk assessment moderate diplomatic outlook neutral public opinion positive key findings unlike western caliphate eastern caliphate seems disinterested revanchism instead seek reclaim occupied territory bandung pact flashpoint may complicate relations custodianship remain neutral current assessments show eastern caliphate unlikely make moves state palestine also acts buffer custodianship eastern caliphate economic relations eastern caliphate may prove fruitful especially regarding supply chains related oil gas plastics manufacturing state palestine danger level low risk assessment low diplomatic outlook friendly public opinion positive key findings state palestine much offer custodianship given key strategic geographic position acts buffer state custodianship eastern caliphate successors largely ideologically aligned unsc good terms bandung pact palestine may offer opportunity custodianship engage indirect diplomacy bandung pact without resulting widespread public anger custodianship views palestine integral part economic military strategy region likely assist reconstruction efforts spheres second roman republic danger level moderate risk assessment low diplomatic outlook friendly public opinion negative key findings second roman republic part coalition invaded caliphate opportunistically seizing istanbul overwhelmingly viewed negative act populace significant compared egregious acts orbital bombardment wiping city blocks still substantial hesitancy among public views istanbul occupied land second roman republic currently well placed geopolitically potential ally custodianship given similar position balancing relations gigas bandung pact economically prosperous may help contribute reconstruction efforts roman development bank republics ambitions extend beyond western istanbul would placed crosshairs japan well triarchy resulting extremely bloody conflict custodianship must stay states verge war custodianship urges caution regarding investment region,negative,9,1717521314.0,-1
Algeria,Algeria economic policy,looking cia declassified documents come across 25pageslong intelligence assessment state foreign affairs morocco king hassan ii truly legit document seems linked post surprising interesting points highlights document worth sharing sorry post long according us consulate casablanca jewish community numbers less 10000down nearly 350000 1956 600000 israelis moroccan origin despite limited numbers jews still play according consulate important unofficial roles financers businessmen technical professional experts advisers king according us consulate king hassan ii hopes tel aviv provide limited military assistance improve forces performance western sahara war king probably believes open policy toward tel aviv wins favor west especially washington consideration loomed especially large according us embassy rabat king trying mitigate us displeasure period union libya 198486 hassan continues hope view west reward constructive policy towards israelillustrated meeting shimon peres july 1986with increased economic political assistance france also exerts sentimental tug king hassan beginning state visit france november 1985 hassan claimed upbringing considered arab speaks french man almost completely double culturea sentiment tailored circumstances view one along many educated moroccans appears believe france principle western aid donor morocco according us embassy rabat holds onethird onehalf moroccos foreign debt 15 billion france committed 61 billion cover moroccan foreign payments deficit 130 billion project assistance bilateral ties important france well economically france values morocco arms purchasereven saudis ultimately pay bill addition morocco strengthens frances foothold north africa acts channel french dealings moderate african countries saudi grants morocco amounted 3 billion period 198085 additional 700 million loans saudis delivered morocco without charge two million metric tons oil 1985 worth 375 million equal half rabats annual consumption time saudi arabia provided oil morocco free charge since extended discounts half world price assistance helped significantly ease moroccos foreign exchange problems according us embassy rabat hassan exploits enclave issue ceuta melilla wants divert attention domestic economic problems press spain support morocco ec european community increase moroccos leverage spain king therefore seems hurry resolve enclave issue immediate goals achievemost notably resolution western sahara war hassans father mohamed v said every king morocco shall liberator mohamed v liberated morocco hassan claims liberated western sahara censored enclave issue may left crown prince sidi mohamed king aware moreover enclaves important economy northern morocco according us embassy rabat northern moroccans display affinity spain northern merchants businessmen worry region could lose economically enclaves incorporated morocco spaniards worry moroccan takeover enclaves contain threat according us embassy madrid strongly support king hassan force stability morocco tried fashion strong web economic cultural military ties rabat algerians maintain tough public stance censored text convinced war cannot censored text important factor changing attitude rising cost supporting estimate 20000 40000 polisario refugees living southwestern algeria countrys economic problems worsening falling oil prices us interests morocco stem strategic location morocco affords us naval craftsincluding nuclearpowered warshipsaccess ports atlantic ocean mediterranean sea morocco become important training site second west germany hosting us military exercises crisis morocco would convenient transit stop us forces way either persian gulf subsaharan africa king hassan probably hopes improved relation united states strengthen hand dealing neighborsparticularly contends algerias recent diplomatic activism pursues military efforts western sahara war us embassy reports hassan believes military cooperation united states deterrence value may hope united states guarantee moroccos security algeria despite us provision 36 million military assistance 70 million economic aid morocco 1987 hassan claims united states undervalues moroccos strategic importance potential contribution western security believe hassan wary called puppet united states alert potential nationalist islamic fundamentalist criticism giving much united states low price would want accused reversing decision phase us airbases 1963 us naval communication facility kenitra 1978 greatest domestic challenge economy believe would willing risk adverse domestic reactions could obtain substantial compensation us nato use morocco military exercises hassan would probably prefer multinational shared nato use moroccan facilities diminish us visibility identification united states hassans principle priority perpetuation moroccan monarchy monarchy traces back brief interruptions ninth century hassans alouite dynasty goes back 17th century flair dramatic frequently focuses foreign policy issues mobilize domestic support drastic public attention internal concerns example 1975 made western sahara rallying cry part deflect attention countrys internal problems fundamental characteristic hassans foreign policy dealings disdain routine behavior reflection authoritarian tendencies censored text hassan nonetheless managed remain relatively untouched moroccos economic difficulties maintaining broad popular support countys undisputed religious political leader manipulates competing interests divideandconquer tactics successfully coopted opposition groups none moroccos political parties labor unions fringe opposition elements appears capable mounting serious challenge government policies groups part political establishment pay palace little standing public highlights encourage read left lot things mentioned shortening post find guys think,positive,126,1632651329.0,1
Algeria,Algeria economic policy,might express serious undertaking topic discussion considerable level depth requires cannot done effectively reddit post correct however shall attempt summarize main idea hopefully without losing essence misunderstood anticipating reception well insightful remarks would made members community revolutionaries nationmay god mercy soulsafter successfully winning war liberation faced task less difficult rebuilding algerine state scarcely anyone would claim easy undertaking formulated conception nation type society wish see new republic expressed congress tripoli 1962 national charter 1976 likes economic domain revolutionaires opted socialist model indeed lédification de la société socialiste came national charter 1976 one principle goals revolutionary era put global well local context time one understand choice socialist ideology strong enough 1940s 1950s 1960s strong indeed socialists time strong party france italy even britain one capitalist nations ii absence substantial local capitalistbourgeoisclass midst population extremely illiterate vastly impoverished iii experiences french colonialcapitalisteconomy exploitation extremely cheap labor algerians reinforced notion capitalism system pure exploitation workers iv algeria war torn country lacked material cultural prerequisite liberal market economy v inspiration revolutionaries drew russia transformed backward european empire industrial behemoth world superpower bolshevik revolution matter decades planned economy though came massive human cost made sense state wield power diddoes organize nation society reasons sake summary wouldnt mentioned revolutionary generation made choices regard thought right path came charter congress tripoli 1962 dans les pays nouvellement indépendants le recours aux méthodes du libéralisme classique ne peut permettre une transformation réelle de la société dans notre état actuel la planification rencontrera de sérieux obstacles parmi lesquels le manque de capital labsence de cadres qualifiés et le retard culturel mais entre la stagnation dans un cadre libéral et le progrès par la planification de léconomie notre parti choisit la planification socialist planned economy nationalization natural resources well means production stateowned enterprises dominating sectors economy execution economic plans elaborated central planning committee stifling individual initiative goes plan congress mentions dans les autres domaines et de léconomie linitiative privée peut être encouragée et orientée dans le cadre du plan général dindustrialisation aucun prix detat ne doit contribuer à créer comme cela sest fait dans certains pays une base industrielle au profit de la bourgeoisie locale dont il se doit de limiter le développement par des mesures appropriées special focus heavy industry strategy soviet russia supervised oneparty state overwhelmingly popular 1960s 1970s worked 1960s 1970s till mid1980s saw rapid industrialization growing modernized agricultural production decent living standards compared region performing stateowned enterprises expanded free education cultural revivaletc didnt behind apparent success lies ugly reality manifested quite strongly following economic crash late1980s socialist planned economy executing detailed plan arbitrarily established central planning committee cannot achieved sustained without overarching bureaucratic apparatus ii omnipotent government iii suppressing regular market functions price signals makes management even arbitrary iv bureaucratic management stateowned enterprises leads inefficient wasteful uninventive due lack incentive case running loss necessitates always depending public treasury support enterprises former draws revenues hydrocarbon exports hydrocarbon prices fell 1980s whole economy came crashing v suppressing dissent even dissent came good faith criticizes socialist plan socialism lofty moral ends means achieve ends stifling bureaucratism unrestricted state power problem socialism much bureaucratism tyranny evil bourgeois replaced tyranny benevolent bureaucrat worker still place regimented conditions ludwig von mises economist austrian school couldnt right describing aspect bureaucracy anyone living algeria would recognize society bureaucratic machine socialism way toward promotion achievement favor superiors stated hitherto leads point neglect algerine individual largely suppressing ability average citizens act freely economy subjugated individual bureaucratic state tyranny social consequences much revolutionaries focused transforming agriculture industry neglected transforming algerine colonial subject proper citizen fitting republic pretend want democracy democratic cultivated civic culture necessary democratic republic algerine gets educated math science medicine engineering scarcely tell countrys history tribal cultural influences past centuries represent antithesis individual citizen still persistent pretend people rule yet people cannot keep street clean fatal blunder revolutionaries ideologically dogmatically drivenin context wider arab nationalism reaction former colonial practicesin matters culture instead articulating overarching postindependence algerine identity everyone place country fully identify summarized algerian arab muslim excluded large amounts amazigh groups tuareg chaoui kabyle mzab total break history considering medieval kingdoms eyalat algiers 8th century 16th century amazigh dynasties mention preislamic ones caused us unnecessary internal conflict republic prosper neglects individual citizen responsible educated cultured nationalist citizen enjoying economic freedom aware historic duty nation ought utmost importance sounds like dream utopian midst current conditions nation society unfortunately combination neglect cultivating responsible individual citizen driven better economic situation effort enjoying civic nationalist culture dire economic situation late 1980s due flawed economic model made people disillusioned oneparty state policy choices demanded alternative alternative replacing socialist tyranny fln theocratic tyranny fis von mises also right state fading critical sense serious menace preservation civilization makes easy quacks fool people indeed happened theocratic quacks took advantage peoples economic conditions vulnerability faulty religious arguments economic turmoil makes people adhere extreme views peoples germany italy russia iraq iran syria would attest fact,positive,12,1691168895.0,1
Algeria,Algeria economic policy,year 1913 order governor general french historian edmond doutté published book enquête sur la dispersion de la langue berbère en algérie book talks state amazigh language algeria french colonial period causes decline number speakers based observations main causes decline amazigh language algeria primarily due economic reasons many amazigh speakers would relocate arabic speaking regions pursuit jobs day commercial interactions trade neighboring arabic speakers marketplace believes similar conditions arabization process probably occurred morocco well douttés depth analysis possible causes extreme rarity mixed marriages arabic tamazight speakers pointed us almost everywhere morsott aurès souk ahras biban oued cherf oudjda regions two groups appear correspondents hostile especially kabylia religious causes generally dismissed guergour biban belezma souk ahras berber speakers regions know verses koran arabic prayers eulogies word conversation correspondents also think decline amazigh language attributed less suitable arabic expression new ideas soukahras biban administrativebureaux arabes reasons sometimes presented causes certain places district constantine soukahras colonial officers administrating amazigh speaking regions would interact inhabitants using arabic even though many unable speak form arabic knew tamazight policy lead gradual arabization communes encouraged people learn arabic adopt daily lives economic causes universally affirmed colonial officers conclusive evidence support theory chélif biban many amazigh speakers would move arabic speaking regions deal neighboring arabic speakers order make ends meet thus learning arabic became vital imazighen helped bring food table sources enquête sur la dispersion de la langue berbère en algérie 1913 edition open library enquête sur la dispersion de la langue berbère en algérie edmond doutté émile félix gautier google books,positive,21,1659629658.0,1
Algeria,Algeria economic policy,geopolitical landscape atlantikós world undergone significant transformation period spanning 2028 2039 marked radical shifts political alliances emergence new nations significant conflict backdrop changes deeply rooted series ambitious controversial treaties armed conflicts sociopolitical upheavals redefined regional dynamics across europe arab world catalyst many changes nantes convention 2028 agreement signed several european nations including members eu alongside switzerland austria spain netherlands norway russia moroccos controversial involvement convention aimed systematic reduction arab populations europe policy spurred significant migration reshaping demographics labor markets europe arab nations wake migrations newly established maghrebi republic emerged political upheaval morocco implementing reforms bolstered economy increased regional influence conversely birth altavan republic 2034 algerias altava region represented another significant geopolitical development creation largely fueled ethnic cultural tensions supported clear majority via referendum altavas strategic alliances european nations adoption language identity underscore rapid establishment geopolitical entity meanwhile considerable shift occurred england 2031 onwards england faced series aggressive nato bombardments military incursions leading widespread devastation societal upheaval conflict primarily fueled englands advanced naval capabilities strategic military responses including innovations operation flådegrúve mining north sea shown resilience tactical superiority england face broader nato weaknesses escalating conflict demonstrated englands military advancements also reshaped international relations england garnered substantial support nontraditional allies like maghrebi republic egypt uae aligning united arabic economic military program alliance provided england critical military economic support also signified broader realignment global power structures significant implications nato european stability cultural political shifts also mirrored events like eurovision geopolitical tensions influenced participation hosting rights reflecting broader cultural political isolation acceptance exclusion nations like israel england netherlands australia 2039 highlighted intertwining cultural events international politics marking period cultural diplomacy took poignant role international relations 2039 atlantikós world characterized complex tapestry new alliances emerging powers ongoing conflicts developments point profoundly altered global order traditional powers challenged new entities arise culturalpolitical landscapes irrevocably transformed future world remains uncertain potential reconciliation conflict horizon,positive,1,1714336592.0,1
Algeria,Algeria economic policy,administration vice president jerry simpson secretary state ignatius donnelly secretary treasury terence v powderly 18891890 john peter altgeld 18901891 appointed supreme court james g maguire 18911893 secretary war john lancaster spalding attorney general john peter altgeld 18891890 william l strong 18901893 secretary navy tom l johnson secretary interior edward mcglynn postmaster general warren w bailey secretary agriculture mary elizabeth lease secretary labor samuel gompers george shocked many upset victory least thus arose first scandal term raise hell letter wife soontobe first lady annie george admitted want responsibility work office president united states want raise hell leaked knoxville journal formerly known tennessee federalist editor william rule castigated george unprepared president mockery nation secretary state george selected controversial aging former house speaker hollowearth advocate ignatius donnelly minnesota nomination barely approved senate 39 year old general trades union president terence v powderly selected treasury post 41 year old illinois georgist john peter altgeld handed justice department tom l johnson ohio singletax leader mid30s given post secretary navy similarly young warren w bailey made postmaster general nebraska georgist activist mary e lease selected secretary agriculture father edward mcglynn chosen dark horse secretary interior subsequently excommunicated catholic church 38 year old general trades union official samuel gompers selected secretary labor though britishborn gompers quickly received criticism kentucky catholic bishop john lancaster spalding selected serve secretary war mcglynn excommunicated church sole turnover georges cabinet arose powderly resigned protest georges free trade policies replaced promoted altgeld georges inaugural widely heralded lines pleasing primary error advocates land nationalization confusion equal rights joint rights consequent failure realize nature meaning economic rent truth right use land joint common right equal right joint common right rent economic sense term therefore necessary state take land necessary take rent george dynamic man speaker grand proportions voice carried tide inspiration across seas crowd yet presidency labors stressed thus 1890 tragedy struck tom watson would later remark president took podium special address economic debate sweat upon brow usual yet proceeded one would expect attempt convince congress masses elected support economic plan finally reached crucial line tariffs free trade consists simply letting people buy sell want buy sell protection requires force consists preventing people want protective tariffs much applications force blockading squadrons object sameto prevent trade paused emphasis closed eyes standing erect moment silence collapsing floor rushed bed would rest number weeks recovering quickly ascertained stroke deist nonetheless quickly gave requests devoutly catholic first lady two prieststurnedcabinet members pray bedside george would die would never truly live voice impassioned yet weaker eyes carrying unmistakeable hint shadow capability manage nation quickly declined vice president simpson cabinet would play much large roles throughout rest term foreign policy first major legislation signed george chinese exclusion act 1889 prohibiting entry immigrants china twenty years prohibiting chinese immigrants currently nation returning ever left george continued decrease military budget additional 20 decrease atop 30 decrease throughout trumbulls term urging ignatius donnelly george permitted secretary state open negotiations nations begin international investigation whether earth hollow ensuing committee formally titled joint commission soundness earth featured representatives 19 nations across world began organization second voyage arctic longtime proponent irish home rule george bypassed secretary state donnelly interested attempting prove irish descendants atlantis personally denounce british control island causing international incident effectively alienating united states uk george proceeded appoint irishamerican georgist journalist patrick ford ambassador uk 1891 ford played crucial role strengthening georges campaign new england spreading word support irish home rule irish immigrants proved key voting bloc britain refused accept ford yet george would back thus refused recognize british ambassador us left late summer 1891 response thus great britain united states de facto cut diplomatic ties opposition liberal party leader william ewart gladstone harshly criticized tory prime minister cecil gascoyne diplomatic failure even algeria left pact amidst internal discord george negotiated treaty guaranteeing formal american support antiimperial pact madagascar egypt ethiopia george refused use military hawaii japan established naval base oahu well received queen liliuokalani new york politician theodore roosevelt gained notoriety leadership movement annex hawaii leading georgist soap manufacturer jewish advocate joseph fels visited president throughout term able secure declaration president george 1891 support jewish state ottoman territory palestine domestic policy campaign cuba continued throughout 1889 altercations american troops commanded nelson miles including war hero named leonard wood distinguished sole survivor one ambushed american platoon maximo gomezs rebels decade conflict gomez agreed negotiations winter 1889 knowing one rebels leading figures jose martí follower george bartolomé masó formally president republic cuba though gomez acknowledged holding true power supreme commander led cuban delegation along young alfredo zayas cuban governor tomás estrada palma young ohioan names william howard taft led american delegation masó stood aside president george governor palma weeks prior georges stroke declare peace island declaring fight cuban independence continued spirit peace satisfied trumbull georges liberal guarantees rights former independence activists formally surrendered declared republic cuba united states surrender formally refused ensure illegality secession maintained nonetheless gomezs surrender forces accepted troops permitted leave freely peacefully begin life anew george rejected idea government ownership railroads large businesses stating inaugural address prevent government becoming corrupt tyrannous organization methods simple possible functions restricted necessary common welfare parts kept close people directly within control may outgoing president lyman trumbull sitting beside george claimed shaken head words trumbulls protege william jennings bryan publicly denouncing georges inaugural several days later george made primary goal passage land value tax secondly abolition least lowering tariffs distant third came abolition monetary currency protectionists antigeorgists made first move goff tariff senator nathan goff frva raising rates 39 average lowering income tax series meetings president culminating resignation terence v powderly secretary treasury protest georges antitariff views representative henry churchill de mille flnc introduced de mille revenue act implementing federal land value natural resource tax 100 abolishing taxes well adding 250 month citizens dividend american adults expectedly de mille bill failed significant margin goff bill never put formal vote nonetheless clearly presented goals respective sides nations economic debate negotiations white house congress fell apart following georges stroke remained limbo midterms 1890 resulting federal republican landslide prevented major economic bills passing federal republican congress passing goff tariff similar bills die hands president georges veto pen chase act 1890 introduced would remove monetary basis american currency establish fiat currency bill failed senate despite passing house western silver supporting senators pushed free coinage act opposing george able secure passage trolley act 1891 providing federal funding cities build free metropolitan rail transportation well blair act 1891 providing federal funding free public libraries urban rural areas george called constitutional amendment abolish united states senate establish legislature unicameral grounds senate undemocratic rejected large margin senate first campaign finance restriction bill history introduced 1889 watson act despite initially failing passed 1890 large journalistic campaign led poet emma lazarus writer mark twain journalist thomas e watson bill limits donations political entities candidates 1000 george instigated vast overhaul remaining patronage system removing practically remaining patronage jobs requiring exams 90 federal jobs vigorous antitrust policy president trumbull continued several dozen businesses broken though without additional efforts trumbulls place government ownership george made speech denouncing efforts politicians south carolinas ben tillman suppress black voters appeared antilynching activist ida b wells denounce lynching response tillman referring george false farmerlaborite despite george opposed passage civil rights act congressional federal republicans joining number laborites put forth civil rights act 1890 nicknamed reedfeatherstone bill sponsoring senator thomas b reed frme lewis p featherstone flar failed senate following 1890 federal republican landslide reedfeatherstone bill resubmitted would pass houses congress spring 1891 george thus forced personally veto bill though explicitly stated veto message physical differences races hardly greater black white horses true physical structure must reflected even mental constitution support george farmerlabor party leaders began work 1890 new system selecting candidates primary election directing asking party members vote candidates idea pioneered sam houston yet long abandoned thus 1892s farmerlabor nomination shall first decided popular vote nonetheless conventions shall proceed delegates selected people george took strong stance opposition coke act would forcefully remove traditional tribal land structure native tribes allot land individuals leading congressional opponent henry teller claims would lead vast acres native land lost seeing act contrary philosophy george vetoed 1890 veto congress failed overturn george refused sign government funding bill appropriating funds enforcement prohibition federal level temporarily freezing government several months 1890 prior congressional acceptance georges opposition prohibition due exigency funding government effectively rendered prohibition amendment void areas local government enforce law george called prohibitions upon child labor none seriously considered congress former president lyman trumbull proteges william jennings bryan clarence darrow founded law firm trumbull bryan darrow specializing defending suing large businesses representing labor unions president george travelled home city new york inaugurate opening ellis island inventions georges term included candy corn mousetrap volleyball cotton candy supreme court appointments 29 years court justice joseph e mcdonald died 1891 44 year old former attorney general john peter altgeld illinois appointed replacement george heralding greatest judge nation events august 4th 1892 32 year old lizzie borden found guilty murder parents 1889 coup attempt brazil led marshal deodoro da fonseca longreigning constitutional monarchy emperor pedro ii motivated resentment pedros role abolition slavery skepticism towards female heir failed due intervention monarchists military da fonseca pedro died 1891 succeeded daughter controversially crowned queen isabel emir khalid ibm hashim young assume power regent omar ben zamoum able remove remaining secular elements emirate algeria alienating allies ethiopia madagascar egypt coming oppose zamoum antiimperial pact voted expel algeria 1890 march 1891 revolt nation began lieu algerian support african nations quickly supported italy italian troops entered disorganized emirate september nation fell october 1892 young hashim officially signing treaty reducing algeria italian protectorate ultranationalist yet economically left wing general georges revanche boulanger ran georges clemenceau french presidency election 1890 boulanger calling new war germany clemenceau opposed instigating conflict boulanger lost narrow margin 512 488 promised challenge clemenceau 1895 motley coalition democratic liberals expansionist ultranationalists able remain afloat leadership itagaki taisuke democratic reforms continuing even japanese troops occupied manchuria former prime minister ito hirobumi permitted russian empire maintain de facto control black dragon society establishing puppet government called manchukuo russia responded sending troops manchuria declaring russian deployment invasion manchukuo japanese army acting officially protectors manchukuo along small squadron manchu troops loyal japan ensuing russojapanese war persisted 1890 late 1891 quickly became largely naval conflict japan winning several crucial naval battles north advancing sakhalin capturing southernmost kuril islands using argument ensuring safe passage japanese ships indian ocean move north japanese troops invaded viet nam late 1890 emperor ham nghi leading resistance japanese war effort north south threatening cause japanese loss two front war tide turned japanese victory naval battle kuril islands russian admiral yevgeny alekseyev labelling japanese fleet greatest world beginning negotiations japan russia permitting japanese forces complete capture vietnam meanwhile france sold large portions asian fleet japan return rights ports vietnam hoang cao khai made emperor newly established japanese puppet state french permitted power appoint advisor puppet emperor seeing japan beginning advance southeast asia chulalangkorn siam began consolidating siamese control laos cambodia receiving support germany despite doubts efficacy decision progressive party select republican emilio castelar prime minister spain successfully managed resurrect spanish economy wake former empires defeat spanishjapanese war nonetheless anticastelar progressives broken away party form coalition conservatives praxedes mateo sagasta deserting former party join dynastic leftconservative coalition transformative 20 year reign coming close amadeo spain died 1890 succeeded 21 year old son emmanuelle filiberto crowned emmanuel conservative john macdonald defeated edward blake reelection 1890 become second prime minister canada king ludwig ii bavaria died natural causes 1891 succeeded otto deposed 6 months relative mental health concerns crowned ludwig iii elections 1888 midterms 1890 complete link compendium map view poll,positive,43,1632079835.0,1
Algeria,Algeria economic policy,please find comments 15 new vacancies opened since saturday 06 apr data come un talent every open consultant position un bangkok thailand individual consultant author transversal competencies expert unesco united nations educational scientific cultural organization expires 14 days consultancy careersunescoorg hamburg germany call consultants develop adult education digital competency capacity building programme unesco united nations educational scientific cultural organization expires 21 days consultancy careersunescoorg programme amp policy bangkok thailand foresight consultant youngs people programme unicef thailand country office bangkok job unicef united nations childrens fund expires 19 days consultancy uniceforg programme amp policy monitoring amp evaluation tbilisi georgia international consultancy service conduct situation analysis sitan children adolescents georgia tbilisi unicef united nations childrens fund expires 14 days consultancy uniceforg teaching amp training programme amp policy dar es salaam tanzania national consultant develop strategy publicprivate partnerships education sector tanzania unicef united nations childrens fund expires 14 days consultancy uniceforg teaching amp training programme amp policy algiers algeria tindouf algeria consultant national pour lévaluation à miparcours de la stratégie quinquennale déducation dans les camps de réfugiés unicef united nations childrens fund expires 7 days consultancy uniceforg programme amp policy cairo egypt consultancy ask health platform project manager unicef united nations childrens fund expires 10 days consultancy uniceforg finance amp economy admin new york united states america finance natural resources expert un dppa department political affairs peacebuilding expires 24 days consultancy careersunorg environment finance amp economy nairobi kenya environmental law expert unep united nations environment programme expires 15 days consultancy careersunorg cairo egypt operations support amp event management national consultant unfpa united nations population fund expires 13 days consultancy unfpaorg medical amp health programme amp policy amp telecom naypyidaw myanmar burma national consultant upgrade health amp nutrition training package digital learning platform health unicef united nations childrens fund expires 8 days consultancy uniceforg environment finance amp economy paris france independent project review consultant unep united nations environment programme expires 5 days consultancy careersunorg human resources portauprince haiti pricing agent consultant un icsc placetoplace survey portauprince haiti unicef united nations childrens fund expires 6 days consultancy uniceforg environment finance amp economy santiago chile national economic recovery stimulus plans contributions climate goals paris agreement eclac economic commission latin america caribbean expires 1 day consultancy careersunorg environment finance amp economy paris france adaptation consultant unep united nations environment programme expires 1 day consultancy careersunorg next post 2 days,positive,1,1712599287.0,1
Algeria,Algeria economic policy,welcome ralgeriabusinesshub discover gateway algerias commerce whether youre established business professional entrepreneur foreign investor academic eyeing opportunities within algeria community ralgeriabusinesshub vibrant space designed foster discussions share insights connect individuals passionate algerian business landscape offer expert discussions engage business leaders local experts seasoned investors discussions algerian market dynamics investment opportunities regulatory environment networking opportunities connect likeminded professionals potential business partners mentors within algerian business ecosystem resource sharing access curated collection resources including market analyses investment guides case studies regulatory updates navigate algerian business environment effectively investor insights foreigners looking invest algeria find firsthand accounts legal advice partnership opportunities make informed investment decisions join local algerian entrepreneurs seeking growth opportunities partnerships international investors considering algeria next investment destination business professionals wishing expand network within algeria academics researchers interested economic social technological development algeria looking share insights find collaborative research opportunities engineers technical experts exploring innovative projects technological advancements sustainable solutions within algerian market experts various fields considering partnerships wanting offer expertise contribute growth diversification algerian economy anyone curious business climate opportunities algeria joining ralgeriabusinesshub first step towards becoming part community thats forefront shaping future business algeria whether youre looking invest find partners simply learn algerian market place together lets drive success foster partnerships contribute flourishing algerian economy user flairs 1 entrepreneur running looking start business algeria 2 investor individuals interested investing algerian companies projects 3 business professional members expertise business operations management administration 4 academicresearcher involved scholarly research academic studies related algerian economic business technological fields 5 engineertechnologist professionals engineering tech innovation sectors 6 legalregulatory expert members offer insights algerian business laws regulations compliance 7 financial advisor experts finance banking investment strategies 8 market analyst specialize market research trends analysis 9 startup enthusiast members passionate startups new business ventures algeria 10 international partner foreign members looking business partnerships opportunities algeria ralgeriabusinesshub posting guidelines 1 ensure relevance posts directly related business investment economic activities within algeria involving algerian entities content provide value community members interested topics 2 use descriptive titles titles accurately reflect content post avoid vague titles instead specific informative help members understand post clicking 3 flair posts posting please select appropriate flair post helps organizing subreddit makes easier members find relevant content refer list available flairs 4 spam selfpromotion encourage sharing resources services benefit community blatant selfpromotion spam removed youre unsure whether post might considered spam contact mods first 5 search posting keep discussions fresh avoid repetition please search subreddit see topic already covered duplicate posts may removed keep content diverse 6 respect privacy confidentiality share personal information confidential business details anything could compromise privacy security always practice discretion respect everyones privacy 7 quality quantity aim posts stimulate discussion offer insights share valuable information loweffort posts memes oneliner questions might better suited weekly discussion threads available 8 illegal activities discussions promoting involving illegal activities including limited fraud piracy sanctions evasion strictly prohibited result ban 9 cite sources youre sharing news reports information external sources provide link citation helps verify information allows members explore topic 10 engage constructively encourage healthy discussions provide constructive feedback share knowledge experiences disagreements lead growth always approach respect understanding 11 follow reddits content policy posts comments must comply reddits sitewide rules 12 report violations help us maintain quality subreddit reporting posts violate guidelines subreddit rules moderation team reserves right remove posts comments adhere guidelines overall spirit subreddit guidelines subject change community evolves post flairs 1 opportunity alert posts sharing specific business investment opportunities algeria 2 question inquiries members seek advice information community 3 discussion general discussions topics related algerian business 4 news update sharing latest news impacting algerian business landscape 5 resource informative posts offering guides tools studies resources beneficial business algeria 6 event announcement posting upcoming business events webinars meetups interest community 7 experience share members share personal stories case studies lessons learned algerian business environment 8 legalregulatory updates questions algerian business laws regulations compliance issues 9 technology innovation news discussions questions tech advancements innovative projects algeria 10 partnership seeking posts members actively looking business partners collaborations networking opportunities implementing flairs help streamline navigation make easier members find content matches interests expertise thereby enhancing overall community experience please read subreddit rules posting strive maintain respectful professional environment members,positive,0,1712224015.0,1
Algeria,Algeria economic policy,give background well known nelson mandela captured south african secret police apartheid era 1962 put trial eventually imprisoned isnt well known took place kennedy administration set background even relationship us government apartheid south africa one cold war allies anti communist alliance initially started truman administration truman trying build international coalition fight korean war apartheid regime agreed condition receive technical military assistance relationship expanded eisenhower administration politicalanti communism reasons well economic reasons due south africas vast mining industry result eisenhower administration would often protect apartheid regime un exercising americas veto jfk came white house sought change uss approach developing world particularly africa making sympathetic anti colonial struggles supported algerian war independence also congolese independence issue apartheid south africa lifted uss veto un supported arms embargo regime also planning economic embargo regime assassination also first president meet anc leader chief albert luthuli however paradoxically kennedy first president support anti apartheid movement also cia 1962 helped south african police capture nelson mandela donald rickard vice consul us cia spy tipped anc informants background 1960 jfk elected sharpeville massacre happened result nelson mandela followers became frustrated nonviolent civil disobedience met repression started turn armed struggle first mandela sent people walter sisulu oliver tambo ask assistance america eisenhower administration declined asked assistance cuban government fidel castro gave instantly later 1961 mandela anc would form spear nation armed wing fight apartheid government happened che guevara months bay pigs publishes classic guerilla warfare mandela anc would adopt military doctrines che outlines 1962 members spear nation meet che training camps algeria plus eventual assistance received soviet union would alert ciadonald rickard would describe mandela dangerous communist another background divisions us government kennedy becoming president us policy africa instance came congo jfk supported patrice lumumba worried agency days kennedys inauguration pushed eisenhower sanction coup congo would report one month kennedy sworn came south africa white house state department embraced anti apartheid stance military cia well parts congress maintained cold war stance security ties south african regime given background likely would jfk known sanctioned cias role nelson mandelas capture,negative,10,1676043665.0,-1
Algeria,Algeria economic policy,tldr someone explain camus approach algeria question defensible recently read algerian chronicles collection camus writings algeria 1935 1958 whilst im usually big fan camus found stance algeria weak even passive example b illegitimate arab demands desire regain life dignity freedom total loss confidence political solution backed france romanticism young politically unsophisticated insurgents led certain algerian fighters leaders demand national independence matter favourable one arab demands must recognized demand national independence algeria purely emotional response situation never algerian nation jews turks greeks italians berbers claim lead virtual nation moment arabs constituent nation particular french population large enough c 19 settled long enough c 150 years create problem historical precedent french algeria indigenous population full sense word furthermore purely arab algeria would able achieve economic independence without political independence real french efforts algeria however inadequate sufficient power prepared assume responsibility country present time seems simply endorse status quo shiny ribbons make prettier many arguments seemed identical trotted today regarding catalonia scotland particular dismissal independence purely emotional desire almost churlish worse come discusses briefly ussr francoist spain egypt leader panarab movement point interests promoting algerian independence movements chance progress issue algeria past therefore speak clearly main points 1 reparations must made eight million arabs hitherto lived particular form repression 2 1200000 french natives algeria right live homeland cannot left discretion fanatical rebel leaders 3 freedom west depends certain strategic interests french government must make clear 1 disposed treat arab people algeria justly free colonial system 2 sacrifice rights french algeria 3 cannot agree form justice arabs would simply prelude death france historical actor encirclement west would lead kadarization europe isolation america surprisingly unprincipled version argument dressed america cold war contemporary conflicts nations selfdetermination considered secondary geopolitical desires homeland cant free would inconvenience us incredible proposition coming someone worked french resistance let alone someone whose philosophical works placed much emphasis selfdetermination accept desire endorse appear endorse terrorist activities accept also critical french governmental response accept large minority naturalized french adds nuance situation independence debates reducing issue freedom slavery mass simplification camus completely rejected independence even conceivable option moreover rejected selfinterested grounds dismissive selfish stance fit compassionate nuanced even heroic man emerges camus works,positive,27,1653632883.0,1
Algeria,Algeria economic policy,libya gaddafi world war ii libya ceded france united kingdom countries linked administratively colonies algeria tunisia however uk favored emergence monarchy controlled saudi arabia endorsed un senussi dynasty ruled country since independence 1951 monarchy king idris kept libya total obscurantism promoting british economic military interests oil reserves discovered 1959 exploitation wealth translate benefits people according political analyst thierry meyssan monarchy nation mired backwardness education health housing social security among others low literacy rates shocking according meyssan 250000 inhabitants four million could read write 1969 senussi dynasty overthrown group officers led colonel muammar algaddafi proclaimed true independence removed dominant foreign forces country one gaddafis immediate policies share benefits wealth libyans x200b libya gaddafi since gaddafi took power oil main resource hands leader newly proclaimed libyan arab republic triumph 1969 revolution marked paradigm shift moving new government use oil income boost redistributive measures among population generating new model economic social development country according analysts among measures economic sovereignty drove gaddafis policies nationalization various western oil companies british petroleum bp creation national oil corporation noc characterized configuration socialist model throughout gaddafis tenure ambitious social programs launched areas education health housing public works subsidies electricity basic foodstuffs policies led substantial improvement living conditions libyans one poorest countries africa 1969 continents leader human development index 2011 fact united nations development programme 2010 considered libya highdevelopment country middle east north africa translated status meant literacy rate 884 percent life expectancy 745 years gender equality among several positive indicators national level gaddafi able deal two central dilemmas characteristic libyan society one hand difficulty exercising control tribes fragmentation society diverse sometimes opposite tribal regional groups gaddafi ability hold together territories little connection estimated 140 tribes libyan territory different traditions origins international level panarabism highlighted confrontation opened united states due opposition gaddafi exerted influence country reaching closer ties arab countries carry common policies rejection washingtons policies middle east africa libyan leader worked strengthen ties neighboring countries egypt morocco syria tunisia chad among others well maintaining close relations countries like france russia gaddafi also connected latin american countries venezuela cuba led cultivate extensive network contacts uncomfortable influence europe us time killing libya highest gdp per capita life expectancy continent fewer people lived poverty line netherlands x200b libyan citizens benefits gaddafi 1 electricity bill libya electricity free citizens 2 interest loans banks libya stateowned loans given citizens 0 interest law 3 home considered human right libya gaddafi vowed parents would get house everyone libya home gaddafis father died wife mother still living tent 4 newlyweds libya received 60000 dinar us50000 government buy first apartment help start family 5 education medical treatments free libya gaddafi 25 libyans literate today figure 884 6 libyans want take farming career would receive farming land farming house equipment seeds livestock kickstart farms free 7 libyans could find education medical facilities need libya government would fund go abroad free would get us2300mth accommodation car allowance 8 libya libyan buys car government subsidized 50 price 9 price petrol libya 014 per liter 042 per gallon us 10 libya external debt reserves amount 150 billion frozen globally 11 libyan unable get employment graduation state would pay average salary profession employed employment found 12 portion libyan oil sales credited directly bank accounts libyan citizens 13 mother gave birth child receive us5000 14 40 loaves bread libya costs 015 15 25 libyans university degree 16 gaddafi carried worlds largest irrigation project known 27 billion great manmade river project make water readily available throughout desert country sounds good true huh thats allowed fucking people rape steal exploit resources belong us heads cant even imagine life fairness compassion taught mad dash get fuck neighbors eats shelter north american continent never realize anything close libya gaddafi continue accept threats violence us andor lively hoods food medicine around us indoctrination camps left school herbal medicinefood every backyard every side walk world programmed never interest nature world human farm human resources guess whose fucking crop x200b might another short murder gaddafi open air slave trade popped death thanks reading love guys get rid dirty fucks soon,positive,98,1634758374.0,1
Algeria,Algeria economic policy,x200b might better path usa allies find optimum place world rather endlessly fighting others order change join instead china made enormous strides last thirty years building economy russia vladimir putins watch done last quarter century alongside within brics group india also made great gains respect also entire african continent poised something similar general nations global south middle east latin america tending gravitate toward brics group ie link brazil russia china india joining group year egypt ethiopia iran saudi arabia united arab emirates purpose brics group brics group formed enhance ease trading members atmosphere noninterference equality mutual benefit thirty countries including algeria bolivia indonesia cuba democratic republic congo comoros gabon kazakhstan expressed interest joining forum brics group bank embedded within structure new development bank latest primary goal brics group nations increase use local currencies trading currently vast majority trades conducted dollars due stability reliability efficiency factors move away dollar seen necessary however use leaves countries open economic blackmail sanctions unilaterally applied usa unaccountable universal law nations seeking improve trading networks get threat always held usa therefore seeking increasing numbers join brics group political elites usa naturally enough see threat global dominance using variety methods including sanctions even use us military oppose possible weaken group inherently bound brics group concept multipolarity power shared nations rather till dominated one nation allies nation united states america fall soviet union china still relatively poor nation compared western powers usa found apex power worldwide become known unipolar moment time believed usa exercising newfound virtually unlimited power would transform world image advent 911 reaction usas political elite brought extremely powerful dynamic minimise power potential enemies deemed necessary eliminate completely thus began campaign continues day focusing target nations among russia china iran syria lebanon venezuela nicaragua north korea cuba brics nations prospective brics nations instead fighting along allies maintain dominance others first fragmenting world presumably knitting back together sole command perhaps better way proceed essentially needs happen achieve alternative wellbalanced multipolar world usa uk allies stand attempt halt process somehow developing greater insight lack harm long term destructiveness current policy beneficial effects happen currently living past former glories paranoid filter eyes thinking others behave done point begin treat enemies worst thing likely happen short term economic prospects suffer degree might think bad enough good enough reason keep pushing aggressive warlike stance rising powers russia china rest however much thinking going among western elites projection russians chinese aligned would like regard enemies really reason believe russians chinese want act global cops western powers done long quite clear present behaviour indicates different approach based upon high degree tolerance diverse systems governance absolute minimum anything approaching ideological stance concentration coming agreements create stability required increased trade usa uk eu dropped idea indispensable nations collectively duty force nations mirror world would certain point onward would see newlyformed multipolar world embracing new nonaggressive us uk eu gladly within trading network members fully signed maintaining tolerant ethos worldwide point onward valuable expertise ingenuity north american people could reach new heights within new far balanced stable peaceful world opposed instigating wars constantly fragment,positive,1,1705532009.0,1
Algeria,Algeria economic policy,administration vice president hendrick b wright secretary state nathaniel p banks 18731874 resigns support gold standard lyman trumbull 18741877 secretary treasury charles e cunningham secretary war myron h clark attorney general barzillai j chambers secretary navy alson streeter secretary interior samuel c pomeroy postmaster general emerson etheridge 18731874 resigns support gold standard david h waite 18731877 secretary agriculture leonidas l polk 18751877 secretary labor uriah stephens 18751877 second term john bidwell proved much less eventful farrago economic crash reform first yet crash new scar persisted weighing america alleviated throughout bidwells term nonetheless bidwell worked economic agenda laborite supporters social agenda prohibitionists bidwell retained cabinet yet would last deliberate orchestrated move opponents day final vote campbellchase act abolishing gold standard gold standard supporters nathaniel p banks emerson etheridge walked oval office quick succession without word left letter resignation presidents desk staring forward awaited similar letter goldbug secretary war myron h clark none came clark surprised decided remain bidwell went far ingratiate former vice president lyman trumbull banks successor secretary state surprising social popularity california frontiersman turned president continued crossing political divides term often compared galas scott era foreign policy construction nicaraguan canal finally ended hoped nicaraguan government refusing cooperate british americans forcing unilateral end construction parties refused recognize nicaraguan authority regions used canal unification zacatecas rio grande republic mexico finalized miguel barbachano president republic yucatan died office 1874 days uncertainly ruling council rose succeed swiftly began negotiations reenter mexico opposition nathaniel p banks permitting alienated president yet incoming secretary state trumbull president bidwell authorized unification negotiations 1875 finalized treaty veracruz early 1876 bringing yucatan mexican control yet maintaining american military presence american troops withdrew philippines 1874 ending 18 year joint control islands spain domestic policy bidwell maintained focus assuaging effects panic 1869 wide array economic reform yet many found panacea economy remaining weak first state union second term bidwell called second time passage proposals remove back worker burden capital remove mind worker muddling influence intoxication congress narrowly passed hazeltine civil service reform act vastly expanding amount government positions earned merit rather political appointment connection nation railroads persisted yet increased rate track expansion sparked several wars natives territory national debt continued balloon reaching highest level since civil war due payment slaveholders terms gradual abolition amendment bidwell immediately made primary goal passage 17th amendment constitution prohibiting sale alcohol intoxicants enforced fisk act named new york prohibitionist congressman clinton b fisk 17th amendment able win majorities congress several times course bidwells term became largely symbolic show support alcohol prohibition consistently narrowly fell short 23 congressional requirement may 27th 1875 waning months first session congress following 1874 midterms yet another vote 17th amendment held yet different echoes shouts could heard halls congress thousands organized national wet league gathered capital denounce assault upon human liberty laborite opponent amendment horace boies lia put free alcohol served event despite known nature thousands politically angry alcohol fueled marchers congress remained light protection bothered take much note event even turnout far higher expected 22 year old connecticut resident schuyler merritt moderate drinker man prone violence realized congresss chamber easily accessible drifting away main group merritt took action yet mentioned offhand inebriated friend mentioned another word began spread throughout crowd soon many began advancing capital steps within minutes guards present shoved aside drunken mob entered congress shocked representatives quickly dissipated though several remained famously representative former vice president cassius clay kentucky personally shot three would come known wet mob president bidwell rushed capital upon hearing news breaching followed contingent troops commanded colonels ulysses grant adelbert ames thomas l crittenden grant ames president bidwell personally joined lead troops congressional building making first time since 1790s president led american troops joining clay handful others forcefully expelled mob killing nearly two dozen mob 8 american soldiers stunned congress reconvened became clear colonel grant missing several minutes found stray bullet drunk rifleman chest first official act congress voted president signed commission promoting dying grant general said smile upon face looked eyes president bidwell received news final promotion eyes close final time congress urging speaker house john white quickly moved officially pass 17th amendment one formerly opposed senator saying seen today impact drink upon peopleand aim fight thus congress officially passed 17th amendment united states constitution federally prohibiting sale intoxicants dawn may 28th 1875 president bidwell signed hours later states quickly moved approve act remember grant upon lips hundreds dry activists across nation taking cause letters pamphlets demonstrations alcohol led organizations fast growing womens christian temperance union antisaloon league finally october 31st 1875 many immigrants cities celebrated curious new holiday halloween missouri became 32nd state union ratify 17th amendment finalizing federal prohibition terms amendment prohibition said sales begin january 1st 1877 year 1876 transition year nation suit new order general grant become popular prohibitionists across nation even featured foreign prohibition movements brutal victim drink despite status symbol prohibition many rumors grant heavy drinker bidwell administration aegis solicitor general david davis instituted first break ups american monopolies nicknamed trust busting famously 3 years litigation john rockefellers standard oil officially dissolved early 1875 campbellchase act abolishing gold standard weaver revenue act implementing income tax two primary bidwell proposals fail pass first term notably group laborites led former speaker house andrew johnson new york tribune editor horace greeley collaborated parties block abolition gold standard bidwell worked way around intraparty opposition leading laborite majority join small minority parties enough counterbalance dissenting laborites pass weaver revenue act august 1874 prompting resignation two cabinet members thus beginning 1875 first income tax american history implemented rate 5 upon top bracket 200000 annually 05 bottom bracket 20000 annually nonetheless campbellchase blocked coalition laborites two bidwells cabinet members resigning protest attempt abolish gold standard 54 decision supreme court upheld chase worker protection act establishing eighthourwork day yet would struck death justice salmon chase office secretary agriculture oversee newly created department agriculture created former senator leonidas l polk inaugural holder urging labor leaders department labor created secretary labor oversee general trades union member uriah smith stephens chosen inaugural holder bidwell continued reverse american policy natives conciliatory assimilationist policy followed houston following narrow ouster ignatius donnelly speakership house hollow earth investigation committee shut copies draft report reportedly seized burned despite consistent labor majority congress campbellchase act abolishing gold standard continuously failed pass due interventions small group laborites led former speaker house andrew johnson attempts speaker house john white block leading bill failing final time march 1876 famous 154150 house vote bidwell attempted push bimetallism compromise never came vote new york tribune editor horace greeley labelled dissenting laborites heroes nation men saved currency whereas maine senator solon chase famously refer derogatorily leaving senate half dozen credit every cent debt congress passed president bidwell signed comstock laws prohibited post office used mail obscene materials interpreted include pornography birth control related materials president bidwell gave 1875 address commemorating building brooklyn bridge described historic general trades union founded ely moore decades ago rescued decline rise labor party estimated include many 800000 members approximately 25 american workforce group radical laborites northern texas joined forces disparate handful organization advocating independent statehood dubbed variety named plains oklahoma seqouyah joining oklahoma knights templar passed resolution calling statehood peaceful means angering radicals determined achieve statehood means carlos de cespedes vocal supporter cuban independence movement senator cuba 18561863 feared escalated tension independence political comeback 1871 elected first openly proindependence governor cuba bidwell lifted restrictions upon freedom speech press cuba de cespedess position weakened declined seek full independence bidwells second term cuban independence decreased popularity liberalization island protests general william sherman issue independence reached peak 1875 henry c warmoth 33 new yorker moved cuba 1860s nominated unionist party run de cespedes independence party warmoth 514 vote 486 elder statesman cuba rebuking independence time supreme court appointments justice salmon p chase appointed 1859 died 1873 replaced 48 year old former california governor newton booth justice ira harris appointed 1852 died 1875 replaced 33 year old alabama lawyer william lowe controversial appointee many accused unqualified appointed solely remain court many years protect laborite interests lowe confirmed 47 votes favor 33 events abdur rahman khan emir afghanistan since 1869 centralized afghan government although rule become increasingly authoritarian claimed could save afghan state bringing national unity gained nickname iron abdur brutally repressing rebellion led distant relative spanish reformist monarchy king amadeo prime minister juan prim issued final decisive defeat carlist forces prim 62 yet young idealist rumored formulated plans step favor emilio castelar party remains power france opted presidential rather parliamentary system leon gambetta remained president continued push moderate liberalism stabilizing republic shock many former president victor hugo returned retirement lead new montagnard faction gambetta following elections 1876 leading splitting republicans surprising rise 38 year old orleanist pretender throne prince philippe de orleans son former monarch louisphilippe dubbed phillippe vii orleanists able defeat gambetta runoff quasimonarchic platform calling colonizing algeria due apathetic nature many hugo supporers philippe winning 523 vote 477 gambetta even republicans held national assembly philippe pledged allegiance democracy promised attempt execute coup last pretender throne former napoleon iii king yohannes iv ethiopia emir abdelkader algeria invited liberian president joseph j roberts join anticolonialism pact largely symbolic move meant put algeria ethiopia radar us three states rumored enlisted former secretary state robert dale owen cause owen possibly working arrange meeting american liberian algerian ethiopian envoys prior death 1876 sokoto caliphate rejected overtures abdelkader various rebellions russobritishjapanese intervention last vestiges taiping heavenly kingdom fallen turkestan mongolia tibet manchuria regions formed independent statestensions gradually increased cooperative intervening powers russia worked increase influence mongolia manchuria turkestan britain worked expand eastern mainland hong kong use indian colonies foot hold expand tibet japan forcefully opened korea quickly expanded influence tianjin beijing final refuge qing centralization canada british crown proved unpopular britain many wishing federalism debate raged canada inventions bidwells term include cash register tattoo machine electric chair electric fan electricity captivating many world wonders extent unknown technology emperor meiji japan dismissed parliament 1875 triggering new general election liberals supportive suffrage expansion opposed increase land tax led soejima taneomi meijis allies ran leadership okubo toshimichi handful seats minor factions discord ensued within parliament meiji shocked many granting mandate government 34 year old newly elected member parliament named ito hirobumi backing coalition government view poll,positive,34,1626915879.0,1
Algeria,Algeria economic policy,term subsaharan racist must rejected daniel mwambonu term subsaharan used decades describe region africa lies south sahara desert however validity increasingly questioned particularly many countries territories sahara referred saharan countries though sahara covers large parts algeriachad egyptlibya mali mauritania morocconiger western saharasudantunisia small part burkina faso nigeriasome countries territories sahara desert excluded saharan countries north african branded subsaharan according united nations development program 46 africas 54 countries classified subsaharan excluding countries algeria djibouti egypt libya morocco somalia sudan tunisia classification makes little geographical sense includes four countries territories sahara djibouti shares border eritrea excluded category however african union barely uses term subsaharan instead referring regional organizations like east african community economic community west african states building blocks highlights arbitrary nature term flaws application fact term subsaharan perpetuates harmful stereotypes reinforces colonialera ideas race geography term creates false dichotomy north south continent ignoring rich cultural historical connections different parts africa subsaharan africa enormous catchphrase almost useless says rosalind morris african studies professor columbia university nigeria state doesnt look anything like kenya state doesnt look anything like botswana term spread replacement raciallytinged phrases tropical africa black africa used around 1950s dividing line also troubling origins columbia university anthropologist brian larkin calls racist colonial theories thought northern africa culturally developed instead using term subsaharan must adopt accurate inclusive language describe diverse regions cultures africa includes using terms like west africa central africa southern africa describe different regions within continent well acknowledging unique cultural historical connections exist different parts africa doubt validity term subsaharan increasingly questioned due arbitrary nature inconsistencies application must reject term embrace accurate inclusive language describe rich diversity complexity african continent appropriate use term native african instead x200b geopolitical word started used lot 1955 else going time term spread replacement raciallytinged phrases tropical africa black africa used around 1950s says columbia university anthropologist brian larkin dividing line also troubling origins larkin calls racist colonial theories thought northern africa culturally developed divides africa according white ideas race making north africans white enough considered glories really white enough tatenda chinondidyachii mashanda politics international affairs scholar wake forest university wrote earlier year african exponent way saying black africa talking black africans without sounding overtly racist one us diaspora group found phrase disparaging contemptuous launched 2010 petition abolish itbut found scant success world bank others employing sort data region lacking reliable statistics journalists depended grouping try make sense demographic economic trends propagating even african governments even academics also fall line since aid organizations use assign funds says morris people often forced unhappy least sometimes awkward complicity systems naming order get funding morris said thats say grouping nations shared colonial history isnt analytically helpfultheir similar institutions languages close relations make good comparisons subsahara vast shed light traits strengthen often imagined divide northern arab countries rest africa larkin says maybe time nuance around subject debate reductive yale anthropology professor louisa lombard says academics used people speaking africa one country whats wrong accurate geographic markers like east west central southern africa even calling nigeria worlds seventh biggest country name x200b x200b politically term used racially separate continent race geographically doesnt make sense countries people lived sahel countries within sahara saying black africa lumping everyone sahara much diversity cultures etc simply absurd creates confusion lot americans know refer subsahara africa black africa ive even met africans despite entirely different regions africa lot people speak africa country way americans speak america exclusively talking usa discussing ancient egypt important note modern conceptions simply apply sahara wasnt always desert become desert people still able move around x200b sahara sahel regions answer question following world war ii many african countries began gain independence colonial rule need term could collectively describe newly independent states lay south sahara especially discussing shared postcolonial challenges cold war global powers interested classifying studying different regions based economic political systems alliances vulnerabilities subsaharan africa became term group together countries perceived shared characteristics distinct north african states academic policy research africa grew need categorize study vast diverse continent manageable terms dividing africa based saharas natural barrier made geographical extent cultural sense race scientist international organizations like world bank united nations started using term discuss development indicators economic policies health metrics specific region contrary belief sahara entirely impassable established transsaharan trade routes use centuries thousands years x200b sources thompsell angela africa called dark continent thoughtco aug 26 2021 thoughtcocomwhyafricacalledthedarkcontinent43310 x200b,negative,5,1692902521.0,-1
