country,query,clean_content,sentiment,score,timestamp,sentiment_value
Algeria,Algeria sustainable development,hi sustainable development engineer chance questions career job algeria,positive,0,1722431149.0,1
Algeria,Algeria sustainable development,الشعب فاسد و الدولة هي السبب corruption algeria merely administrative systemic extends moral fabric society far insidious corruption becomes normalized ingrained daily life ceases flawit transforms destructive mindset corrodes values undermines nations integrity every level algerian system deliberately steepened angle incline turning path change progress formidable challenge immense obstacle cannot overcome superficial efforts demands unwavering unity determination people including army must come together single cohesive force drive meaningful transformation however strength alone solution true progress requires vision deeply rooted algerias unique national identity radical action may necessary must remain grounded nations cultural historical essence borrowing external modelswhether stem western liberalism soviet collectivismoffers sustainable solution ideologies though different appearance share tendency impose frameworks often disregard specific needs character nation genuine development lies crafting algerian model merges authenticity innovation honoring past embracing future,positive,23,1731787689.0,1
Algeria,Algeria sustainable development,picture algeria leasing strategic portion desert around 10000 square kilometers roughly 5 times size london develop visionary megacity hightech hub could host groundbreaking science labs cuttingedge industries sustainable infrastructure powered solar energy advanced facilities innovationfriendly policies global collaboration would position algeria player science technology creating jobs boosting gdp driving sustainable development would build mega city would challenges im saying possible dreamer making conversation city like built ground attract pioneers new city development techniques ability improve living space harsher climats huge incentives might work,positive,0,1732901091.0,1
Algeria,Algeria sustainable development,algerian coast exposed different kinds pollutants different sources key contaminants heavy metals found fish water sediments example study found high levels cd cadmium pb lead hg mercury sardines swordfish mehouel bouayad hammoudi ayadi regad 2019 arsenic ni nickel cr chromium found sediments arsenic linked agricultural runoff zn zinc cu copper ag silver found moderate high levels specific locations like algiers bay hydrocarbons also serious pollutants petrochemical complexes responsible extreme contamination certain area skikda bay best example organic matters originate living organisms remains byproducts debris fecal matters also concern specialty poorly circulated harbor areas excess nutrients come agricultural urban runoff responsible oxygen depletion big cities affected areas contaminantsand primary source skikda severe hydrocarbon pollution impacting marine life algiers bay became hotspot metal contamination organic matter accumulation oran mostaganem bays untreated wastewater problem annaba coast exposure pesticides heavy metals need face problem pollutants sea waters solutions quite obvious implementation poses problem 1 improve plants limit industrial urban discharges 2 stricter control industrial activities 3 manage agrochemical use 4 enforce environmental laws check fish heavy metal levels develop coastal management plans 5 reduce emissions fossil fuel combustion source airborne pollutants overview state pollutants along coast thoughts experiences regarding issues share references 1 ahmed mostefa b bernard olivier r 2018 levels ecological risk assessment heavy metals surface sediments fishing grounds along algerian coast marine pollution bulletin 136 322333 2 aroua boulahdid radakovitch benhalima guendouzi fowler w ambrosi j p 2023 sediment pollution assessment anthropogenic geogenic trace element contributions along central algerian coast marine pollution bulletin 186 114398 3 benmecheta belkhir l 2018 oil pollution waters algeria oil pollution mediterranean sea part ii national case studies 247262 4 dauvin j c bakalem baffreau grimes 2017 benthic ecological status algerian harbours marine pollution bulletin 12512 378388 5 guemouda meghlaoui z daas daasmaamcha scaps p 2014 monitoring pollution east algerian coasts using biochemical markers polychaete annelid perinereis cultrifera annals biological research 52 3140 6 kies f kerkouf 2014 physicochemical characterization surface waters west coast algeria bay mostaganem cheliff estuary sustainability agri food environmental research 24 110 7 mehouel f bouayad l hammoudi h ayadi regad f 2019 evaluation heavy metals mercury lead cadmium contamination sardine sardina pilchardus swordfish xiphias gladius fished three algerian coasts veterinary world 121 7 8 taleb z benghali kaddour boutiba z 2007 monitoring biological effects pollution algerian west coast using mussels mytilus galloprovincialis oceanologia 494,positive,23,1735748455.0,1
Algeria,Algeria sustainable development,explored post 48 freshwater fish species present algeria 21 native 27 introduced introductions occurred three phases previous post first phase today focus second phase 19351961 period characterized introducing mainly two tilapia species south oreochromis macrochir longfin tilapia oreochromis mossambicus mozambique tilapia primarily aquaculture however second one considered established northern pike esox lucius also introduced sport fishing developing fisheries locations like oued fodda predatory fish known aggressive nature establish distribution limited rudd scardinius erythrophthalmus brought recreational fishing places like mazafran oued also never established selfsustaining populations largemouth bass micropterus salmoides popular sport fish introduced dams establish algerian waters fish introduced phase faced challenges adapting local ecosystems leading status established case oreochromis macrochir longfin tilapia rudd scardinius erythrophthalmus others well established except northern pike esox lucius distribution limited references kara h 2012 freshwater fish diversity algeria emphasis alien species european journal wildlife research 581 243253 zouakh e meddour 2017 first experimental induced breeding largemouth bass micropterus salmoides lacépède 1802 centrarchidae algeria j appl environ biol sci 71 110 iucngisdorg global invasive species database,positive,15,1735908950.0,1
Algeria,Algeria sustainable development,google maps gis related jobs postings aware gis related job map exist covers whole world whenever see list job postings linkedin kept thinking would nice see pinned map exist already pictured web map dashboard made using leaflet chartjs shows projects worked onsite remote filters dynamic infographic widgets thinking something similar gis job postings doesnt exist yet,positive,78,1720005835.0,1
Algeria,Algeria sustainable development,exhaustive testing vpn infrastructures protocols ive identified effective methods obtaining algerian ip address technical evaluation spans multiple providers nordvpn emerging superior solution understanding ip geolocation requirements diving technical specifications lets examine algerian ip addresses require specialized vpn infrastructure geoauthentication protocols block nonalgerian ips banking system firewalls detect foreign access attempts media streaming platforms implement sophisticated vpn detection public network vulnerabilities compromise data integrity top vpn solutions algerian ip addresses conducting comprehensive performance analysis 15 vpn services evidencebased recommendations 1 nordvpn superior technical architecture laboratory test results protocol performance 937 mbps average throughput server infrastructure double vpn capability algerian nodes encryption implementation aes256gcm perfect forward secrecy connection stability 9998 uptime 30day testing period technical advantages nordlynx protocol built wireguard framework cybersec suite dnslevel threat blocking multifactor authentication support dedicated ip options available server specifications 5400 servers globally 12 optimized servers algeria p2p enabled infrastructure obfuscated server technology pricing matrix 399month 2year subscription 2 expressvpn secondary recommendation performance metrics speed 87 mbps average latency 45ms algerian servers connection success rate 98 3 cyberghost tertiary option technical profile 75 mbps sustained throughput virtual server architecture gamingoptimized network paths technical implementation guide ive developed precise methodology establishing algerian ip connection 1 vpn protocol configuration select nordlynx protocol enable ipv6 leak protection configure custom dns parameters verify obfuscation settings 2 authentication process install nordvpns security certificate validate server fingerprints configure kill switch parameters 3 connection verification execute dns leak tests verify ip geolocation accuracy test webrtc blocking efficiency advanced security architecture nordvpns security infrastructure provides critical advantages encryption layer analysis primary aes256gcm secondary chacha20 key exchange 4096bit dh control channel tls v13 network security features double vpn routing onion vpn capability cybersec malware blocking dns leak prevention performance benchmarking results systematic testing revealed metrics nordvpn performance data download 937 mbps upload 824 mbps latency 38ms streaming success rate 999 server load handling peak hours 85 capacity offpeak 42 capacity failover time 300ms realworld application analysis practical implementation testing demonstrated streaming capabilities echorouk tv 4k streaming algerian netflix bufferfree playback iptv services stable connection financial platform access banking portal compatibility 100 transaction success rate 999 security protocol compliance full technical troubleshooting framework common technical issues resolutions 1 protocol optimizationif speed 50mbps switch nordlynx clear dns cache reset network stack 2 connection stabilitymonitor packet loss implement automatic reconnection enable server switching performance optimization strategies maximize connection efficiency network configuration mtu optimization 1450 dns prefetch enabled ipv6 disabled tcp fast open active application settings autoconnect parameters custom dns configuration split tunneling rules technical comparison matrix based empirical testing nordvpn vs competitors feature nordvpn expressvpn cyberghost speed mbps 937 870 750 servers 5400 3000 7400 encryption aes256 aes256 aes256 protocols 5 3 4 price 399 499 219 final technical assessment rigorous testing analysis nordvpn demonstrates superior technical capabilities obtaining algerian ip address combination advanced protocols robust security architecture optimized server infrastructure provides reliable solution accessing algerian digital services key deciding factors superior protocol implementation advanced security architecture optimized server infrastructure competitive pricing structure users requiring consistent access algerian digital services nordvpns technical framework offers comprehensive solution backed empirical performance data thorough security testing,positive,2,1734973240.0,1
Algeria,Algeria sustainable development,introduction alternative history scenario independent industrialized algeria alternative history scenario algeria manages ward french european colonialism subsequently achieving industrialization preserving culture religion precolonial context initial resistance know early 19th century algeria semiautonomous province ottoman empire society deeply rooted islamic traditions berberarab culture doesnt change scenario alternative scenario france launched invasion 1830 algerians leadership emir abdelkader managed unify various tribes communities cohesive resistance movement timeline would able foster sense national identity among diverse ethnic groups emphasizing defense islam homeland utilizing guerrilla tactics exploiting rugged terrain establishing fortified strongholds abdelkaders forces would conducte effective hitandrun attacks french would unable adapt tactics timeline additionally abdelkader would establish successful diplomatic relations neighboring countries islamic states including morocco securing arms supplies even volunteers aid resistance berber piracy would play significant role period barbary pirates operating algerian ports would disrupt french maritime trade mediterranean would provide resources funds algerian resistance would also divert french military attention piracy network deeply integrated local economy would facilitate smuggling arms provisions vital ongoing conflict however practice slavery would prominent barbary states period would pose moral political challenge garner broader international support modernize society emir abdelkader would initiate reforms gradually abolish slavery aligning global humanitarian trends strengthening algerias moral stance would allow gain larger international support struggle international support would play crucial role sustaining algerian resistance ottoman empire seeking maintain influence north africa provides military advisors financial support britain motivated desire limit french power influence north africa supplies algeria modern weapons naval support external backing combined internal unity strategic warfare eventually forced france diplomatic stalemate leading french recognition algerias autonomy 1850s thus emir abdelkaders leadership transitioned wartime governance peacetime statebuilding focusing centralizing administration integrating islamic law modern legal practices reforming education system promote literacy technical skills separation ottoman empire algeria established sovereignty tensions ottoman empire began surface algerian leadership grew increasingly frustrated ottomans viewing weak inability providing adequate defense french threat sentiment exacerbated declining power ottoman empire struggling maintain territories influence abdelkader advisors saw opportunity fully assert algerias independence distance perceived ineffective distant sickly empire 1860s algeria declared complete independence ottoman empire severing authority sultan algiers focusing building selfsufficient state transition sovereign state early industrialization realizing necessity industrialization maintain sovereignty growing expansionism europe africa abdelkaders government embarked comprehensive modernization program initial phase involved infrastructure development building roads railways ports facilitate trade movement british desiring strong ally region especially one oppose french help algeria modernization effort british engineering expertise technology instrumental projects new government also focused exploiting algerias abundant natural resources including minerals oil reserves strategic partnerships european investors provided necessary technology capital resource extraction processing simultaneously modern agricultural techniques introduced boost productivity ensuring food security providing surplus export industrialization process involved several key figures institutions abdelkader would appoint several talented ministers advisors many educated extensively fields oversee various aspects modernization effort strong governmental body would devise technologies industrial practices would adapted fit algerias unique context educational reforms would cornerstone algerias modernization strategy new schools universities would established blending traditional islamic teachings modern sciences engineering institutions would produce generation skilled workers intellectuals contributed industrialization effort furthermore government incentivizes private enterprise offering tax breaks subsidies businesses invested industrial ventures creates vibrant entrepreneurial environment leading establishment factories workshops research centers across country impact regional global power structures algeria industrialism continues emerges significant power north africa mediterranean new found economic strength turned economic hub attracting investments labor neighboring regions leveraging economic influence algeria plays crucial role timelines regional politics mediating conflicts fostering cooperation among north african middle eastern countries global stage algeria establishes extensive trade networks europe ottoman empire emerging industrial powers like japan success adversity inspires colonized nations africa asia new world contributing rise anticolonial movements worldwide providing model modernity without compromising cultural identity modernday borders algeria without french colonization algerias borders would reflect territories recognized ottoman empires jurisdiction 1830 means modernday borders might slightly fluid particularly desert regions tribal territories less formally defined coastal northern regions would remain similar presentday boundaries southern borders might influenced agreements neighboring saharan tribes states well surrounding muslim states potentially resulting slightly smaller southern south western boundary timelines algerian borders presentday algeria alternate history alternative scenario contemporary algeria stands mostly prosperous industrialized nation rich cultural heritage economy diversified strong industrial technological agricultural sectors algeria would play significant role global trade exporting highvalue goods technologies country would also likely experience cultural renaissance flourishing arts literature scientific achievements algeria would boast better sophisticated education system producing leading scholars innovators politically would characterized stability strong governance larger influence global stage would leading voice african union arab league developed algeria would strengthen regional development cooperation influencing broader geopolitical landscape note first time tried creating alternative history scenario might inaccuracies major mistakes issues scenario feel free voice thoughts comment,positive,27,1716066023.0,1
Algeria,Algeria sustainable development,african union commission auc set officially launch african space agency afsa 2025 newspace africa conference hosted egypt space city cairo following establishment afsa serve central organization promoting space cooperation across continent responsible implementing african space policy strategy working towards spacerelated goals outlined african union afsa also primary liaison africas collaboration global partners particularly europe one agencys key goals defined african space agency act enhance space missions across africa ensuring accessibility spacederived data services products afsa help streamline space initiatives national regional continental levels minimizing redundancy inefficiency primary governing body oversee implementation africas space agenda ensuring continent meets objectives critical field foundations africas space agenda africas continental space agenda first set motion twentysixth ordinary session african union assembly january 2016 session african heads state government adopted african space policy strategy providing framework use space technology advancing aus vision integrated prosperous peaceful africa african space agency act approved 2017 solidified legal regulatory structure space activities across continent laying groundwork afsas creation building financial structural foundations afsa formation afsa culmination years planning dialogue financial consideration 2018 aus committee permanent representatives gathered assess structural financial aspects agencys establishment discussions aimed ensure agencys longterm sustainability capacity achieve objectives key issues debated included governance funding technical requirements support africas space ambitions address africas specific needs auc approved tailored roadmap guide afsas development setting clear strategic goals performance indicators ensure contribution continents socioeconomic progress egypt host afsas headquarters egypts space city cairo selected official headquarters afsa positioning egypt key player africas space sector decision solidified agreement egyptian government auc egypts parliament officially endorsing presidential decree june 2023 123acre egypt space city equipped support africas space exploration goals serving hub research innovation capacity building egypts involvement hosting afsa expected boost local space industry support small medium enterprises smes space technology align africas agenda 2063 goals sustainable development role african space council african space council established 37th ordinary session au assembly plays key role guiding afsas activities council consists 10 members two representatives africas five regions dr tidiane ouattara côte divoire serves councils first president dr rakiya babamaaji nigeria holds vicepresidency members hail malawi namibia morocco djibouti rwanda algeria additional female representative expected join central africa ensure gender regional balance strategic importance afsa africa launch afsa pivotal moment africas efforts leverage spacebased technologies address challenges satellite data critical improving climate resilience food security natural resource management disaster response reliable access data african governments make informed decisions mitigate effects climate change afsa also aims enhance satellite communications earth observation technologies close digital divide improve connectivity expand access education healthcare across continent furthermore agency seeks promote education space science technology preparing next generation african space professionals collaboration african governments private sector international partners scientific community crucial afsas success fostering partnerships afsa contribute africas sustainable development strengthen global standing space industry,positive,1,1729106073.0,1
Algeria,Algeria sustainable development,hi everyone im currently studying engineering focus marine environment ecosystem protection live algeria im starting think final year project im looking innovative project ideas address realworld problems field environment marine life water treatment related area project doesnt 100 related marine ecosystemsim open suggestions environmental science water treatment sustainable development pollution reduction even waste management since many environmental solutions technologies still widely implemented algeria im particularly interested ideas proven successful country could potentially adapted experience specific project know new technology seen effective solution community would love hear thanks advance help,positive,1,1728601223.0,1
Algeria,Algeria sustainable development,great power shift following period global economic instability resource scarcity balance power underwent seismic shift traditional superpowers experienced internal struggles diminishing influence creating opportunities regional powers rise assert dominance rise maghreb union north africa countries morocco algeria tunisia libya bound shared history desire regional cooperation formed maghreb union aimed leverage collective resources strengthen position changing world maghreb union thrived economically creating robust regional market fostering cultural exchanges among member states socialist republic west africa west africa economic disparities social injustices fueled unrest demands change several countries including mali mauritania niger senegal gambia sierra leone united socialist ideology form socialist republic west africa sought address socioeconomic inequalities build society prioritized collective welfare shared prosperity sultanate egypt nile region egypt sudan south sudan united form sultanate egypt driven shared cultural heritage desire protect interests tumultuous region established monarchy strong central authority sultanates strategic location control vital waterways positioned major player regional politics trade soviet unions resurgence alternate timeline historical soviet union experienced revival fueled charismatic leader resurgence socialist ideology soviet union expanded include finland sought regain former glory establish sphere influence embarked campaign expand territory influence forcefully asserting control neighboring regions triggering conflicts multiple nations alliances european federation nordic union counter soviet unions expansionist ambitions group european nations formed european federation germany france italy austria netherlands belgium poland czechia slovakia hungary joined forces protect sovereignty resist soviet encroachment pooled economic military political resources forming formidable union committed preserving democratic values ensuring regional stability meanwhile nordic countries denmark sweden norway iceland forged separate alliance known nordic union safeguard interests promote nordic cooperation yugoslavias reinvention balkans yugoslavia historical borders intact found crossroads competing regional interests seeking reestablish stability reclaim influence yugoslavia formed alliance bulgaria expanding reach region sought balance growing power dynamics protect shared cultural heritage united nations arabia antisoviet block arabian peninsula saudi arabia oman kuwait jordan palestine qatar bahrain formed united nations arabia seeking establish regional unity address common challenges extended influence exerting control iraq syria turning vassal states hand turkey greece albania armenia azerbaijan georgia formed antisoviet block coalition aimed countering soviet expansion safeguarding interests fragmentation united kingdom internal tensions regional aspirations led fragmentation united kingdom england scotland wales northern ireland embarked independent paths driven desires selfdetermination preservation unique identities england england largest populous former united kingdoms regions emerged independent nation sought redefine political economic cultural priorities maintaining historical ties neighbors scotland scotland rich heritage strong sense national identity reclaimed status independent nation drawing natural resources including oil renewable energy scotland forged distinct path focusing sustainable development cultural preservation regional cooperation wales wales known scenic landscapes proud celtic heritage also stepped realm sovereignty welsh people celebrated independence emphasizing preservation language cultural traditions environmental conservation integral parts national ethos north irelands union ireland significant turn events northern ireland chose join forces republic ireland forging reunification transcended historical divisions inspired desire unity shared prosperity people northern ireland ireland pursued path reconciliation working towards harmonious relationship mutual understanding impact regional dynamics fragmentation united kingdom ripple effects across wider geopolitical landscape england scotland wales reunited ireland found navigating new political order recalibrating relationships neighboring nations international actors division united kingdom also posed challenges opportunities european federation nordic union regional entities adjusted changing dynamics british isles nations england scotland wales united ireland embraced newfound independence embarked separate trajectories pursuing aspirations addressing unique challenges contributing evolving tapestry world stage,positive,142,1689227175.0,1
Algeria,Algeria sustainable development,pairs sustainablecosta rica belarushungary switzerlandrussia singaporethe sdg transformation center published update well countries world progressing towards 17 sustainable development goals sadly turned subjective corrupt report promoting agenda index 0 100 based rewarding items believe sustainable rather objective measures please judge looking list image studied components glaring example comes clean energy anyone would say clean energy energy comes without co2 emissions pollutants however defined clean energy renewable plus distorted co2 measure example france germany gets almost result although france reality much lower emissions per energy output please comment state country fairly judged,positive,6,1719068458.0,1
Algeria,Algeria sustainable development,someone asked eli5 africa far behind responses varied udickieanderson ucelebreth show recommend raskhistorians thankfully topic eli5 well suited last thing discussion development africa needs simplification one person ive seen anywhere comments even addresses problem lumping africa single geopolitical entity though morocco tanzania nigeria issues top comment mostly decent oversimplified given sub ill let go jared diamond makes appearance course dont really like presentation different views mutuallycompetingandequallygood explanationsanyone thinks colonialism didnt contribute present state underdevelopment needs brain checked doesnt exclude geography factor either presenting different options way person uninformed matter risks leading misunderstanding aside upljvyf decide make following statement theres massive oil wealth like arabia barren unpopulated desert 1950s two main problems statement first comparison oil wealth theres nation africa level oil production saudi arabia russia takes cake nigeria angola algeria libya egypt pretty hefty production name africa also wealthy mineral resources insufficient natural resources reasonable explanation africa underdeveloped question profits natural resource extraction go critical resources africa used almost exclusively benefit colonizers long time even foreign companies one main beneficiaries african minerals fossil fuels colonization end thereof also created power vacuums many african nations frequently resulting autocratic rulers used countries resources enrichment andor allowed foreign companies extract large amounts resources exchange hefty bribes im going delve much deeper suffice say presence natural resources alone mean people benefit question resources get used gets use conflicts stem disputes resource control problem im going dispute arabias desert saying barren unpopulated desert 1950s completely overlooks ridiculous amount history peninsulas inhabited tens thousands years terms bedouin nomads lived millennia well important trading cities like muscat jeddah thats enough top comment real garbage europe get blamed arabia africa largely fault slave trade wars genocides jeez africans always colonizing congo exterminating millions atlantic slave trade mean africans hijacking peaceful european trading vessels emigrating new world opinion developed world isnt great repressed forced best mentality barely even human never getting rush successful hunt primal drive reproduce adverse conditions led us overpopulation stagnated breeding pools depends look oh god ayn randworshipping noblesavagesubscribing shelteredass white boy thinks hed happier living savannah thousands years ago someone kindly points go live wilderness ie montana hes attracted mean seriously dont think hard answer white man suppressed continue suppress africa entire continent mind nothing racism example instead teaching farm send food aid africa vast jungles huge continent instead setting construction companies teaching architecture throw money mean step back philosophical perspective historic perspective point obvious things far answering question africa far behind answer question clear white man exploited continues exploit africa never teach make selfsustainable going problem end earth usual redditor encountered kernel truth waters kernel paternalistic racism grows beautiful tree inept sociology oversimplification yes throwing money africa doesnt solve structural problems done carelessly wind enriching dictators militants teaching farm thirdworldersarechildren white mans burden bullshit africa faces many problems africans cannot agriculture one jungles jungles good agriculture land clear even want able plant large farm rainforest soil typically rich piles nightsoil littering comments include visit dr scientific racism deleted comment followed reply charles darwin say quote clansman historical romance ku klux klan must hell comment aaaaand mods nuked whole thread writing right call,positive,149,1384111881.0,1
Algeria,Algeria sustainable development,protests continue algeria six months sustained pressure government reform military openly rules country since departure president abdelaziz bouteflika late march citizens demanding civilian state algerias military probably continue direct open involvement politics heres historical precedence military rule new role algerias military army fought french colonialism liberated country 1960s participated socioeconomic development 1970s answered nationwide protests 1980s protected territorial integrity 1990s throughout periods depending situation army oscillated direct interventionism limited withdrawal instance 1978 death president military mediated among different civilian groups fighting succession military installed candidate chosen consensus eventually returned barracks military interventionism reached peak 1988 1992 throughout black decade bloody armed conflict authorities several islamist militant groups shook country 1991 2001 democracy dies darkness algerias military rules country thats unlikely change despite protests algerian protesters demonstrate algiers aug 2 24th consecutive friday amid ongoing political crisis country protests continue algeria six months sustained pressure government reform military openly rules country since departure president abdelaziz bouteflika late march citizens demanding civilian state algerias military probably continue direct open involvement politics heres historical precedence military rule new role algerias military army fought french colonialism liberated country 1960s participated socioeconomic development 1970s answered nationwide protests 1980s protected territorial integrity 1990s throughout periods depending situation army oscillated direct interventionism limited withdrawal instance 1978 death president military mediated among different civilian groups fighting succession military installed candidate chosen consensus eventually returned barracks military interventionism reached peak 1988 1992 throughout black decade bloody armed conflict authorities several islamist militant groups shook country 1991 2001 bouteflika came power 1999 military pulled back politics securing ample budget immunity human rights violations took place decadelong civil war algerian streets hope revolutionary change grows history haunts protesters since beginning popular movement earlier year absence influential institutional authorities army openly ruling country head army shifted loyalty called algerias constitutional council declare presidents position vacant article 102 constitution eventually pressured bouteflika step army also appointed interim president caretaker government conducted dozens arrests politicians business tycoons corruption charges militarys cultural hold algerians military glorified vision role peoples national army despite existence factions institution forged unity crisis remains undivided various blocs within army selfperception see guardians nation custodians algeria people algerians eyes military grateful militarybacked regime done millions protesters chanted want civilian state military one head army answered efforts military institution made far efforts essentially respect supreme interest motherland weakness political institutions civilian power today weak civilian leadership subordinated armed forces bouteflika tried neutralize army build stronger presidency however would exaggeration say civilian power grew extent keeping military check army remained stronger ever army stepped remove bouteflika take lead country past four months political institutions peoples national assembly officials legislators members current government political parties rejected popular movement refuses dialogue former members regime total disconnect social mobilization political institutionalization hence channels communication peoples demand government militarys interests militarys interest staying power higher leaving direct involvement officers enjoy benefits range high salaries housing access rare consumer goods sudan algerias dilemma avoid turning egypt military guarantees civilian government protect interests ie way allocating resources leadership fate ie legal prosecution could help move whatever happens institution likely accept deal civilian part complete discretion always survival ie budget acquisitions recruitment training career planning retirement addition corporate interests also private ones ruling generals moved private sector built connections important business monopolies enriched looking ahead onefitforall model civilmilitary relations algeria phase relations renegotiated needs develop model civilmilitary relations workable suited country army political leaders well people discuss boundaries acceptable involvement military politics street political opposition seem agree time ruling generals used play role kingmakers supporting candidates,positive,1,1720975454.0,1
Algeria,Algeria sustainable development,welcome ralgeriabusinesshub discover gateway algerias commerce whether youre established business professional entrepreneur foreign investor academic eyeing opportunities within algeria community ralgeriabusinesshub vibrant space designed foster discussions share insights connect individuals passionate algerian business landscape offer expert discussions engage business leaders local experts seasoned investors discussions algerian market dynamics investment opportunities regulatory environment networking opportunities connect likeminded professionals potential business partners mentors within algerian business ecosystem resource sharing access curated collection resources including market analyses investment guides case studies regulatory updates navigate algerian business environment effectively investor insights foreigners looking invest algeria find firsthand accounts legal advice partnership opportunities make informed investment decisions join local algerian entrepreneurs seeking growth opportunities partnerships international investors considering algeria next investment destination business professionals wishing expand network within algeria academics researchers interested economic social technological development algeria looking share insights find collaborative research opportunities engineers technical experts exploring innovative projects technological advancements sustainable solutions within algerian market experts various fields considering partnerships wanting offer expertise contribute growth diversification algerian economy anyone curious business climate opportunities algeria joining ralgeriabusinesshub first step towards becoming part community thats forefront shaping future business algeria whether youre looking invest find partners simply learn algerian market place together lets drive success foster partnerships contribute flourishing algerian economy user flairs 1 entrepreneur running looking start business algeria 2 investor individuals interested investing algerian companies projects 3 business professional members expertise business operations management administration 4 academicresearcher involved scholarly research academic studies related algerian economic business technological fields 5 engineertechnologist professionals engineering tech innovation sectors 6 legalregulatory expert members offer insights algerian business laws regulations compliance 7 financial advisor experts finance banking investment strategies 8 market analyst specialize market research trends analysis 9 startup enthusiast members passionate startups new business ventures algeria 10 international partner foreign members looking business partnerships opportunities algeria ralgeriabusinesshub posting guidelines 1 ensure relevance posts directly related business investment economic activities within algeria involving algerian entities content provide value community members interested topics 2 use descriptive titles titles accurately reflect content post avoid vague titles instead specific informative help members understand post clicking 3 flair posts posting please select appropriate flair post helps organizing subreddit makes easier members find relevant content refer list available flairs 4 spam selfpromotion encourage sharing resources services benefit community blatant selfpromotion spam removed youre unsure whether post might considered spam contact mods first 5 search posting keep discussions fresh avoid repetition please search subreddit see topic already covered duplicate posts may removed keep content diverse 6 respect privacy confidentiality share personal information confidential business details anything could compromise privacy security always practice discretion respect everyones privacy 7 quality quantity aim posts stimulate discussion offer insights share valuable information loweffort posts memes oneliner questions might better suited weekly discussion threads available 8 illegal activities discussions promoting involving illegal activities including limited fraud piracy sanctions evasion strictly prohibited result ban 9 cite sources youre sharing news reports information external sources provide link citation helps verify information allows members explore topic 10 engage constructively encourage healthy discussions provide constructive feedback share knowledge experiences disagreements lead growth always approach respect understanding 11 follow reddits content policy posts comments must comply reddits sitewide rules 12 report violations help us maintain quality subreddit reporting posts violate guidelines subreddit rules moderation team reserves right remove posts comments adhere guidelines overall spirit subreddit guidelines subject change community evolves post flairs 1 opportunity alert posts sharing specific business investment opportunities algeria 2 question inquiries members seek advice information community 3 discussion general discussions topics related algerian business 4 news update sharing latest news impacting algerian business landscape 5 resource informative posts offering guides tools studies resources beneficial business algeria 6 event announcement posting upcoming business events webinars meetups interest community 7 experience share members share personal stories case studies lessons learned algerian business environment 8 legalregulatory updates questions algerian business laws regulations compliance issues 9 technology innovation news discussions questions tech advancements innovative projects algeria 10 partnership seeking posts members actively looking business partners collaborations networking opportunities implementing flairs help streamline navigation make easier members find content matches interests expertise thereby enhancing overall community experience please read subreddit rules posting strive maintain respectful professional environment members,positive,0,1712224015.0,1
Algeria,Algeria sustainable development,g7 development fund seven continents initiative 7ci december 2024 chiyoda city tokyo japan bari apulia italy g7 auspices 2024 italian presidency japanese negotiation team pleased announce following formal vote partnership global infrastructure investment pgii managed blue dot network consolidated program called seven continents initiative 7ci open nong7 members private firms provide funds towards blue dot network bdn joint project united states japan australia supports investment highquality infrastructure projects around world importantly bdn seeks raise money private investors certifying projects strict quality standards environment climate labor social safeguards financing construction anti corruption others retains 50 billion initial funding course information unknown g7 model g7s build back better world b3w project b3w limited funding associated however sought address 40 trillion worth infrastructure needed developing countries 2035 b3w aimed catalyze funding quality infrastructure private sector encourage privatesector investments support climate health health security digital technology gender equity equality together b3w bdn aimed build global network lendingbased financing build roads bridges airports ports power plants inclusion pgii blue dot network g7 incorporating nearly 5 years worth development planning across wealthiest nations earth g7 agreed fully fund pgii 600 billion usd 2027 public private investment g7 announcement agreed 2027600 billion timeline rapidly escalated june 30 2025 ahead 2025 canada presidency seek additional investment 400 billion non g7 countries private industry round pgii 1 trillion failure achieve goal cede ground bri ccps aims developing world failure achieve goal lead greater security concerns across africa middle east south south east asia latin america eastern europe failure achieve goal incur climate change penalty kill hundreds millions people failure achieve goal set back humanity race save planet light challenge return name seven continents initiative name reflects human development global goal knows boundaries borders affords success possible places times human existence time intake g7 members required beyond commitment provision funds achieve current usd 600 billion amount instead fund open country wishes contribute global development sustainable mature framework private enterprise encouraged join dedicated funding interests align prime minister japan delighted development bank japan japan investment corporation sumitomo mitsui financial group mitsubishi ufg financial group mizuho financial group agreed support program combined 50 billion commitment seven continents initiative contribution kick starts way banks confidently contribute seven continents opens avenues immediate disbursement funds major projects across world welcome nations participate 7ci either funding recipient contributing partner seven continents initiative summary bdn b3w pgii formed one single entity named seven continents initiative 7ci consolidation g7 us allies development funds projects one single joint shop managed existing blue dot network bdn commitment 600 billion achieved june 30 2025 enhanced 400 billion opening 2025 g7 summit 1 trillion usd private investments currently deeply interwoven existing projects additional usd 20 billion committed future projects private investors citigroup trust establishment blue dot network transformed within 7ci function trust loan provide grant funding projects relieves g7 assorted funds managing complex project evaluations instead empowers active monitoring assurance target completion review board contributing partners usd 10 billion established consider reviews projects earlier national partnerships desired european union member states continuing australia south korea brazil south africa india african union mexico indonesia saudi arabia turkey argentina early private investment desired wallmart amazon vitol apple trafigura uniper total energies foxconn stellantis standards respect transparency accountability sovereignty property resources local labor human rights rule law environment sound government practices procurement financing objectives sustainable energy climate change mitigation adaptation supply chain resilience connectivity transport technology food security gender equity equality partnership private international organisations projects roads bridges airports ports power plants agricultural belts hospitals health projects schools education outcomes technology infrastructure housing suitable initiatives totals project funded amount usd 48884 billion blue dot network usd 50 billion additional private investment usd citigroup inc global infrastructure partners 20 billion japan bank collective 50 billion total current value projects usd 168884 billion current commitments angola project lobito corrido initial investment rail expansion may become primary open access transportation infrastructure connecting democratic republic congo drc zambia global markets angola addition two solar projects generate 500 megawatts renewable power funded us international development finance corporation usd 250 million us export import bank usd 900 million total usd 11 billion argentina project genneia leading renewable power generation company argentina add 200 megawatts renewable energy generation capacity argentina constructing two greenfield renewable energy projects one solar wind dutch entrepreneurial development bank fmo providing usd 45 million loan alongside findev canada funded canada usd 40 million dutch fmo usd 45 million argentine firm genneia total usd 85 million bangladesh project mass rapid transit mrt line 5 dhaka usd 974 million highway chattogram coxs bazar usd 407 million railway joydebpur ishurdi usd 31 million development matarbari port usd 769 million funded japan adb total usd 21 billion dominican republic project maranatha energy investment srl construct operate first phase 10 megawatts 24 megawatts two phase photovoltaic solar plant dominican republic transaction support expansion dominican republics renewable energy sector important making island state less dependent fossil fuels funded canada usd 77 million total usd 77 25 million required first phase ecuador project modernisation expansion yilport terminal operations puerto bolívar container port funded us international development finance corporation usd 150 million total usd 150 million egypt project two 500 megawatts onshore wind power plants ras ghareb egyptfunded japan bank international cooperation jbic financed egypt usd 521 million insurance nexi usd 163 million project modernization alexandria area control centre arcc including technical structural controls electricity transmission fibre optic internet cabling cyber security substations funded eu usd 547 million total usd 5757 million insurance usd 163 million fiji project global gateway project pacific supports increase hydropower generation capacity fiji construction qaliwana 22 megawatts vatutokotoko cascading hydropower plants 31 megawatts funded unfunded yet commitment eu eib jbic private sector total awaiting costing ghana project construction ghana data center lay groundwork digital revolution continent increasing access cloudbased technologies bringing cost internet funded us international development finance corporation usd 300 million total usd 300 million india project ayana renewable power ltd set funded supports reduction global carbon emissions contributes indias energy transition plan ambitions renewable energy capacity 500 gigawatts ac 2030 project generated approximately 2000 jobs met equivalent energy demand 14 million end customers helping avoid 623 million tonnes annual co2 emissions 20 years january 2023 ayana currently operates commissioned capacity 13 gigawatts assets development 25 gigawatts funded british international investment india national infrastructure fund dutch investors usd 270 million project financing emobility india guarantees local loans funded entirely pidg axis bank usd 200 million project neev ii programme supports business startups india provision investment capital expertise provide capital job creating technology driven start enterprises particular focus climate sustainability funded uk japan eu usd 164 million project high speed railway mumbai ahmedabad usd 22 billion metro railway patna usd 720 million transharbor link road mumbai usd 224 million india funded japan 3144 billion total usd 3778 billion investment possible indonesia project improvements urban public transport situation surabaya metropolitan area funded german financing usd 250 million loan requires usd 320 million short 70 million total usd 250 million jamaica project digital jamaica provide wide broadband access rural areas particular wifi connectivity schools devices plans broader fibre connectivity partnership private enterprise funded eu usd 1042 million requires much cabling total usd 1042 million madagascar project project implementation rural minigrids rural areas south west madagascar providing electricity 175 thousand people funded afd eu cofinance usd 361 million private usd 175 million total usd 536 million morocco project global gateway project building powertox p2x hydrogen power reference plant effort strengthen moroccos position promising sector first step call proposals prepared funded germany current usd 110 million project usd 1097 million extension 37 km tramway network rabatsalétémara agglomeration tramway connection témara rabat technopolis university funded european union usd 1097 million france usd 547 million total usd 2744 million requiring usd 200 million namibia project green hydrogen gh2 sustainable critical raw materials value chain strategic regional transport corridor linking maputogaboronewalvis bay upgrading ports walvis bay lüderitz namibia funded european union eu member states contribute least usd 120 million grants european investment bank assorted companies signed joint declaration framework loan usd 660 million total usd 780 million philippines project northsouth commuter railway metro manila well networking regional level make economic growth sustainable facilitating efficient movement people goods funded japan adb usd 28 billion project national site archive satellite data foster data access storing processing exchange among philippines authorities tackle disaster risk management climate change including highspeed broadband mobile connectivity well new fibre submarine cables also aim boost education research innovation mobilize data economy market funded eu contribute usd 372 million grants required total usd 2837 billion tanzania project strategic partnership life zone metals techmet us international development finance corporation tanzanian government open new multimetals processing facility use innovative lowemission technology process nickel critical minerals mined tanzania targeting delivery battery grade nickel global market funded us private firms confidential total confidentialtunisia project tunisian electricity transmission upgrade supporting construction first interconnection italy tunisia undersea highvoltage electricity cable project increase security sustainability electricity supply sides allow better renewable energy integration replacement gasfired thermal generation thus contributing eu climate mitigation objectives climate change targets funded unfunded time total unknown vietnam project construction 88 megawatts wind power plant ninh thuan province viet nam funded japan international cooperation agency jica adb private banks organisations financed usd 25 million vietnam insurance 200 million nexi project energy transition partnerships bringing together public private finance deliver investment ambitious energy transitions away fossil fuels supporting communities retraining reskilling sustain livelihoods create new green jobs funded 155 billion 5050 publicprivate private infrastructure development group pidg donors uk france canada total usd 15525 billion insurance usd 200 million regional programs africa project investment solutions help meet sustainable development goals first dedicated african climate fund portfolio funded britain usd 7 million project high impact partnership climate action hipca drive investment solutions fight climate change build resilience protect environment supporting investments across range infrastructure systems including renewable energy sustainable transportation infrastructure digital infrastructure funded canada usd 2089 million project development data policy frameworks supporting identification investments green secure data infrastructure africa funded european commission usd 66 million germany usd 12 million usd 78 million project submarine optical fibre cable conencting algeria egypt morocco tunisia medusa provides installation 7100 km stateofthe art submarine optical fibre cable mediterranean connect northern african countries cyprus france italy portugal spain aim increasing 200 times speed internet northern africa universities funded eu usd 361 million project agdevco specialist investor earlystage african agribusinesses seeks promote resilience gender equality production betterquality nutritious food investment capital expertise funded uk usd 90 million project increase equitable access essential vaccines medicines health technologies africans follows 360degree approach covering local manufacturing supply demand side market shaping enabling environment funded european commission eu member states private medical firms africa cdc usd 12 billion project powering healthcare initiative led sustainable energy seforall powering healthcare aims break sectorwide systematic barriers impede widescale deployment quality energy solutions health centres clinics developing countries funded uk usd 22 million project african development partners iii private equity fund invests across africa fund provides companies growth capital contributes job creation climate change mitigation gender balance across africato date fund invested businesses nigeria tunisia egypt funded uk canada germany private enterprise undetermined total usd 19471 billion asean project facility supporting agricultural supply chain food security promote private capital mobilization direct lending agribusiness companies investment sustainable secure food region funded japan usd 1 billion partnership private enterprise project debt facility fafi facility accelerating financial inclusion usd 15 billion finance local banks providing financial services micro small mediumsized enterprises msmes low income class women funded japan usd 15 billion total usd 25 billion balkans project transbalkan electricity corridor allow interconnection electricity transmission systems serbia montenegro bosnia herzegovina croatia hungary romania italy funded european commission supported germany italy usd 76 million total usd 76 million small island developing states project coalition disaster resilient infrastructure cdri formed offer expertise knowledge capacity building support small island developing states funded uk australia eu contributed funds programme usd 9 million usd 55 million usd 675 million project debt facility usd 15 billion finance infrastructure projects companies accelerating climate actions adaptation mitigation countries vulnerable climate change including pacific region funded japan 15 billion project mirova gigaton fund support investments clean energy climatesmart projects primarily financing small medium sized enterprises emerging markets developing countries investments support projects increase use affordable renewable energy like solar power homes agriculture businesses mirova gigaton fund apply gender lens investments equitable quality employment opportunities funded canada usd 312 million total usd 1556 billion caribbean project improvements intraregional transport caribbean mainly maritime options include establishing multimodal ferry connecting guyana suriname trinidad tobago barbados oecs french overseas territories funded unfunded eu commitment price prepared total preparatory stages city development general project assistance cities attract investment implement climate action plans currently focused 15 cities india indonesia malaysia ghana senegal sierra leone south africa brazil colombia peru funded uk committed usd 34 million requires usd 130 million additional total usd 34 million central asia project connectivity package focusing digital transport connectivity central asia europe digital stream includes satellite connectivity infrastructure digital governance aligned eu standards practices transport stream includes feasibility study transport corridors connecting europe central asia aiming identifying sustainable corridors proposing key actions development funded eu usd 439 million requires total usd 439 million women project 2x challenge first launched g7 summit 2018 promote gender lens investing played critical role galvanizing g7 financing support gender equality funded global usd 15 billion total usd 15 billion,positive,8,1698010443.0,1
Algeria,Algeria sustainable development,please find comments 15 new vacancies opened since saturday 24 feb data come un talent every open consultant position un harare zimbabwe o3 plus regional consultant unesco united nations educational scientific cultural organization expires 10 days consultancy careersunescoorg medical amp health programme amp policy lilongwe malawi national consultancy zonal polio outbreak response consultant open malawian nationals unicef united nations childrens fund expires 6 days consultancy uniceforg programme amp policy thimphu bhutan conduct needs assessment situational analysis mhpss open bhutanese national unicef united nations childrens fund expires 14 days consultancy uniceforg medical amp health programme amp policy ndjamena chad consultant international changement social et comportemental sbc polio immunisation en appui aux activités de vacci unicef united nations childrens fund expires 11 days consultancy uniceforg teaching amp training programme amp policy tirana albania national consultant support unicef albania amp mhsp developing proposal global accelerator decent jobs unicef united nations childrens fund expires 7 days consultancy uniceforg programme amp policy suva fiji child protection design partnership consultant 8 months pacific multi country office unicef united nations childrens fund expires 10 days consultancy uniceforg international consultant gender humanitarian action programming retainer un women expires 13 days international consultant jobsundporg programme amp policy algiers algeria consultante national pour le développement dun cycle de formation sur le principe de lintérêt supérieur de lenfant unicef united nations childrens fund expires 13 days consultancy uniceforg environment finance amp economy panama city panama socioeconomist technical consultant resilient sustainable longterm climate actions panama unep united nations environment programme expires 3 days consultancy careersunorg medical amp health programme amp policy islamabad pakistan national consultant coordination 12 months unicef united nations childrens fund expires 6 days consultancy uniceforg logistics amp procurement kabul afghanistan pharmaceutical products quality assurance consultant national unicef united nations childrens fund expires 8 days consultancy uniceforg logistics amp procurement kabul afghanistan pharmaceutical products quality assurance consultant international unicef united nations childrens fund expires 8 days consultancy uniceforg communications amp pr mogadishu somalia international consultant writereditor mogadishu somalia 8 months unicef united nations childrens fund expires 11 days consultancy uniceforg programme amp policy lilongwe malawi national consultancy national community management acute malnutrition cmam guideline adaptation open malawian unicef united nations childrens fund expires 6 days consultancy uniceforg environment finance amp economy paris france enhanced transparency framework etf consultant unep united nations environment programme expires 8 days consultancy careersunorg next post 2 days,positive,1,1708960291.0,1
Algeria,Algeria sustainable development,x200b tag oil ltd tsxv tao otcqx taoif tag oil company based vancouver bc focuses operations badr oil field western desert egypt company unique mena middle east north africa oil play x200b mena largest global oil reserve 57 oil 41 natural gas together opec member countries mena 840 billion barrels proven crude oil reserves also control around 80 trillion cubic metres proven gas reserves believe pursuing sources sustainable energy oil gas continue significant supplier energy mix decades mena region significant growth potential team track record expertise unified vision get job done abdel badwi tag executive chairman x200b nb recent released sixmonth numbers state highlights period include company c230 million june 30 2023 c155 million cash cash equivalents c247 million june 30 2023 c179 million working capital debt x200b recent developments include closed cdn123 million bought deal drilling badr oil underway good oil shows abu roash f arf drilling continues bed 17 well production since april 2023 reached cumulative production approximately 10000 barrels oil arf arfs success opens future planning bed1 field many 13 opec nations within mena region standardized list countries included mena region term typically comprises area morocco northwest africa iran southwest asia sudan africa lets review properties mena globally extensive unique tag holds interest badr oil field bed1 26000acre concession located western desert egypt production services agreement psa badr petroleum company bpco research capital follows tag made projections rating target price price target market cap projected return speculative buy current c050 projected c125 projected return 1155 market cap c10470 tag remains debtfree estimate company current positive working capital 25mm bill newman cfa research capital expansion israelhamas war depending severity could cause oil rise usd100 barrel us157 highest oil price record july 2008 brent traded high 1475 per barrel according data lseg currently menaspecific etfs us encompasses entire region instead american investors access several subregional countryspecific etfs x200b given paucity vehicles allowing investors mena exposure countryspecific etfs tag serious consideration investors want plug global massive active oil area mena covers surface 15 million square kilometres contains 6 percent worlds population european unions eu population three smallest countries bahrain djibouti qatar population half million inhabitants contrast two largest countries egypt islamic republic iran comprise 60 million inhabitants together algeria morocco sudan five populated countries account 70 percent regions population almost half population lives cities mena likely place watchlistportfolio well oil proxy drops directly worlds largest oil area oh yes case forgot tag lots cash debt investment tag goes well youll lots cash debt,positive,2,1701801148.0,1
Algeria,Algeria sustainable development,x200b tag oil ltd tsxv tao otcqx taoif tag oil company based vancouver bc focuses operations badr oil field western desert egypt company unique mena middle east north africa oil play x200b mena largest global oil reserve 57 oil 41 natural gas together opec member countries mena 840 billion barrels proven crude oil reserves also control around 80 trillion cubic metres proven gas reserves believe pursuing sources sustainable energy oil gas continue significant supplier energy mix decades mena region significant growth potential team track record expertise unified vision get job done abdel badwi tag executive chairman x200b nb recent released sixmonth numbers state highlights period include company c230 million june 30 2023 c155 million cash cash equivalents c247 million june 30 2023 c179 million working capital debt x200b recent developments include closed cdn123 million bought deal drilling badr oil underway good oil shows abu roash f arf drilling continues bed 17 well production since april 2023 reached cumulative production approximately 10000 barrels oil arf arfs success opens future planning bed1 field many 13 opec nations within mena region standardized list countries included mena region term typically comprises area morocco northwest africa iran southwest asia sudan africa lets review properties mena globally extensive unique tag holds interest badr oil field bed1 26000acre concession located western desert egypt production services agreement psa badr petroleum company bpco research capital follows tag made projections rating target price price target market cap projected return speculative buy current c050 projected c125 projected return 1155 market cap c10470 tag remains debtfree estimate company current positive working capital 25mm bill newman cfa research capital expansion israelhamas war depending severity could cause oil rise usd100 barrel us157 highest oil price record july 2008 brent traded high 1475 per barrel according data lseg currently menaspecific etfs us encompasses entire region instead american investors access several subregional countryspecific etfs x200b given paucity vehicles allowing investors mena exposure countryspecific etfs tag serious consideration investors want plug global massive active oil area mena covers surface 15 million square kilometres contains 6 percent worlds population european unions eu population three smallest countries bahrain djibouti qatar population half million inhabitants contrast two largest countries egypt islamic republic iran comprise 60 million inhabitants together algeria morocco sudan five populated countries account 70 percent regions population almost half population lives cities mena likely place watchlistportfolio well oil proxy drops directly worlds largest oil area oh yes case forgot tag lots cash debt investment tag goes well youll lots cash debt,positive,1,1701801208.0,1
Algeria,Algeria sustainable development,x200b tag oil ltd tsxv tao otcqx taoif tag oil company based vancouver bc focuses operations badr oil field western desert egypt company unique mena middle east north africa oil play mena largest global oil reserve 57 oil 41 natural gas together opec member countries mena 840 billion barrels proven crude oil reserves also control around 80 trillion cubic metres proven gas reserves believe pursuing sources sustainable energy oil gas continue significant supplier energy mix decades mena region significant growth potential team track record expertise unified vision get job done abdel badwi tag executive chairman nb recent released sixmonth numbers state highlights period include company c230 million june 30 2023 c155 million cash cash equivalents c247 million june 30 2023 c179 million working capital debt recent developments include closed cdn123 million bought deal drilling badr oil underway good oil shows abu roash f arf drilling continues bed 17 well production since april 2023 reached cumulative production approximately 10000 barrels oil arf arfs success opens future planning bed1 field many 13 opec nations within mena region standardized list countries included mena region term typically comprises area morocco northwest africa iran southwest asia sudan africa lets review properties mena globally extensive unique tag holds interest badr oil field bed1 26000acre concession located western desert egypt production services agreement psa badr petroleum company bpco research capital follows tag made projections rating target price price target market cap projected return speculative buy current c050 projected c125 projected return 1155 market cap c10470 tag remains debtfree estimate company current positive working capital 25mm bill newman cfa research capital expansion israelhamas war depending severity could cause oil rise usd100 barrel us157 highest oil price record july 2008 brent traded high 1475 per barrel according data lseg currently menaspecific etfs us encompasses entire region instead american investors access several subregional countryspecific etfs given paucity vehicles allowing investors mena exposure countryspecific etfs tag serious consideration investors want plug global massive active oil area mena covers surface 15 million square kilometres contains 6 percent worlds population european unions eu population three smallest countries bahrain djibouti qatar population half million inhabitants contrast two largest countries egypt islamic republic iran comprise 60 million inhabitants together algeria morocco sudan five populated countries account 70 percent regions population almost half population lives cities mena likely place watchlistportfolio well oil proxy drops directly worlds largest oil area oh yes case forgot tag lots cash debt investment tag goes well youll lots cash debt,positive,1,1703083013.0,1
Algeria,Algeria sustainable development,x200b tag oil ltd tsxv tao otcqx taoif tag oil company based vancouver bc focuses operations badr oil field western desert egypt company unique mena middle east north africa oil play mena largest global oil reserve 57 oil 41 natural gas together opec member countries mena 840 billion barrels proven crude oil reserves also control around 80 trillion cubic metres proven gas reserves believe pursuing sources sustainable energy oil gas continue significant supplier energy mix decades mena region significant growth potential team track record expertise unified vision get job done abdel badwi tag executive chairman nb recent released sixmonth numbers state highlights period include company c230 million june 30 2023 c155 million cash cash equivalents c247 million june 30 2023 c179 million working capital debt recent developments include closed cdn123 million bought deal drilling badr oil underway good oil shows abu roash f arf drilling continues bed 17 well production since april 2023 reached cumulative production approximately 10000 barrels oil arf arfs success opens future planning bed1 field many 13 opec nations within mena region standardized list countries included mena region term typically comprises area morocco northwest africa iran southwest asia sudan africa lets review properties mena globally extensive unique tag holds interest badr oil field bed1 26000acre concession located western desert egypt production services agreement psa badr petroleum company bpco research capital follows tag made projections rating target price price target market cap projected return speculative buy current c050 projected c125 projected return 1155 market cap c10470 tag remains debtfree estimate company current positive working capital 25mm bill newman cfa research capital expansion israelhamas war depending severity could cause oil rise usd100 barrel us157 highest oil price record july 2008 brent traded high 1475 per barrel according data lseg currently menaspecific etfs us encompasses entire region instead american investors access several subregional countryspecific etfs given paucity vehicles allowing investors mena exposure countryspecific etfs tag serious consideration investors want plug global massive active oil area mena covers surface 15 million square kilometres contains 6 percent worlds population european unions eu population three smallest countries bahrain djibouti qatar population half million inhabitants contrast two largest countries egypt islamic republic iran comprise 60 million inhabitants together algeria morocco sudan five populated countries account 70 percent regions population almost half population lives cities mena likely place watchlistportfolio well oil proxy drops directly worlds largest oil area oh yes case forgot tag lots cash debt investment tag goes well youll lots cash debt,positive,1,1703082716.0,1
Algeria,Algeria sustainable development,x200b arab region sdg index dashboards report 2023 launched track progress foster sustainability mohammed bin rashid school government collaboration united nations sustainable development solutions network sdsn unveiled arab region sdg index dashboards report 2023 timed uae year sustainability building momentum cop28 report serves crucial resource governments policymakers stakeholders track measure progress toward 17 sustainable development goals sdgs 2023 edition report highlights significant accomplishment seven 22 arab countries specifically uae jordan tunisia algeria oman egypt morocco achieved twothirds sdg targets dr ali bin sebaa al marri executive president mbrsg emphasized reports role advancing sustainability goals fostering collaboration sustainable future dr fadi salem director policy research department mbrsg noted reports datadriven insights pointing regional challenges priorities stressed need concerted efforts upcoming years expedite development across diverse paths region report outlines challenges achieving gender equality sdg 5 impact conflicts sdg 16 peace justice strong institutions calls collective efforts enhance gender equality policies strengthen institutions address conflictrelated issues advancements sdg 3 good health wellbeing sdg 4 quality education noted challenges sdg 13 climate action persist report emphasizes vulnerability least developed countries climate disasters need support climaterelated goals guillaume lafortune vice president un sdsn emphasized urgency longterm investment strategies ambitious plans effective monitoring systems achieve sdgs 2030 report 113 indicators 17 sdgs highlights ongoing challenges data availability particularly related poverty eradication inequality reduction indicator includes score colorcoding performance levels trend arrows source mohammed bin rashid school government unveils arab region sdg index dashboards report 2023 collaboration un sustainable development solutions network,positive,1,1703076855.0,1
Algeria,Algeria sustainable development,x200b tag oil ltd tsxv tao otcqx taoif tag oil company based vancouver bc focuses operations badr oil field western desert egypt company unique mena middle east north africa oil play x200b mena largest global oil reserve 57 oil 41 natural gas together opec member countries mena 840 billion barrels proven crude oil reserves also control around 80 trillion cubic metres proven gas reserves believe pursuing sources sustainable energy oil gas continue significant supplier energy mix decades mena region significant growth potential team track record expertise unified vision get job done abdel badwi tag executive chairman x200b nb recent released sixmonth numbers state highlights period include company c230 million june 30 2023 c155 million cash cash equivalents c247 million june 30 2023 c179 million working capital debt x200b recent developments include closed cdn123 million bought deal drilling badr oil underway good oil shows abu roash f arf drilling continues bed 17 well production since april 2023 reached cumulative production approximately 10000 barrels oil arf arfs success opens future planning bed1 field many 13 opec nations within mena region standardized list countries included mena region term typically comprises area morocco northwest africa iran southwest asia sudan africa lets review properties mena globally extensive unique tag holds interest badr oil field bed1 26000acre concession located western desert egypt production services agreement psa badr petroleum company bpco research capital follows tag made projections rating target price price target market cap projected return speculative buy current c050 projected c125 projected return 1155 market cap c10470 tag remains debtfree estimate company current positive working capital 25mm bill newman cfa research capital expansion israelhamas war depending severity could cause oil rise usd100 barrel us157 highest oil price record july 2008 brent traded high 1475 per barrel according data lseg currently menaspecific etfs us encompasses entire region instead american investors access several subregional countryspecific etfs x200b given paucity vehicles allowing investors mena exposure countryspecific etfs tag serious consideration investors want plug global massive active oil area mena covers surface 15 million square kilometres contains 6 percent worlds population european unions eu population three smallest countries bahrain djibouti qatar population half million inhabitants contrast two largest countries egypt islamic republic iran comprise 60 million inhabitants together algeria morocco sudan five populated countries account 70 percent regions population almost half population lives cities mena likely place watchlistportfolio well oil proxy drops directly worlds largest oil area oh yes case forgot tag lots cash debt investment tag goes well youll lots cash debt,positive,1,1702930952.0,1
Algeria,Algeria sustainable development,x200b tag oil ltd tsxv tao otcqx taoif tag oil company based vancouver bc focuses operations badr oil field western desert egypt company unique mena middle east north africa oil play x200b mena largest global oil reserve 57 oil 41 natural gas together opec member countries mena 840 billion barrels proven crude oil reserves also control around 80 trillion cubic metres proven gas reserves believe pursuing sources sustainable energy oil gas continue significant supplier energy mix decades mena region significant growth potential team track record expertise unified vision get job done abdel badwi tag executive chairman x200b nb recent released sixmonth numbers state highlights period include company c230 million june 30 2023 c155 million cash cash equivalents c247 million june 30 2023 c179 million working capital debt x200b recent developments include closed cdn123 million bought deal drilling badr oil underway good oil shows abu roash f arf drilling continues bed 17 well production since april 2023 reached cumulative production approximately 10000 barrels oil arf arfs success opens future planning bed1 field many 13 opec nations within mena region standardized list countries included mena region term typically comprises area morocco northwest africa iran southwest asia sudan africa lets review properties mena globally extensive unique tag holds interest badr oil field bed1 26000acre concession located western desert egypt production services agreement psa badr petroleum company bpco research capital follows tag made projections rating target price price target market cap projected return speculative buy current c050 projected c125 projected return 1155 market cap c10470 tag remains debtfree estimate company current positive working capital 25mm bill newman cfa research capital expansion israelhamas war depending severity could cause oil rise usd100 barrel us157 highest oil price record july 2008 brent traded high 1475 per barrel according data lseg currently menaspecific etfs us encompasses entire region instead american investors access several subregional countryspecific etfs x200b given paucity vehicles allowing investors mena exposure countryspecific etfs tag serious consideration investors want plug global massive active oil area mena covers surface 15 million square kilometres contains 6 percent worlds population european unions eu population three smallest countries bahrain djibouti qatar population half million inhabitants contrast two largest countries egypt islamic republic iran comprise 60 million inhabitants together algeria morocco sudan five populated countries account 70 percent regions population almost half population lives cities mena likely place watchlistportfolio well oil proxy drops directly worlds largest oil area oh yes case forgot tag lots cash debt investment tag goes well youll lots cash debt,positive,1,1702930870.0,1
Algeria,Algeria sustainable development,x200b tag oil ltd tsxv tao otcqx taoif tag oil company based vancouver bc focuses operations badr oil field western desert egypt company unique mena middle east north africa oil play x200b mena largest global oil reserve 57 oil 41 natural gas together opec member countries mena 840 billion barrels proven crude oil reserves also control around 80 trillion cubic metres proven gas reserves believe pursuing sources sustainable energy oil gas continue significant supplier energy mix decades mena region significant growth potential team track record expertise unified vision get job done abdel badwi tag executive chairman x200b nb recent released sixmonth numbers state highlights period include company c230 million june 30 2023 c155 million cash cash equivalents c247 million june 30 2023 c179 million working capital debt x200b recent developments include closed cdn123 million bought deal drilling badr oil underway good oil shows abu roash f arf drilling continues bed 17 well production since april 2023 reached cumulative production approximately 10000 barrels oil arf arfs success opens future planning bed1 field many 13 opec nations within mena region standardized list countries included mena region term typically comprises area morocco northwest africa iran southwest asia sudan africa lets review properties mena globally extensive unique tag holds interest badr oil field bed1 26000acre concession located western desert egypt production services agreement psa badr petroleum company bpco research capital follows tag made projections rating target price price target market cap projected return speculative buy current c050 projected c125 projected return 1155 market cap c10470 tag remains debtfree estimate company current positive working capital 25mm bill newman cfa research capital expansion israelhamas war depending severity could cause oil rise usd100 barrel us157 highest oil price record july 2008 brent traded high 1475 per barrel according data lseg currently menaspecific etfs us encompasses entire region instead american investors access several subregional countryspecific etfs x200b given paucity vehicles allowing investors mena exposure countryspecific etfs tag serious consideration investors want plug global massive active oil area mena covers surface 15 million square kilometres contains 6 percent worlds population european unions eu population three smallest countries bahrain djibouti qatar population half million inhabitants contrast two largest countries egypt islamic republic iran comprise 60 million inhabitants together algeria morocco sudan five populated countries account 70 percent regions population almost half population lives cities mena likely place watchlistportfolio well oil proxy drops directly worlds largest oil area oh yes case forgot tag lots cash debt investment tag goes well youll lots cash debt,positive,1,1702930810.0,1
Algeria,Algeria sustainable development,x200b tag oil ltd tsxv tao otcqx taoif tag oil company based vancouver bc focuses operations badr oil field western desert egypt company unique mena middle east north africa oil play x200b mena largest global oil reserve 57 oil 41 natural gas together opec member countries mena 840 billion barrels proven crude oil reserves also control around 80 trillion cubic metres proven gas reserves believe pursuing sources sustainable energy oil gas continue significant supplier energy mix decades mena region significant growth potential team track record expertise unified vision get job done abdel badwi tag executive chairman x200b nb recent released sixmonth numbers state highlights period include company c230 million june 30 2023 c155 million cash cash equivalents c247 million june 30 2023 c179 million working capital debt x200b recent developments include closed cdn123 million bought deal drilling badr oil underway good oil shows abu roash f arf drilling continues bed 17 well production since april 2023 reached cumulative production approximately 10000 barrels oil arf arfs success opens future planning bed1 field many 13 opec nations within mena region standardized list countries included mena region term typically comprises area morocco northwest africa iran southwest asia sudan africa lets review properties mena globally extensive unique tag holds interest badr oil field bed1 26000acre concession located western desert egypt production services agreement psa badr petroleum company bpco research capital follows tag made projections rating target price price target market cap projected return speculative buy current c050 projected c125 projected return 1155 market cap c10470 tag remains debtfree estimate company current positive working capital 25mm bill newman cfa research capital expansion israelhamas war depending severity could cause oil rise usd100 barrel us157 highest oil price record july 2008 brent traded high 1475 per barrel according data lseg currently menaspecific etfs us encompasses entire region instead american investors access several subregional countryspecific etfs x200b given paucity vehicles allowing investors mena exposure countryspecific etfs tag serious consideration investors want plug global massive active oil area mena covers surface 15 million square kilometres contains 6 percent worlds population european unions eu population three smallest countries bahrain djibouti qatar population half million inhabitants contrast two largest countries egypt islamic republic iran comprise 60 million inhabitants together algeria morocco sudan five populated countries account 70 percent regions population almost half population lives cities mena likely place watchlistportfolio well oil proxy drops directly worlds largest oil area oh yes case forgot tag lots cash debt investment tag goes well youll lots cash debt,positive,1,1702412401.0,1
Algeria,Algeria sustainable development,x200b tag oil ltd tsxv tao otcqx taoif tag oil company based vancouver bc focuses operations badr oil field western desert egypt company unique mena middle east north africa oil play x200b mena largest global oil reserve 57 oil 41 natural gas together opec member countries mena 840 billion barrels proven crude oil reserves also control around 80 trillion cubic metres proven gas reserves believe pursuing sources sustainable energy oil gas continue significant supplier energy mix decades mena region significant growth potential team track record expertise unified vision get job done abdel badwi tag executive chairman x200b nb recent released sixmonth numbers state highlights period include company c230 million june 30 2023 c155 million cash cash equivalents c247 million june 30 2023 c179 million working capital debt x200b recent developments include closed cdn123 million bought deal drilling badr oil underway good oil shows abu roash f arf drilling continues bed 17 well production since april 2023 reached cumulative production approximately 10000 barrels oil arf arfs success opens future planning bed1 field many 13 opec nations within mena region standardized list countries included mena region term typically comprises area morocco northwest africa iran southwest asia sudan africa lets review properties mena globally extensive unique tag holds interest badr oil field bed1 26000acre concession located western desert egypt production services agreement psa badr petroleum company bpco research capital follows tag made projections rating target price price target market cap projected return speculative buy current c050 projected c125 projected return 1155 market cap c10470 tag remains debtfree estimate company current positive working capital 25mm bill newman cfa research capital expansion israelhamas war depending severity could cause oil rise usd100 barrel us157 highest oil price record july 2008 brent traded high 1475 per barrel according data lseg currently menaspecific etfs us encompasses entire region instead american investors access several subregional countryspecific etfs x200b given paucity vehicles allowing investors mena exposure countryspecific etfs tag serious consideration investors want plug global massive active oil area mena covers surface 15 million square kilometres contains 6 percent worlds population european unions eu population three smallest countries bahrain djibouti qatar population half million inhabitants contrast two largest countries egypt islamic republic iran comprise 60 million inhabitants together algeria morocco sudan five populated countries account 70 percent regions population almost half population lives cities mena likely place watchlistportfolio well oil proxy drops directly worlds largest oil area oh yes case forgot tag lots cash debt investment tag goes well youll lots cash debt,positive,1,1702412337.0,1
Algeria,Algeria sustainable development,x200b tag oil ltd tsxv tao otcqx taoif tag oil company based vancouver bc focuses operations badr oil field western desert egypt company unique mena middle east north africa oil play x200b mena largest global oil reserve 57 oil 41 natural gas together opec member countries mena 840 billion barrels proven crude oil reserves also control around 80 trillion cubic metres proven gas reserves believe pursuing sources sustainable energy oil gas continue significant supplier energy mix decades mena region significant growth potential team track record expertise unified vision get job done abdel badwi tag executive chairman x200b nb recent released sixmonth numbers state highlights period include company c230 million june 30 2023 c155 million cash cash equivalents c247 million june 30 2023 c179 million working capital debt x200b recent developments include closed cdn123 million bought deal drilling badr oil underway good oil shows abu roash f arf drilling continues bed 17 well production since april 2023 reached cumulative production approximately 10000 barrels oil arf arfs success opens future planning bed1 field many 13 opec nations within mena region standardized list countries included mena region term typically comprises area morocco northwest africa iran southwest asia sudan africa lets review properties mena globally extensive unique tag holds interest badr oil field bed1 26000acre concession located western desert egypt production services agreement psa badr petroleum company bpco research capital follows tag made projections rating target price price target market cap projected return speculative buy current c050 projected c125 projected return 1155 market cap c10470 tag remains debtfree estimate company current positive working capital 25mm bill newman cfa research capital expansion israelhamas war depending severity could cause oil rise usd100 barrel us157 highest oil price record july 2008 brent traded high 1475 per barrel according data lseg currently menaspecific etfs us encompasses entire region instead american investors access several subregional countryspecific etfs x200b given paucity vehicles allowing investors mena exposure countryspecific etfs tag serious consideration investors want plug global massive active oil area mena covers surface 15 million square kilometres contains 6 percent worlds population european unions eu population three smallest countries bahrain djibouti qatar population half million inhabitants contrast two largest countries egypt islamic republic iran comprise 60 million inhabitants together algeria morocco sudan five populated countries account 70 percent regions population almost half population lives cities mena likely place watchlistportfolio well oil proxy drops directly worlds largest oil area oh yes case forgot tag lots cash debt investment tag goes well youll lots cash debt,positive,1,1702412281.0,1
Algeria,Algeria sustainable development,x200b tag oil ltd tsxv tao otcqx taoif tag oil company based vancouver bc focuses operations badr oil field western desert egypt company unique mena middle east north africa oil play x200b mena largest global oil reserve 57 oil 41 natural gas together opec member countries mena 840 billion barrels proven crude oil reserves also control around 80 trillion cubic metres proven gas reserves believe pursuing sources sustainable energy oil gas continue significant supplier energy mix decades mena region significant growth potential team track record expertise unified vision get job done abdel badwi tag executive chairman x200b nb recent released sixmonth numbers state highlights period include company c230 million june 30 2023 c155 million cash cash equivalents c247 million june 30 2023 c179 million working capital debt x200b recent developments include closed cdn123 million bought deal drilling badr oil underway good oil shows abu roash f arf drilling continues bed 17 well production since april 2023 reached cumulative production approximately 10000 barrels oil arf arfs success opens future planning bed1 field many 13 opec nations within mena region standardized list countries included mena region term typically comprises area morocco northwest africa iran southwest asia sudan africa lets review properties mena globally extensive unique tag holds interest badr oil field bed1 26000acre concession located western desert egypt production services agreement psa badr petroleum company bpco research capital follows tag made projections rating target price price target market cap projected return speculative buy current c050 projected c125 projected return 1155 market cap c10470 tag remains debtfree estimate company current positive working capital 25mm bill newman cfa research capital expansion israelhamas war depending severity could cause oil rise usd100 barrel us157 highest oil price record july 2008 brent traded high 1475 per barrel according data lseg currently menaspecific etfs us encompasses entire region instead american investors access several subregional countryspecific etfs x200b given paucity vehicles allowing investors mena exposure countryspecific etfs tag serious consideration investors want plug global massive active oil area mena covers surface 15 million square kilometres contains 6 percent worlds population european unions eu population three smallest countries bahrain djibouti qatar population half million inhabitants contrast two largest countries egypt islamic republic iran comprise 60 million inhabitants together algeria morocco sudan five populated countries account 70 percent regions population almost half population lives cities mena likely place watchlistportfolio well oil proxy drops directly worlds largest oil area oh yes case forgot tag lots cash debt investment tag goes well youll lots cash debt,positive,1,1701801283.0,1
Algeria,Algeria sustainable development,x200b tag oil ltd tsxv tao otcqx taoif tag oil company based vancouver bc focuses operations badr oil field western desert egypt company unique mena middle east north africa oil play x200b mena largest global oil reserve 57 oil 41 natural gas together opec member countries mena 840 billion barrels proven crude oil reserves also control around 80 trillion cubic metres proven gas reserves believe pursuing sources sustainable energy oil gas continue significant supplier energy mix decades mena region significant growth potential team track record expertise unified vision get job done abdel badwi tag executive chairman x200b nb recent released sixmonth numbers state highlights period include company c230 million june 30 2023 c155 million cash cash equivalents c247 million june 30 2023 c179 million working capital debt x200b recent developments include closed cdn123 million bought deal drilling badr oil underway good oil shows abu roash f arf drilling continues bed 17 well production since april 2023 reached cumulative production approximately 10000 barrels oil arf arfs success opens future planning bed1 field many 13 opec nations within mena region standardized list countries included mena region term typically comprises area morocco northwest africa iran southwest asia sudan africa lets review properties mena globally extensive unique tag holds interest badr oil field bed1 26000acre concession located western desert egypt production services agreement psa badr petroleum company bpco research capital follows tag made projections rating target price price target market cap projected return speculative buy current c050 projected c125 projected return 1155 market cap c10470 tag remains debtfree estimate company current positive working capital 25mm bill newman cfa research capital expansion israelhamas war depending severity could cause oil rise usd100 barrel us157 highest oil price record july 2008 brent traded high 1475 per barrel according data lseg currently menaspecific etfs us encompasses entire region instead american investors access several subregional countryspecific etfs x200b given paucity vehicles allowing investors mena exposure countryspecific etfs tag serious consideration investors want plug global massive active oil area mena covers surface 15 million square kilometres contains 6 percent worlds population european unions eu population three smallest countries bahrain djibouti qatar population half million inhabitants contrast two largest countries egypt islamic republic iran comprise 60 million inhabitants together algeria morocco sudan five populated countries account 70 percent regions population almost half population lives cities mena likely place watchlistportfolio well oil proxy drops directly worlds largest oil area oh yes case forgot tag lots cash debt investment tag goes well youll lots cash debt,positive,1,1701797710.0,1
Algeria,Algeria sustainable development,western sahara namibia last colony african soil 7th nov 2023 700 pm 900 pm talk dr manfred hinz namibia scientific society 110 robert mugabe ave windhoek namibia future oceans 8th nov 2023 700 pm 900 pm embassy spain collaboration namibia scientific society national commission research science technologyncrst invite future oceans namibia scientific society 110 robert mugabe ave windhoek namibia view 4 gas giants planets 10th 11th nov 2023 700 pm 1100 pm dorothea von dewitz simon van der lingen lutz von dewitz cuno hoffmeister memorial observatory windhoek namibia tuesday 7th november 2023 19h00 public talk dr manfred hinz western sahara namibia last colony african soil people western sahara fight decolonization selfdetermination spain colonizer western sahara morocco mauretania two countries spain handed colony violation international law treaty madrid 1975 years war ceasefire polisario front liberation movement sahrawi morocco mauretania seemed open way peaceful solution conflict supervision united nations referendum determine whether people western sahara wanted independence part kingdom morocco morocco prevented holding referendum today bigger part western sahara occupied morocco remaining nonoccupied part including territories refugee camps algeria polisario founded sahrawi arab democratic republic dars 1976 recognition dars state controversial dars member african union sadc countries namibia important international agents stand solution problem western sahara terms international law presentation offer insight history western sahara efforts end conflict around comparing process decolonization namibia western sahara special emphasis given relevant cases national international courts manfred hinz professor emof public law political sociology sociology law university bremen works adjunct professor law african studies constructor university bremen living working namibia 1990 2010 cofounded faculty law today school law university namibia succeeding founding dean dean held namibian unesco chair human rights democracy back germany manfred hinz rejoined german movement solidarity people western sahara coeditor book westsahara afrikas letzte kolonie berlin regiospectra verlag 2021 wednesday 8th november 2023 19h00 part national science week 2023 embassy spain collaboration namibia scientific society national commission research science technology ncrst invite documentary future oceans 2021 united nations proclaimed decade ocean science sustainable development 20212030 support efforts reverse cycle ocean health decline improve conditions sustainable development ocean spanish institute oceanography ieocsic provides ocean science part initiative released documentary future ocean 2022 result research highlights importance oceanography understanding oceans work ie role ocean global climate following documentary spanish oceanographer dr janlukas menzel elaborate scientific data collected oceanographic expedition along economic exclusive zone namibia highlighting tipping points oceans regarding current global climate situation running time documentary 52 min dr janlukas menzel spanish oceanographer holds marine science degree university vigo spain triple join masters degree marine environment resources university southampton uk university bordeaux france university basque country spain phd natural sciences university kiel germany council member cluster excellence marine science future ocean kiel germany well association early career polar scientists apecs also cofounded spanish association researchers south africa year 2018 includes countries southern africa field expertise encompasses oceanic global biogeochemical cycles focus marine cycling nutrients metals carbon cycle part research involved several largescale scientific expeditions spanning artic polar circle antarctic polar circle including expedition started ended walvis bay namibia published around 20 scientific articles review editor journal frontiers marine sciences recently also led early career scientists expert review 6th ipcc working group 2 report currently runs environmental consultancy company assessing environmental risks marine terrestrial projects plans star gazing 10th november already fully booked still limited space saturday 11 november 2023 program relevant booking form event limited 20 people hope see one events,positive,4,1699018594.0,1
Algeria,Algeria sustainable development,natural hydrogen potential gamechanger global transition clean energy cleanburning fuel used generate electricity power vehicles produce heat unlike forms hydrogen green hydrogen blue hydrogen natural hydrogen produced without need electricity fossil fuels recent study published journal nature energy found massive deposits natural hydrogen stored underground around world study estimates total amount natural hydrogen stored underground could high 500 quadrillion cubic meters enough hydrogen power world 500 years study found largest deposits natural hydrogen located middle east north america africa australia following specific countries natural hydrogen deposits found middle east saudi arabia iraq iran qatar united arab emirates north america united states canada africa algeria libya egypt mauritania mali australia south australia discovery massive deposits natural hydrogen major breakthrough means vast sustainable source clean energy available us natural hydrogen could play major role helping us reduce reliance fossil fuels combat climate change number advantages using natural hydrogen source energy first cleanburning fuel produces zero emissions second abundant fuel source third used generate electricity power vehicles produce heat makes versatile fuel source however also challenges associated production natural hydrogen one challenge difficult find extract natural hydrogen another challenge natural hydrogen often mixed gases methane carbon dioxide need removed hydrogen used despite challenges potential natural hydrogen source clean energy significant researchers companies around world working develop new efficient ways find extract purify natural hydrogen efforts successful natural hydrogen could play major role global transition clean energy future potential applications natural hydrogen power generation natural hydrogen used generate electricity variety ways including gas turbines fuel cells combined heat power plants transportation natural hydrogen used power vehicles cars trucks buses also used power ships trains industrial uses natural hydrogen used variety industrial processes steelmaking ammonia production oil refining discovery massive deposits natural hydrogen major step forward development clean energy technologies natural hydrogen potential play significant role helping us reduce reliance fossil fuels combat climate change visit website today learn exciting technology,positive,7,1696477692.0,1
Algeria,Algeria sustainable development,know tiny little bit history business ancient china ancient india etc dont know enough call historian economics problem want able talk economics ancient world present day although moment particularly interested naval arsenal venice founded 1104 see lot claims widely accepted seem unreasonable adam smith invented capitalism published wealth nations 1776 see lot unscholarly claims like capitalism invented 16th century immediately capitalists intensified slavery many people seem agree mercantilism dominated europe 16th 18th century cant find widely recognized term merchants prior 16th century try say things like 12thcentury venice capitalism people usually remind capitalism means relatively modern capitalism avoids mercantilism apparently definition capitalism tied colonialism summarize practice colonialism dates around 1550 bce ancient greece ancient rome ancient egypt phoenicia began extending control adjacent noncontiguous territories using superior military power ancient civilizations established colonies made use skills resources people conquered expand empires world history full examples one society gradually expanding incorporating adjacent territory settling people newly conquered territory colonialism restricted specific time place nevertheless sixteenth century colonialism changed decisively technological developments navigation began connect remote parts world fast sailing ships made possible reach distant ports sustain close ties center colonies thus modern european colonial project emerged became possible move large numbers people across ocean maintain political sovereignty spite geographical dispersion entry uses term colonialism describe process european settlement political control rest world including americas australia parts africa asia difficulty defining colonialism stems fact term often used synonym imperialism colonialism imperialism forms conquest expected benefit europe economically strategically term colonialism frequently used describe settlement north america australia new zealand algeria brazil places controlled large population permanent european residents term imperialism often describes cases foreign government administers territory without significant settlement typical examples include scramble africa late nineteenth century american domination philippines puerto rico distinction two however entirely consistent literature,positive,44,1637999947.0,1
Algeria,Algeria sustainable development,hello fellow african romlang creators periodically made attempts african romlang years dropped unsatisfactory going tried set couple goals make african romlang could exist todays world speakers similar syriac christians syria turkey follow similar phonological development sardinian still keep distinct incorporate multiple layers influence early period amazigh languages middle period amazigh arabic modern french arabic arabic french present prestige languages whereas amazigh languages substrate influences would uniform vary dialect dialect amazigh arabic influence vocab phonology grammar innovation reinforcement conservative aspects grammar maintaining romance flavor work perspective multiple dialects reports conservative romance language spoken former province africa arent afroromance speakers want sense divergent language realistic romance language isolated others geography politics would diverge see romanian especially nonromance prestige languages location african romlang spoken former province mauretania specifically atlas mountains communities exist eastward rif either assimilated early surrounding arab amazigh communities speakers switched french spanish colonial era records could left today communities exist predominantly oujda various cities oriental region morocco tlemcen rural villages tell atlas central atlas high plateau murtanian communities significant parts oujda tlemcen recent community oran algiers cherchell caeserea population algiers cherchell oran quickly assimilated french rule due french christian settlement forced assimilation refused assimilate migrated west toward tlemcen influencing dialect however small revival occurring oran within small remaining christians community well small back migration people could trace ancestry communities small community exists fes recent rural migrants oujda largest population followed tlemcen rest scattered among smaller cities rural villages often near monasteries people deviate projects mentioned descendants christians roman province mauretania called romans murtaniiun sus murtaniiun oujda dialect murtanians english west dominated churches aligned bishop rome aka pope uniformly case north africa north africa presence donatist communities communities bishops schism rome issue priestly purity communities fairly varied one sect strongly emphasized martyrdom engaging violence achieve however donatist group interest project rogatists rogatists pacifist trend within donatism specifically centered mauretania caesariensis point departure rogatists greater number developed moderate stance religious purity laity developing strong monastic tradition connection focus spiritual purity monasteries became centers rural life helped sustain murtanian communities times persecutions muslim conquest north africa pacifist inclination murtanians led accept muslim rule even though relationship periods tense murtanians able weather conquest well hilalian invasion urban populations fairly strong producing couple intellectuals mostly wrote arabic language modern times murtanian language largely spoken language monasteries clergy still used latin 18th century late 18th century murtanian started used liturgical contexts monasteries started producing texts written either latin arabic script liturgy translated early version eastern modern murtanian notable arabic terms made way murtanian religious vocabulary use allah refer god rabb title god rabb jesus cristu language today spoken 562000 murtanians 1 million murtanians morocco algeria diaspora oujda 200000 speakers 150000 oujda proper additional 50000 surrounding towns 100000 nador berkane taourirt 60000 tlemcen 30000 spoken villages across tell atlas 40000 villages across high plateau 25000 central atlas 5000 bouarfa 2000 fes additional 100000 speakers abroad mostly france us canada language considered endangered due post independence arabization morocco arabization education algeria younger generations increasingly adopted local varieties arabic also result varieties murtanian spoken cities increasingly gained arabic influences result murtanian community church working engage efforts protect grow use murtanian among community language policy reform morocco aided efforts improvement seen murtanian language academy established oujda order create standard murtanian koine primarily based oujda dialect eastern dialects still decline though communities petitioning government allow bilingual education arabic murtanian,positive,14,1681331372.0,1
Algeria,Algeria sustainable development,please find comments 39 new vacancies opened since saturday 20 may data come un talent every open volunteering position un communications amp pr gao mali officier de linformation publique pio un minusma united nations multidimensional integrated stabilization mission mali expires 13 days unv international specialist unvorg security kinshasa democratic republic congo goma democratic republic congo unv associate investigator monusco united nations organisation stabilization mission democratic republic congo expires 11 days unv international specialist unvorg legal crisis amp emergency response communications amp pr cairo egypt associate external relations officer unhcr un high commissioner refugees expires 13 days unv international specialist unvorg crisis amp emergency response apartado colombia cb protection assistant unhcr un high commissioner refugees expires 13 days unv national specialist unvorg algiers algeria child protection child rights associate unicef united nations childrens fund expires 13 days unv international youth unvorg muyinga burundi associate resettlement officer unhcr un high commissioner refugees expires 13 days unv international specialist unvorg logistics amp procurement goma democratic republic congo unv vehicle spare parts acquisition planning assistant monusco united nations organisation stabilization mission democratic republic congo expires 13 days unv international specialist unvorg programme amp policy admin finance amp economy bogotá colombia programme assistant unhcr un high commissioner refugees expires 13 days unv national specialist unvorg admin amman jordan program associate unicef united nations childrens fund expires 13 days unv national specialist unvorg teaching amp training crisis amp emergency response child protection education expert unicef united nations childrens fund expires 13 days unv national expert unvorg medical amp health baku azerbaijan technical assistant world health organization expires 13 days unv national specialist unvorg admin interpretation amp translation kyiv ukraine interpreter undp rrdrr undp united nations development programme expires 13 days unv national expert unvorg programme amp policy amp telecom nairobi kenya programme assistant data information management unep united nations environment programme expires 13 days unv national specialist unvorg amp telecom engineering goma democratic republic congo wash officer unicef united nations childrens fund expires 13 days unv national expert unvorg english portuguese translation unbl restoration collection undp united nations development programme expires 13 days unv unvorg assist video scripts writing environmental education awareness morobe development foundation inc expires 13 days unv unvorg support literature review effective organisational communication morobe development foundation inc expires 13 days unv unvorg admin logistics amp procurement kyiv ukraine premises assistant iom un migration expires 12 days unv national specialist unvorg amp telecom kyiv ukraine odessa ukraine lviv ukraine dnipro ukraine poltava ukraine national data management officer undp united nations development programme expires 12 days unv national specialist unvorg quibdo colombia oficial nacional de terreno unvmc united nations verification mission colombia expires 12 days unv national specialist unvorg florencia colombia oficial nacional de terreno unvmc united nations verification mission colombia expires 12 days unv national specialist unvorg unaids staff development performance french translation assignment unaids joint united nations programme hivaids expires 12 days unv unvorg online course content translation english french unaids sdp unaids joint united nations programme hivaids expires 12 days unv unvorg design flyers unv retreat unv united nations volunteers expires 12 days unv unvorg support market screening global online virtual digital volunteering platforms unv volunteer solutions section expires 12 days unv unvorg translation descriptions assignment french english unv united nations volunteers expires 12 days unv unvorg communications amp pr auxiliar de comunicación participación comunitaria iom un migration expires 12 days unv national specialist unvorg communications amp pr hanoi vietnam ureport youth engagement officer unicef vietnam expires 12 days unv national youth unvorg programme amp policy environment bamako mali programme assistant undp united nations development programme expires 12 days unv national youth unvorg logistics amp procurement kabul afghanistan supply logistics specialist unama united nations assistance mission afghanistan expires 12 days unv international specialist unvorg admin communications amp pr logistics amp procurement kabul afghanistan welfare officer unama united nations assistance mission afghanistan expires 12 days unv international specialist unvorg support undp encore project communication undp united nations development programme expires 12 days unv unvorg communications amp pr bishkek kyrgyzstan partnerships specialist wfp world food programme expires 12 days unv international specialist unvorg software testing reporting undp united nations development programme expires 12 days unv unvorg elections amp governance ndele central african republic kagabandoro central african republic associate civil affairs officer minusca mission intégrée pour la stabilisation en république centrafricaine expires 12 days unv international specialist unvorg support early childhood development education cswoi compassion soul winners outreach international expires 12 days unv unvorg news writing information dissemination un sustainability news universal versatile society expires 12 days unv unvorg design sustainable climateproof bus stop karantina lebanon undp united nations development programme expires 12 days unv unvorg traducción de guion españolinglés movilización gran escala en ecuador unv united nations volunteers expires 12 days unv unvorg next post 3 days,positive,1,1684867089.0,1
Algeria,Algeria sustainable development,energy rewrite mess french im tired google translate sub toxic joined around bit year ago see gets ratchet toxic time passes like actually hell like weird get toxic mean constant atheist vs muslim wars sub yall toxic atheists reason whole vendetta islam keep bashing islam every time get like trying fight something happened past im sorry introduced hardliner islam many bad effects mentally spiritually show distortion real thing get hope find islam hardline like people made muslims engage back forth nonsense toxic atheist sub taking hadiths context like exmuslims taking quran verses islamic principles context quoting everything looking historical context either applying stuff present day societies im tired point thank muslims actually shown islam beautiful actually shown things proper context quoting things fully thank hope allah rewards immensely people muslim nonmuslim sadly people sub actually know thank im honestly tired toxic people comes religion fight fight fight lot misconceptions keep getting reproduced racist people hate group former ill say mixed algerians come sub mix white european algerian black algerian et cetera im sure anyone sub asian algerian anyways racist people love exclude anyone shade browner blank sheet paper like hello algerians come many shades fair skin people like zineddine zidane brown skin people like wonderful legendary cheb khaled algerian wellknown algerian household name stop gatekeeping algerian racist people family may fair skin part mean thats reflection every algerian also berber may brown skin mean slave descendant slave amazing none say fair skin ones descendant slaves despite europeans captured slavery north africa wanna talk dark black africans slaves northern africa tiring point especially ive read descriptions berbers described fair dark skin linguist warriors group seems vehemently hate french language well sorry algeria got colonized france explains reason arabic one official languages dont hate arabic also shows algeria colonized arabs algeria muslim country without arabic official language look gambia hate french language flipping language people many algerians cannot even speak french well matter anyways also icomplaining literally nothing change official languages changing official language english going make algeria first world developed nation like think language determine countrys economic development thats government trading deals domestic companies growing infant industries international companies investing country instead thinking french holding back start looking lack employment job scarcity poor economy holding country back tourism going help revitalize economy company relies solely tourism shows economy already failing cannot support sustain makes country dependent see youll never dependent foreigners way berberist vs arabist wars people something better sorry break genetically berber many genetically mix berber european middle eastern care want identify berber arab algerian choice really cruising others ancestries cursed ancestors please arab algerians straight middle east arab calm thank dear berberist people racist arab algerians doesnt help either ones ancestors got detribalized subsequently got arabized ones fought hard keep entertaining stupid fights tired seeing figthts coming ive sub little year ive seen stupid fights pop enough times problem look search engine sub history repeating sub jobs children tend school something sexist people seen much women sexist mainly men needless say bashing another sex nothing insulting women spreading sexist propaganda insulting women wrong imagine mother would feel would like someone telling mother something sexist also since love jump stuff hijab different opinions hijab respect different opinions please women still dress modestly men much men even cover lower abdomen thighs yet men say nothing complaints find anything bash women think makes better pious person stop using women easy target know life know knows opinion follows know struggles go cover thighs going beach first cover lower abdomen first instead flaunting rest humanity insulting women still wear clothes like piety called sexist rude please please please stop bashing west stop praising westerner european north american make better make worse people want praise west like best place earth like cursing like bad please stop wrong keep thinking grass greener side west godforsaken place sides extreme need chill look reality stop believing myths west youre necessarily free may think life easy make think sex everywhere readymade open brothel like may think might actually get arrested first sexual harassment behave problems like place theres need romanticize villainize west amazing toxic sub truly really toll mentally speaking already worsen preexisting mental conditions amazing many people toxic sad truly,positive,60,1606854929.0,1
Algeria,Algeria sustainable development,1 worlds solar panels africa potential generate 40 worlds electricity solar energy algeria particular huge potential solar energy estimated 20002600 kilowatthours per square meter per year according african development bank continent could generate 10 terawatts solar power 2030 could increase access reliable affordable electricity millions people development solar energy sector algeria could also create job opportunities young people potential create 200000 jobs 2030 plus investing renewable energy positive impact economy example 1000 megawatt solar project algeria could lead 25 billion private investment create 10000 jobs exciting see potential solar energy africa opportunities bring energy access economic growth lets keep shining light power sun working towards sustainable future economy investment energy africa,positive,1,1682635128.0,1
Algeria,Algeria sustainable development,algeria potential become prosperous country algeria abundant natural resources including oil gas reserves minerals agricultural land support economic growth development addition algerias strategic location crossroads north africa mediterranean makes potentially important trade investment hub however algeria faces several challenges achieving prosperity including high unemployment rate large informal economy lack economic diversification political social instability addressing challenges require significant reforms including measures promote private sector development improve infrastructure education create businessfriendly environment algeria also young growing population presents opportunities challenges harnessed effectively youth demographic could drive innovation entrepreneurship left unaddressed could also lead social political instability despite challenges algeria made progress recent years improving economic performance attracting foreign investment algerian government launched several economic reform programs aimed diversifying economy reducing dependence oil gas country also made strides infrastructure development particularly areas transport energy overall algeria potential become prosperous country require sustained efforts commitment government private sector civil society overcome challenges seize opportunities musks chatgpt asked algeria potential becoming prosperous country,positive,0,1678196012.0,1
Algeria,Algeria sustainable development,hunger nbsp institutions federation process establishing budding ministry research agriculture department granted first true task determining feed people available avenues must explored regardless ideological scruples time matters enough table nbsp country explored nbsp long march begins within federation surveys measurements must conducted factors directly relevant agriculture even many factors necessarily known survey geological formations soil composition measurements rainfall weather patterns tracking monsoon season multiple years study interplay wild habitats cultivated land cataloging freshwater resources measurement productivity yield crops different regions determination best land use prove essential mapping countrys capacity feed french assistance sought course initial yearlong land survey subsequent monitoring would stand gain potential increase export products vanilla coffee nbsp overseas expertise nbsp much learn others developments agriculture aquaculture across globe could prove essential keys unlock homelands potential special agricultural delegations assembled visit foreign lands special focus similar climates andor highly developed agricultural efficiency said expeditions shall seek study record handson production staple export crops takes place mainland france algeria china united states brazil indonesia india canada norway soviet union australia finland israel objectives acquire wideranging holistic view world agricultural systems order bring concepts potentially crop products home enrich federations capacity growth agricultural sector nbsp applied knowledge nbsp knowledge gained first two aspects agricultural development experimentation determine knowledge useful viable go implementing trials different methods measurement growing cropping provide best possible chances improve overall yields studies newly imported crop material techniques pest control harvesting net future potential sectors maturity naturally seek french cooperation endeavor well ensure scientific rigor process nbsp nbsp milestone become agriculturally selfsustaining 37,positive,6,1610677508.0,1
Algeria,Algeria sustainable development,first phase desertec resounding success large amounts energy generated across north africa sent europe adir met local energy demand currently supplies large amount power europe continuing path adir wishes commence phase ii project would integrate north african european electricity grids provide cheap renewable energy years come solar concentrators fourteen solar concentrators currently provide power much western europe meeting significant portion european energy needs entirely fulfilling domestic requirements oil gas fueled power plants continue operate adir backups times high load ultimately secondary form power generation seeing lucrative energy export sector europe next phase involve doubling amount solar concentrators meet 50 total european demand rather existing 20 clear us enough reduce adirs green footprint global effort required curb emissions prevent total environmental collapse investments connecting concentrators european grid via underwater hvdc connections proposed create resilient network investments rigs renewable energy sector would see 8 new solar concentrators built greatly improving output joint grid system overall solar concentrator farm section project expected completed 2044 new solar park investments also provide adir means begin mass construction several large scale reverseosmosis desalination plants would help meet adirs energy needs libya particular large amount energy required export italy well create sustainable alternative great manmade river project wind energy morocco western sahara subject winds blowing west may harnessed generate large amount energy sahara desert one windiest areas planet especially western coast lies atlantic coastal desert along western sahara mauritania several new wind farms built regions help meet local demands allow large surplus exported towards spain hoped megaproject likely cost upwards 40b funds already raised previous stage able power morocco mauritania meet 50 spanish energy demand wind energy section project expected completed 2043 future electric transportation moroccan section desertec project used fund creation five new 3b gigafactories funded separately project blida rabat intended develop adir vehicle sector begin mass production autonomous electric vehicles producing 400000 vehicles per year snvi begun rd products hopes complete facility required design level 5 automation 2043 dominating african ev av market revitalizing local economies resilient batteries lifetime 40 years bee developed minimize emissions production stage mou argentine government pursued procure large amounts chilean lithium purpose adequately compensating chilean miners efforts improve state transportation adir charging stations made available across nation greatly reducing emissions encouraging shift electric vehicles project purity desalination large amounts energy generated amenable future investments desalination plants 30 new facilities planned across country help meet adirs growing need water population grows globe warms water becoming valuable commodity prevent outright societal collapse due thirst new facilities expected meet adirs water demand also used help maintain coolclean existing desertec facilities researchers adir insittute water research work towards developing cheaper efficient means purifying seawater transporting various pipe systems easily available across adir large scale audits performed existing infrastructure replace leakage endemic algeria morocco estimated increase demand 50 simialrly desalination projects libya would help reduce reliance aquifers allow slowly replenish time instead focusing sea water project expected cost 60b complete 2042 resilient networks adir committed green energy entirely abandon oil gas new underwater pipeline built connecting north africa france reduce transportation costs increase profit moreover existing energy lines reinforced help prevent sabotage unsavoury state nonstate actors expanded include state palestine lebanon project new csp facility built countries underground high voltage connections adir europe built would ensure power outages past nothing relic distant past fusion research due export limitations tae galileo fusion reactor project adir believes remaining portion desertec projects funding devoted developing joint araboeuropean version fusion reactor implement en masse providing clean energy years come adir interested procuring 40 fusion reactors similar galileo 80m estimates assembling similar model european assistance possible least 2042 come significant cost research miniaturization fusion technologies pursued intent eventually developing cheap microfusion batteries intended high end consumer electronics 2046,positive,2,1633896532.0,1
Algeria,Algeria sustainable development,please find comments 13 new vacancies opened since friday 10 feb data come un talent every open consultant position un medical amp health programme amp policy khartoum sudan national consultant support cold chain logistics vaccine management cclampvm unicef united nations childrens fund expires 7 days consultancy uniceforg teaching amp training programme amp policy algiers algeria tindouf algeria international consultant provide technical support strengthening teachers monitoringevaluation system th unicef united nations childrens fund expires 14 days consultancy uniceforg teaching amp training programme amp policy algiers algeria tindouf algeria international consultant provide technical support strengthening learning monitoringevaluation system th unicef united nations childrens fund expires 14 days consultancy uniceforg communications amp pr chisinau moldova individual international contractor photographer document unicefs work moldova unicef united nations childrens fund expires 2 days consultancy uniceforg programme amp policy tunis tunisia consultante nationale pour le renforcement du système de gestion de cas des professionnels de la protection de lenfa unicef united nations childrens fund expires 12 days consultancy uniceforg communications amp pr prague czech republic national consultant communication documentation nationals czech republic unicef united nations childrens fund expires 7 days consultancy uniceforg leadership bangkok thailand finance accounting consultant un women expires 4 days national consultant jobsundporg leadership consultant longlisting applications retainer un women expires 12 days international consultant jobsundporg chisinau moldova un women international consultant provide capacity building programme gender equality peacebuilding peac un women expires 9 days international consultant jobsundporg international consultant genderresponsive monitoring evaluation humanitarian development peace nexus pr un women expires 9 days international consultant jobsundporg tanzania researcher zanzibar youth upskilling strategy uncdf united nations capital development fund expires 15 days international consultant jobsundporg elections amp governance graphic designer unprpd technical secretariat bppsgovernance undp united nations development programme expires 12 days international consultant jobsundporg paris france consultant sustainable tourism culture unesco united nations educational scientific cultural organization expires 11 days consultancy careersunescoorg next post 2 days,positive,1,1676220691.0,1
Algeria,Algeria sustainable development,please find comments 35 new vacancies opened since friday 20 jan data come un talent every open volunteering position un logistics amp procurement bukavu democratic republic congo integrated warehouse assistant monusco united nations organisation stabilization mission democratic republic congo expires 13 days unv national specialist unvorg medical amp health analyzing impacts climate environmental gradients vegetation health using google earth engine morobe development foundation inc expires 13 days unv unvorg provide insights recommendation design resource centre using bamboo hardware materials morobe development foundation inc expires 13 days unv unvorg research support environmental law policy morobe development foundation inc expires 13 days unv unvorg programme amp policy legal admin communications amp pr dakar senegal programme management support officer unodc united nations office drugs crime expires 13 days unv international specialist unvorg proofreading publication transnational identities diaspora engagement analysis legal frameworks iom un migration expires 13 days unv unvorg providing financial advice recommendation morobe development foundation morobe development foundation inc expires 13 days unv unvorg translation code conduct iom lebanon expires 13 days unv unvorg communications amp pr khartoum sudan public information officer unitams united nations integrated transition assistance mission sudan expires 13 days unv international specialist unvorg communications amp pr istanbul türkiye communications specialist undp united nations development programme expires 13 days unv national specialist unvorg medical amp health beni democratic republic congo nurse monusco united nations organisation stabilization mission democratic republic congo expires 10 days unv international specialist unvorg communications amp pr logistics amp procurement associate fleet management officer unhcr un high commissioner refugees expires 10 days unv international specialist unvorg logistics amp procurement torit south sudan movement control movcon assistant unmiss united nations mission republic south sudan expires 10 days unv international specialist unvorg logistics amp procurement juba south sudan aweil south sudan malakal south sudan supply chain assistant unmiss united nations mission republic south sudan expires 10 days unv international specialist unvorg legal hargeisa somalia associate rsd officer level 2 unhcr un high commissioner refugees expires 10 days unv international specialist unvorg legal admin communications amp pr dakar senegal programme coordination specialist unodc united nations office drugs crime expires 10 days unv international specialist unvorg content writing publishing istanbul international center private sector development iicpsd research wo iicpsd undp istanbul international center private sector development expires 10 days unv unvorg logistics amp procurement goma democratic republic congo associate ddr officer operations logistics monusco united nations organisation stabilization mission democratic republic congo expires 10 days unv international specialist unvorg admin cairo egypt operations assistant field support iom un migration expires 10 days unv national specialist unvorg medical amp health communications amp pr algiers algeria external relations resources mobilizations amp partnerships expert world health organization expires 10 days unv international expert unvorg admin maputo mozambique external relations support officer world health organization expires 10 days unv national specialist unvorg optimizar el sitio web wordpress asociación mexicana de psicología desarrollo comunitario expires 10 days unv unvorg proofreading editing document undp united nations development programme expires 10 days unv unvorg adding russian subtitles video english unv united nations volunteers expires 10 days unv unvorg programme amp policy supporting secondary data review programme management undp united nations development programme expires 10 days unv unvorg support early childhood development education teaching students grade 10 cswoi compassion soul winners outreach international expires 10 days unv unvorg support early childhood development education teaching students grade 1 12 cswoi compassion soul winners outreach international expires 10 days unv unvorg support early childhood development education teaching students grade r 9 cswoi compassion soul winners outreach international expires 10 days unv unvorg support research news monitoring undp united nations development programme expires 10 days unv unvorg support costestimating drawing 2d diagram water supply project papua new guinea using autocad morobe development foundation inc expires 10 days unv unvorg research free paid international journal publication platforms morobe development foundation inc expires 10 days unv unvorg mangrove cover mapping biomass estimation shoreline analysis using drones remote sensing morobe development foundation inc expires 10 days unv unvorg literature review effective organisational communication tool drive effective constituent services morobe development foundation inc expires 10 days unv unvorg review financial audits provide recommendation develop sustainable activities support mdf projects morobe development foundation inc expires 10 days unv unvorg social media content strategizing support morobe development foundation inc expires 10 days unv unvorg next post 3 days,positive,1,1674475505.0,1
Algeria,Algeria sustainable development,please find comments 40 new vacancies opened since wednesday 28 dec data come un talent every open consultant position un programme amp policy rome italy individual contractor alternative care expert ecaro italy unicef united nations childrens fund expires 9 days consultancy uniceforg programme amp policy logistics amp procurement copenhagen denmark individual consultancy strategy consultant environmental sustainability vaccine industry vaccine centre unice unicef united nations childrens fund expires 24 days consultancy uniceforg logistics amp procurement beirut lebanon construction engineer mechanical individual contractor 5 months beirut lebanon unicef united nations childrens fund expires 7 days consultancy uniceforg logistics amp procurement beirut lebanon construction engineer electrical individual contractor 5 months beirut lebanon unicef united nations childrens fund expires 7 days consultancy uniceforg programme amp policy consultancy recruitment strengthen risk communication community engagement rcce pillar overall respo unicef united nations childrens fund expires 14 days consultancy uniceforg riyadh saudi arabia international economy advisor undp united nations development programme expires 11 days international consultant jobsundporg apia samoa technical assistance support implementation ict education samoa project unesco united nations educational scientific cultural organization consultancy careersunescoorg medical amp health programme amp policy kyiv ukraine international consultant mental health psychosocial support mhpss kyiv ukraine unicef united nations childrens fund expires 26 days consultancy uniceforg programme amp policy maseru lesotho evidencebased final narrative report consultancy maseru lesotho 40 working days remote based unicef united nations childrens fund expires 14 days consultancy uniceforg teaching amp training programme amp policy algiers algeria tindouf algeria international consultant education emergency specialist unicef united nations childrens fund expires 13 days consultancy uniceforg teaching amp training programme amp policy lusaka zambia national consultancy support ministry education research education policy lusaka zambia 64 day unicef united nations childrens fund expires 13 days consultancy uniceforg medical amp health programme amp policy bujumbura burundi consultant international pour appuyer lélaboration de la stratégie urbaine de vaccination unicef burundi unicef united nations childrens fund expires 13 days consultancy uniceforg medical amp health programme amp policy consultancy vaccine management specialist 115 months unicef united nations childrens fund expires 14 days consultancy uniceforg ic02822 international consultant terminal evaluation undp project preventing corruption effective undp united nations development programme expires 21 days international consultant jobsundporg medical amp health programme amp policy bujumbura burundi consultant national pour appuyer lélaboration de la stratégie urbaine de vaccination unicef burundi unicef united nations childrens fund expires 13 days consultancy uniceforg programme amp policy harare zimbabwe unicef zimbabwe inviting applications individual statistics sampling expert consultant unicef united nations childrens fund expires 16 days consultancy uniceforg programme amp policy monitoring amp evaluation tirana albania evaluation national consultant inter sectoral intervention case management justice children alba unicef united nations childrens fund expires 12 days consultancy uniceforg riyadh saudi arabia national consultant sustainable development goals sdgs expert undp united nations development programme expires 16 days national consultant jobsundporg leadership consultancy annual report writer graphic designer undp united nations development programme expires 4 days national consultant jobsundporg china international social amp environmental safeguards specialist undp united nations development programme expires 10 days international consultant jobsundporg consultoriahuertos agroecológicos drc danish refugee council expires 6 days consultancy drcngo programme amp policy chisinau moldova national individual consultancy child protection researcher unicef united nations childrens fund expires 11 days consultancy uniceforg programme amp policy chisinau moldova national individual consultancy legal researcher family migration laws unicef united nations childrens fund expires 11 days consultancy uniceforg medical amp health programme amp policy freetown sierra leone national consultancy regional vaccine consultants vms 3 posts makeni kenema freetown sierra leone 115 mon unicef united nations childrens fund expires 12 days consultancy uniceforg medical amp health programme amp policy freetown sierra leone national consultancy national vaccine management consultant vms freetown sierra leone 115 months sierra l unicef united nations childrens fund expires 12 days consultancy uniceforg riyadh saudi arabia international consultant urban planner undp united nations development programme expires 18 days national consultant jobsundporg riyadh saudi arabia international consultant economic advisor undp united nations development programme expires 18 days international consultant jobsundporg jeddah saudi arabia international consultant transport expert undp united nations development programme expires 16 days international consultant jobsundporg jeddah saudi arabia international consultant spatial strategy advisor undp united nations development programme expires 16 days international consultant jobsundporg riyadh saudi arabia senior urban planning designer undp united nations development programme expires 14 days international consultant jobsundporg riyadh saudi arabia international consultant economic advisor undp united nations development programme expires 14 days international consultant jobsundporg riyadh saudi arabia international consultant urban planner undp united nations development programme expires 14 days national consultant jobsundporg riyadh saudi arabia senior urban planning designer undp united nations development programme expires 13 days international consultant jobsundporg beirut lebanon national consultant business process reengineering consumer protection directorate undp united nations development programme expires 11 days national consultant jobsundporg riyadh saudi arabia international consultant business statistics undp united nations development programme expires 11 days international consultant jobsundporg riyadh saudi arabia international consultant business statistics undp united nations development programme expires 11 days international consultant jobsundporg riyadh saudi arabia national programme support associate undp united nations development programme expires 11 days national consultant jobsundporg international consultant formative evaluation undps one year grant project youth empowerment climate action undp united nations development programme expires 11 days international consultant jobsundporg riyadh saudi arabia national programme support associate undp united nations development programme expires 11 days national consultant jobsundporg indonesia icundpbiofin0942022 financial solution biodiversity budget tracking consultant undp united nations development programme expires 11 days national consultant jobsundporg next post 2 days,positive,1,1672410673.0,1
Algeria,Algeria sustainable development,country wants start nuclear program needs several things first thing needed source uranium order begin research next thing needed experts subject begin research nuclear program science behind nukes finally last thing needed suitable site testing sufficient amount funding patience suitable source first obstacle syria overcome lack uranium notwithstanding lack military grade enriched uranium potential plan import iran seeing nuclear program still export military grade uranium needed testing iran turns failure exporting uranium us north korea could also suitable candidate uranium exports north korea turns deadend could turn russia however would best case scenario due potentiality backfiring else fails small amount uranium phosphorus rock syria large reserves uranium extracted last resort however inefficient would eventually plans construct enrichment facility centrifuge tech syria made reality importing brains operation order able begin research syria request scientists north korea come syria teach prospective students secrets nuclear technology done assist creating program getting running return syria give north korea discounts phosphorus imports syria scientists extremely valuable country ensure syrias program completed utmost precision care scientists help roots program also ensure students able handle matters future mantle falls upon shoulders mirage desert place experiments conducted without fear intervention enemy forces prying eyes americans israelis southeastern part duma district serve needs perfectly research vital importance place research important funding everything important program 500 million usd annually granted granted needed president cause past syrian government thus far advocated possession nuclear devices reason fact could done without alliances equipment today allies find russia iran done utmost precision accomplished need nuclear weapons dire circumstances face right israel southwest turkey north need ensure syria means survival aspirations future sustainable biological weapons program developed would make event surprise war us capable means defending good candidate program ricin anthrax botulism toxin aforementioned candidates promising application warfare one syrian government plans exploit new facility research built outside damascus researchers carry necessary research hope specialists algeria aid us research algerian government kind enough help us regard,positive,6,1570113788.0,1
Algeria,Algeria sustainable development,lecture hall galactic union university hummed nervous energy students countless species settled seats appendages twitching sensory organs straining anticipation wasnt classit one controversial yet mandatory courses curriculum theoretical xenoanthropology human anomaly professor zyxnax volaxian iridescent skin four arms glided podium compound eyes swept across room taking diverse assembly sentients began voice modulated reach every corner vast amphitheater welcome todays session youre aware course compulsory students regardless chosen field galactic union council includes material standard curricula due unique challenges presented human situation collective murmur passed audience let us begin evidence suggests zyxnax continued skin shifting deep blue humans remain uncontacted species confirmed images concrete data appearance physiology understanding comes entirely analyzing actions construction single vessel encountered mid rim sectors 847th great cycle professor manipulated holographic display showing blank silhouette alien portrait would typically vessels nature artificial construct confirmed vexkar boarding action documented recovered fragments military archives boarding party found life support systems quarters biological entities automated systems appeared maintenance mining robotics based ships construction behavior patterns leading theory suggests represents attempt preftl civilization explore beyond system despite time constraints sublight travel hologram shifted show sleek unfamiliar vesselthe human ship become subject intense academic debate across galaxy vessels design principles defy standard classification systems zyxnax explained gesturing key structural elements technologically simpler current capabilities many aspects integration systems behavioral patterns suggest approaches automation adaptation known species developed krantak student chittered nervously professor certain vessels behaviors reflect original programming could evolved beyond initial parameters zyxnaxs skin flickered acknowledgment astute observation zix cannot certain uncertainty forms one central challenges analyzing human technological development say based documented encounters vessel demonstrates consistent behavioral patterns suggest sophisticated decisionmaking protocols professors voice took measured tone consider timeline vessel documented galaxy 400 standard cycles analysis suggests maintains form communication point originthough method remains unclearand continues gather data encountered species technologies location origin point remains unknown despite considerable effort track trajectory ripple unease passed audience galactic union councils security committee raised valid concerns zyxnax continued vessel possesses detailed knowledge numerous species technologies potential vulnerabilities humans achieve fasterthanlight travelassuming havent alreadythey would access accumulated data creates complex security situation various council factions interpret differently lecture hall fell contemplative silence however professor said skin shifting calming shade let us examine first documented major encounter vessel sentient speciesan event would challenge many assumptions human technological capabilities student middle hall suddenly stood zentauri multiple limbs eyes seemed darting directions professor zentauri said voice quivering excitement regarding vessels capabilities zyxnaxs skin flickered mix caution academic interest particular student glix known wild speculations yes glix records suggest selfreplication capabilities evidence supporting lecture hall suddenly background murmurs zyxnaxs skin cycled several colors composed response thats matter ongoing debate glix professor managed salvaged vexkar battle records confirm vessels ability construct repair various components extent capabilities remains unclear must careful conflate observed abilities speculation returning lecture zyxnax manipulated holographic display let us examine first documented encounter vessel sentient species event provides earliest insight capabilities behavioral patterns holographic display shifted showing two vessels suspended void space one distinctive design unknown ship damaged craft zarquin design encounter first learned name vessels creators rescued zarquin records indicate interaction vessel identified human origin though shared details creators location nature professors skin shifted deep purple reflecting academic gravity moment encounter presents several key insights vessels operational parameters records rescued zarquin indicate vessel demonstrated sophisticated analytical capabilities appeared decisionmaking protocols melorian student raised gelatinous pseudopod professor could vessel simply continued trajectory zyxnaxs compound eyes focused student indeed possibility extensively discussed academic circles vessels deviation course suggests either complex decisionmaking abilities preprogrammed response protocols far sophisticated known automation systems zarquin records indicate vessel initiated contact using communication protocols apparently analyzed decoded approach hologram zoomed two ships showing interaction consider implications zyxnax continued vessel encounters unknown entities rather avoiding contact automated systems would programmed demonstrates ability establish communication assess situation suggests creators anticipated encounters developed novel approaches handling lecture hall silent student contemplating implications zarquin logs describe vessels methods assistance professor paused skin rippling academic uncertainty unsettling efficiency maintenance robotics apparently designed mining operations demonstrated unprecedented adaptability repair functions hologram showed interior zarquin ship reconstructed survivor accounts heres events took dramatic turn zyxnax continued skin pattern indicating shift topic vessel assisting zarquin detected another ship approaching vexkar warship would provide first direct evidence vessels true nature vexkar encounter zyxnax continued skin shifting tense amber hue largely shrouded mystery provides first glimpse vessels defensive capabilities though much know comes zarquin survivors intercepted vexkar distress signals holographic display shifted show imposing form vexkar warship approaching two vessels vexkar initially damaged zarquin vessel ambush hunting damaged vessel arrived complete assault zarquin survivors reported vexkar enraged find another vessel rendering assistance intended victims nexilian students crystalline structure pulsed light spoke vexkar records tell us approach surviving data comes initial scan logs final distress signals zyxnaxs skin rippled scholarly caution detected life signs aboard unknown vessel despite considering intervention hostile saw opportunity technological acquisition final transmissions indicated intent destroy zarquin capturing assumed advanced automated vessel professor manipulated display show limited data available followed largely known vexkar distress signals zarquin survivors accounts vexkars final transmissions became increasingly erratic reporting catastrophic systems failures throughout vessel last coherent message described automated systems turning hologram showed fragments encounter marked clearly reconstructed limited data encounter ended apparent collision destroyed vessels zarquin evacuated escape craft moments survivors testimony valuable limited could observe escape vessel true nature unknown vessels defensive capabilities remains matter scholarly debate direct evidence survived encounter hologram displayed reconstructed sequence events clearly marked caveats speculative nature based available evidence prevailing theory suggests unknown vessel employed form electronic warfare vexkar ship speed totality vexkar systems failures point attack vector unlike anything encountered hypothesis automated systems merely disabled reprogrammed zyxnax paused allowing implications sink event marks turning point understanding potential human technology said term still feeling strange multitongued palate wasnt simply matter superior firepower shielding vexkar possessed abundance attack exploited vulnerability inherent galaxys reliance automated systems vulnerability known species previously considered let alone weaponized professors skin pulsed thoughtfully raises disturbing questions calculated tactic desperate measure less technologically developed species forced utilize unorthodox methods prevailing scholarly consensus leans towards former precision efficiency attack suggest deep understanding automated systems random act electronic disruption gestured hologram displaying series complex equations data streams furthermore subsequent analysis salvaged vexkar data fragments indicates deliberate manipulation communication logs vessel appears falsified records support narrative accidental collision deception combined complete destruction vexkar warship effectively erased evidence true capabilities krantak student chittered nervously professor go lengths conceal methods zyxnaxs compound eyes swiveled student precisely zix remains central question ongoing analysis conceal potent capability one prevailing theory selfpreservation species aware technological disadvantage might seek mask true potential perhaps deterrent future aggression hologram shifted display strategic map region following incident vexkar based falsified records launched perfunctory investigation concluding vessels destroyed collision allowed unknown vessel professor paused searching appropriate academic phrasing relocate nearby uninhabited system zyxnax said voice dropping near whisper truly unsettling aspect human technology becomes apparent vessels subsequent actions defy known precedents automated behavior manipulated display showing desolate rocky planet slowly transforming influence massive industrialization remote sensor readings galactic survey corps taken approximately two standard cycles vexkar incident reveal dramatic transformation previously barren world automated construction units likely repurposed vessels existing mining systems began erecting extensive industrial complex operating speeds unheard galactic engineering projects hologram fastforwarded showcasing rapid development factories mining operations energy collection grids barren landscape rapidly covered structures individually comprehensible formed whole felt alien disturbing efficiency singlemindedness consensus zyxnax stated skin rippling academic caution vessel simply repairing gathering resources constructing something required vast quantities raw materials production capacity something would rewrite rules galactic conflict hologram shifted displaying fragmented images robotic forms gleaned later vexkar reconnaissance reports nature forces constructed vessel remains subject intense debate remnants vexkar records declassified recently describe encounters autonomous units unlike anything previously encountered werent simply war machines tactics adaptability something wholly new zyxnaxs skin pulsed mix fascination unease vexkar initially dismissive threat believing dealing simple automatons quickly realized error units demonstrated coordinated strategic thinking adaptive tactics chilling disregard preservation professor manipulated display showing reconstructed battlefield marked disclaimers accuracy vexkar accustomed conventional warfare found facing enemy defied established doctrines autonomous units operating decentralized network could anticipate counter vexkar strategies unnerving speed utilized novel weaponry yes wasnt technology unsettling application technology sheer novelty tactical approach proved disruptive voloth students crystalline voice chimed professor tactics provide specific examples zyxnaxs tentacles waved gesture academic caution specifics remain classified galactic union security council say vexkar reports describe attacks exploited reliance centralized command structures predictable communication protocols systems considered secure turned terrifying efficiency paused allowing implications sink imagine foe disable weapons reprogram target forces foe infiltrate secure communication channels turn strategic planning trap hologram shifted displaying series graphs charts conflict escalated rapidly within matter standard cycles vexkar species known military prowess found infrastructure crippled fleets decimated civilization teetering brink collapse murmurs disbelief rippled lecture hall zyxnax continued voice tinged grim fascination story takes perhaps perplexing turn achieved described complete victory autonomous forces vanished systematically selfdestructed leaving trace technology opportunity vexkar reverseengineer weapons clues origins paused letting strangeness tactic sink reduce starfaring civilization preindustrial state thorough selfdestruction prevailing theory suggests controlling intelligence vessel likely advanced artificial construct calculated odds escape system unacceptably low lacking fasterthanlight capability faced near certainty discovery galactic union forces could develop ftl technology faced dilemma automated intelligence enacted brutal effective solution eliminate immediate threat possibility unique technology falling hands others even meant crippling entire civilization consider ramifications zyxnax added voice grave vexkar species whose economy social structure survival relied advanced technology suddenly thrown back millennia imagine industrial centers silenced communication networks severed energy grids collapsing sheer scale societal disruption almost incomprehensible widespread famine resource wars societal collapse depopulation alone would catastrophic paused allowing horror situation resonate within lecture hall vexkar force reckoned reduced scattering fragmented preindustrial societies clinging survival devastated world hologram displayed final image desolate scarred planet slowly returning preindustrial state hanging tragedy zyxnax said softly unspoken question responsibility vexkars prior aggression undoubtedly played role downfall ultimate cause catastrophic collapse human vessel automated intelligences response proportional ends justify means raises troubling paradox could intelligence seemingly programmed benevolent aid resort destructive measures perhaps intelligence operating twisted logic calculated potential extinction humanity hands vexkar outweighed devastation inflicted upon civilization ultimately true motives entity remain shrouded mystery chilling testament wholly alien nature intelligence paused multifaceted eyes sweeping across faces students human vessels actions seemingly effective short term raise profound ethical questions acceptable limits warfare consequences unchecked automation longterm ramifications drastic interventions development civilizations zyxnax concluded voice tinged somber note human vessel disappeared without trace mission ultimate destination still complete mystery leaving behind devastated world galaxy holding breath zyxnaxs skin shimmered reflecting ambient light lecture hall let us consider facets broader implications encounter said word still feeling inadequate describe sheer disruptive impact human vessel galactic union faced evidence previously unknown technological approach species capable wielding power apparent shadows preftl limitations forced reevaluate strategies priorities hologram shifted display complex network interconnected nodes representing various galactic civilizations immediate response predictably fear many species particularly vicinity vexkar system drastically increased military spending focusing developing countermeasures adversarial technology abuse witnessed conflict zyxnax paused term still feeling alien unsettling even however replicating defenses proved remarkably difficult human vessels methods exploited vulnerabilities inherent structure networked systems vulnerabilities never considered let alone addressed manipulated display highlighting specific nodes network civilizations fear chose isolate severing connections galactic network hoping shield potential attacks however proved doubleedged sword might offer protection adversarial technology also cut vital trade routes information sharing collective security galactic union zentauri student multiple eyes blinking rapidly spoke professor attempt locate human origin point zyxnaxs skin rippled mixture amusement exasperation course glix numerous expeditions launched attempting trace vessels trajectory back source human vessel unlike utilizing standard ftl drives left detectable warp signature movements space entirely conventional say least challenging sort noise conventional bodies moving space leaving trace sensors follow hologram displayed vast star chart swirling mass stars nebulae conspicuously blank region marked hypothetical human origin sector search continues course zyxnax admitted sheer scale galaxy combined elusive nature human vessel makes task akin searching specific flying rock galaxy full flying rocks except thats metaphor actual challenge paused letting daunting scale problem sink human vessel extension human species become focal point anxiety galactic union factions advocate preemptive strike human homeworld ever located argue species capable creating disruptive technology represents existential threat others included believe approach would disastrous know virtually nothing human motivations intentions attacking species dont understand based solely actions single autonomous vessel would reckless extreme zyxnaxs skin shifted calming shade prevailing strategy remains one watchful waiting monitor analyze attempt understand human anomaly presents unique challenge galactic union challenge forces us confront assumptions technology security nature interstellar relations professors skin pulsed ripple complex patterns reflecting delicate political situation vexkar know significant power sector aggression concerning largely tolerated due strategic importance let us frank apprehension inspired species however precipitous decline following human conflict hesitated word war feeling inappropriate asymmetrical conflict left power vacuum galactic union council faced unprecedented situation took unprecedented action hologram shifted displaying map galaxy vexkar system marked stark red quarantine zone contact vexkar strictly forbidden system complete embargo monitored joint galactic union task force zyxnaxs tentacles twitched gesture underlying tension decision taken lightly remains highly controversial move vexkar belligerent still members galactic union drastic measure unprecedented krantak student chirped nervously professor quarantine simply punishment aggression zyxnaxs compound eyes focused student official reasoning zix complex council cited need contain potential adversarial technological contamination risk vexkar remnants acquiring utilizing novel weaponry employed however paused skin darkening slightly less publicized motivations play lowered voice leaning closer podium vexkar reduced state allies speak previous aggression left isolated feared ultimately expendable galactic union council perhaps influenced desire avoid provoking similar response humans chose make example stark warning species might consider challenging established order zyxnaxs skin pulsed patterns shifting rapidly quarantine ostensibly aimed containing vexkar also serves another purpose peace offering sorts demonstration good intentions humans ever choose reveal signal galactic union tolerate unchecked aggression value stability peaceful coexistence least added hint cynicism creeping voice thats message hoping convey paused letting complex implications quarantine hang air zyxnaxs skin pulsed slowly sign contemplative reflection allowed silence hang air serve transition point lecture human anomaly reiterated term carrying weight centuries galactic uncertainty also sparked renaissance theoretical xenoanthropology forced reexamine understanding societal development technological progression potential diversity intelligent life hologram shifted displaying complex series branching diagrams representing various theoretical models civilizational development existing models largely based observed patterns known galactic species assume relatively linear progression preftl civilizations according models tend focus internal development consolidating planetary resources venturing interstellar space human vessel challenges assumption suggests species willing invest significant resources extrasolar exploration achieving fasterthanlight travel motivates strategy melorian student raised pseudopod gelatinous form quivering intellectual curiosity professor could strategy born desperation perhaps homeworld facing kind existential threat zyxnaxs compound eyes swiveled towards student intriguing hypothesis glex one explored extensively however theres evidence support vessel shows signs hasty construction resource scarcity fact design unconventional suggests significant investment time resources speaks deliberate longterm strategy desperate gamble manipulated display highlighting specific elements vessels design consider sophistication automated systems adaptive capabilities nature adversarial technology abuse arent hallmarks dying civilization suggest species high degree technological ingenuity species willing embrace unique thought hologram displayed series philosophical texts excerpts various galactic thinkers grappling implications human anomaly human vessel forced us reconsider biases assumptions constitutes advanced technology tend equate technological advancement complexity sheer power human vessel arguably less advanced many technologies certain areas demonstrates pragmatic efficiency focus achieving specific goals minimal resources combined unsettlingly novel approaches problemsolving makes far greater challenge simply advanced civilization might zyxnax paused skin pulsing thoughtfully human anomaly technological puzzle philosophical one forces us confront limits understanding vastness unknown potential surprise lies heart universe addressed class one last time voice resonating newfound sense wonder go forward sentients remember lessons human vessel question everything embrace unknown never underestimate potential species dares think differently,negative,1437,1731263136.0,-1
Algeria,Algeria sustainable development,forwarded private draft proposed doctrine libyan governments top officials heartlands doctrine name currently place holder table contents table contents preface definition heartlands article 1 article 2 article 3 article 4 article 5 article 6 preface nations dominion libya drc come tripoli hereby establish make official heartlands doctrine order ensure peace among small nations ensure security heartland regions maintain stability economy pursue regional continental development nations dominion libya drc pledge uphold doctrine time nations deem dated longer needed whether comes demise creation new organisations definition heartlands heartlands comprise regions known commonly west africa north central africa full map seen nations purple nations fall directly heartland green nations heartlands extended pictured included cape verde purple nations fall directly heartlands particular order dominion including dominion territory sierra leoneliberia libya volta republic seneguinea gambia guineabissau togo benin burkina faso mauritania mali niger chad gabon equatorial guinea republic congo democratic republic congo cape verde nations included heartland nations particular order morrocco western sahara algeria cae article 1 dominion libya drc vow defend nations heartlands event come direct threat continental overseas dominion libya drc called upon situation deemed need support defend protect heartland nation however event said attack sparked aggression heartland nation dominion libya drc reevaluate situation article 2 dominion libya drc pledge come others aid times need great crisis heartland doctrine aid defined military manpower fighting men defined situation calls example event invasion manpower would required yet event economic crisis bailout fund would appropriate article 3 dominion libya drc required share cooperate intelligence based manners involve national security three nations dominion libya drc establish joint intelligence sharing agency order facilitate security information sharing article 4 dominion libya superior drc enter mutual nonaggression pact vowing conflicting interests establishing open forum working potential conflicting interests dominion libya drc vow uphold fair trial justice event one three nations going rogue article 5 dominion libya drc vow uphold development african continent whole priority number 1 takes precedent else besides national security three members pledge develop invest donate whatever possible capacity order development continent whole also vow work closely united rest continent order prevent split occurring also vow disband said doctrine event panafrican union established deemed successful three article 6 order ensure sustainability heartlands dominion libya drc vow maintain lowered tariffs one another bolster invest economic relations within heartlands three vow stimulate economic region heartlands called upon ensure stability times crisis article 7 limited members heartland doctrine swear support nations heartlands region true democracies however event threat non democratic nation nation ability evaluate act accord heartlands doctrine draft forwarded libyan government await articles amendments items would like know drc fact taking part also interested knowing algeria cae permitted edits amended article 3 amended article 4 added article 7,positive,2,1467180109.0,1
Algeria,Algeria sustainable development,please find comments 31 new vacancies opened since sunday 11 sep data come un talent every open consultant position un programme amp policy phnom penh cambodia national consultancy facilitate child protection section retreat phnom penh cambodia 3 days unicef united nations childrens fund expires 3 days consultancy uniceforg suva fiji regional event coordinator consultant undp united nations development programme expires 14 days national consultant jobsundporg freetown sierra leone national consultant produce report productive transformation special economic zones sez sierra leone undp united nations development programme expires 7 days national consultant jobsundporg programme amp policy agadez niger consultants nationaux 3 pour lappui aux activités de communication sur les risques et la génération de la demande en unicef united nations childrens fund expires 12 days consultancy uniceforg programme amp policy algiers algeria consultation nationale soutien technique pour la mise en œuvre de linitiative recherche par action participative de unicef united nations childrens fund expires 5 days consultancy uniceforg programme amp policy new york united states america consultancy consultant adapting content delog tutored training unicef elearning decentralization su unicef united nations childrens fund expires 8 days consultancy uniceforg human rights women peace security policy analyst un women expires 17 days international consultant jobsundporg kyiv ukraine national consultant technical support implementation women peace security agenda office un women expires 9 days national consultant jobsundporg national consultant support implementation activities supporting sustainable peace blue nile state ge un women expires 5 days national consultant jobsundporg environment micronesia federated states technical advisor building ee policy amp regulation specialist international consultant undp united nations development programme expires 10 days international consultant jobsundporg kampala uganda national consultantimplementation egovernance strategy uncdf united nations capital development fund expires 11 days national consultant jobsundporg leadership innovation cambodia national international specialists governance innovation specialist open national international con undp united nations development programme expires 13 days international consultant jobsundporg programme amp policy medical amp health new york united states america consultancy pillar manager education plus initiative young womens leadership engagement pillar consultant hiv unicef united nations childrens fund expires 13 days consultancy uniceforg programme amp policy information management new york united states america consultancyhumanitarian learning materials support emops unicef 11 months remote unicef united nations childrens fund expires 6 days consultancy uniceforg programme amp policy information management new york united states america consultancylearning amp development officer emergency preparedness response emops unicef 11 months remote unicef united nations childrens fund expires 6 days consultancy uniceforg teaching amp training programme amp policy cairo egypt consultancy independent appraisal egyptian preuniversity education sector plan 202324 202728 internat unicef united nations childrens fund expires 12 days consultancy uniceforg human rights tirana albania roster call national antitrafficking expert osce presence albania expires 4 days consultancy vacanciesosceorg bishkek kyrgyzstan international consultant environmental expert ssa osce programme office bishkek expires 5 days consultancy vacanciesosceorg programme amp policy roster informationdata management consultant various locations peshawar quetta lahore req unicef united nations childrens fund expires 5 days consultancy uniceforg programme amp policy doha qatar consultancy youth consultancy 6 months qatar office unicef united nations childrens fund expires 6 days consultancy uniceforg programme amp policy tirana albania international consultant support university tirana assess national capacities demand regarding soc unicef united nations childrens fund expires 12 days consultancy uniceforg teaching amp training programme amp policy phnom penh cambodia support education quality assurance department implementation grade 8 national assessment phnompenh ca unicef united nations childrens fund expires 13 days consultancy uniceforg programme amp policy medical amp health dushanbe tajikistan international consultant provide technical assistance moh review finalization sanitary rules unicef united nations childrens fund expires 5 days consultancy uniceforg baghdad iraq international technical expert teacher training materials development formative assessment unesco united nations educational scientific cultural organization expires 17 days consultancy careersunescoorg bangkok thailand decade regional coordination officer science planning development unesco united nations educational scientific cultural organization expires 1 month consultancy careersunescoorg bangkok thailand consultant review assessment tool education sector approaches mhpss unesco united nations educational scientific cultural organization expires 17 days consultancy careersunescoorg teaching amp training programme amp policy kathmandu nepal individual consultant impact languages language policies childrens learning outcomes kathmandu nepal unicef united nations childrens fund expires 9 days consultancy uniceforg programme amp policy yaoundé cameroon international consultant finalizing co internal strategy document adolescent programming yaoundé cameroon 3 unicef united nations childrens fund expires 5 days consultancy uniceforg teaching amp training programme amp policy international consultant development ece storybooks pacific countries unicef united nations childrens fund expires 13 days consultancy uniceforg communications amp pr algiers algeria individual contractor national communication specialist support aco communication advocacy activities unicef united nations childrens fund expires 12 days consultancy uniceforg programme amp policy consultant development area programme document apd unicef gulf area office 7 months saudi arabia unicef united nations childrens fund expires 13 days consultancy uniceforg next post 2 days,positive,1,1663052935.0,1
Algeria,Algeria sustainable development,eni spa italian megafirma headquartered rome one largest energy petrochemical products company world significant interests construction oil natural prospecting materials technology chemicals european media contracting nuclear power mining hospitality industry textile industry main areas operation extraction north subsaharan africa north barents seas egypt india much persian gulf select points far east eni several subsidiaries significant eni gas power natural gas power company based frankfurt formed merger three smaller german companies azienda nazionale idrogenazione combustibili anic obtained 1953 specializes synthetic fuels coal hydrogenation chemical agrichemical substances pvc plastic polymers heavy organic inorganic chemicals synthetic rubber chemical fibers saipem oil gas industry contractor handles enis construction eni uk carries operations british section north sea eni india set handle extraction exploitation india eni india block 1977 serious bidding war ameroil eni power generation sale electricity steam technology eni finanza corporate venture capital whole group société des bains de mer de monaco sbm controlling interest operations principality monaco monte carlo casino opéra de montecarlo hôtel de paris monte carlo eni media group history use like would use taxi sit pay trip get words enrico mattei chairman ente nazionale idrocarburi eni italys oil natural gas industry de facto state within state asked relationship italys politicians extremely ambitious man enrico mattei tasked dissolving fascist italys oil natural gas company instead following orders mattei worked hard restructure company transform one nations important economic assets career moving success success 1949 manipulated public perception declaring po valley northern italy rich oil methane italy would solve energy needs using resources giving hope still suffering people nation would soon become rich enis financial value immediately grew stock exchanges company became solid important truth less encouraging minimal amounts discovered nearly enough accomplish mattei claimed recognizing need secure foreign supplies focused attention importation natural gas support development national industry northern italy sustaining postwar boom known italian economic miracle high profits natural gas sales reinvested back exploration production expansion pipelines acquisition new customers driven ambition make eni player par oil giants world mattei expanded abroad turned attention international oil markets initiated agreements poorest countries middle east countries former soviet bloc well visiting moscow 1959 brokered oil import deal soviet union middle cold war intense protests nato us also publicly supported independence movements colonial powers allowed eni take advantage postcolonial bitterness places like algeria allegedly contracted officers personnel whitewater executive solutions american mercenary company later taken defense giant northrop train directly support local efforts pied noir apartheid state took algeria french withdrawal known time mattei system main structure oil deals offered 5050 partnership extracting oil different sort concessions normally offered major oil companies starting iran egypt additionally offered risk involved prospecting entirely enis petrol countries would pay one cent similar agreements would offered later gulf states finding great success uae international headquarters eni located today surviving assasination attempt 1962 mattei continued serving chairman eni 70s sought diversify companys interests moving variety sectors telecommunications media alternative fuels indicating matteis forward thinking whatever future might bring eni lifes work stay top 1980 eni strong position globally internally yet clouds horizon enrico mattei late 70s rumors abound successor one name silvio berlusconi former owner one media companies gobbled current vice chairman media director discussed serious contender course crown prince eni succession assured christian democrats prime minister cossiga eagerly waiting old man kick bucket place one chairmans seat internationally tensions ameroil alltime high initially two corporations friendly terms oil giants profited immensely saudi arabias rush decision embargo western states opec 1973 already holding diversified extensive oil networks capable restrain shock alongside soviet union created unofficial oil troika stumped arab states attempt control global oil economy supplanting production subsequently engaged flurry targeted investments buying turning many states region effective extensions cooperation wasnt meant last interests overlapping insurgencies proxy attacks concerned local groups became common ameroil properties oil discovered andaman nicobar islands indian government wished exploit lacked experience contract eni tense bidding war even resulted death ameroil cofounder john reynolds foul play involved merely stress old high risk situation reynolds family considers last straw preparing fight eni every possible front,positive,5,1660250548.0,1
Algeria,Algeria sustainable development,happy monday everyone welcome another upg week week uciroflexo asked prayer algeria looking second largest people group algeria kabyle berbers region algeria tell atlas mountains index ranking urgency 24 djurdjura range algeria climate region midday desert temperatures hot year round sunset however clear dry air permits rapid loss heat nights cool chilly enormous daily ranges temperature recorded rainfall fairly plentiful along coastal part tell atlas ranging 400 670 mm 157 264 annually amount precipitation increasing west east precipitation heaviest northern part eastern algeria reaches much 1000 mm 394 years farther inland rainfall less plentiful algeria also ergs sand dunes mountains among summer time winds heavy gusty temperatures go 433 c 110 f tell atlas mountains algeria terrain algerias southern part includes significant portion sahara north tell atlas form saharan atlas south two parallel sets reliefs approaching eastbound inserted vast plains highlands atlas tend merge eastern algeria vast mountain ranges aures nememcha occupy entire northeastern algeria delineated tunisian border highest point mount tahat 3003 metres 9852 feet coastal area hilly sometimes even mountainous natural harbors area coast tell atlas fertile south tell atlas steppe landscape ending saharan atlas farther south sahara desert hoggar mountains جبال هقار also known hoggar highland region central sahara southern algeria located 1500 km 932 mi south capital algiers east tamanghasset algiers oran constantine annaba algerias main cities algerian desert makes 9037 countrys total area wildlife algeria varied vegetation algeria includes coastal mountainous grassy desertlike regions support wide range wildlife many creatures comprising algerian wildlife live close proximity civilization commonly seen animals include wild boars jackals gazelles although uncommon spot fennecs foxes jerboas algeria also small african leopard saharan cheetah population seldom seen species deer barbary stag inhabits dense humid forests northeastern areas fennec fox national animal algeria variety bird species makes country attraction bird watchers forests inhabited boars jackals barbary macaques sole native monkey snakes monitor lizards numerous reptiles found living among array rodents throughout semi arid regions algeria many animals extinct including barbary lions atlas bears crocodiles fennec fox algeria environmental issues africa desertification major problem facing environment algeria poor farming practices overgrazing leading soil erosion rivers coastal waters becoming extremely polluted due dumping raw sewage petroleum refining wastes industrial toxins languages modern standard arabic berber official languages algerian arabic darja language used majority population colloquial algerian arabic heavily infused borrowings french berber government type unitary semipresidential republic people kabyle berbers algeria population 6329000 estimated foreign workers needed 127 beliefs kabyle berbers algeria 025 christian means population 6329000 roughly 15000 people believe jesus thats one believer every four hundred unbelievers almost algerians muslim strictly observe laws koran upon converting islam kabyle kept many traditional beliefs especially preislamic saint worship however celebrate usual muslim holidays visit friends neighbors festive times x200b kabyle robes history 902 909 fatimid state founded kutama berbers little kabylie whose conquest ifriqiya resulted creation caliphate conquest ifriqiya kutama berbers conquered realm rustamids way sijilmasa also briefly conquered abdullāh almahdī billa time imprisoned freed accepted imam movement installed caliph becoming first caliph founder ruling dynasty historian heinz halm describes early fatimid state hegemony kutama sanhaja berbers eastern central maghrib prof dr loimeier states rebellions fatimids also expressed protest opposition kutama rule weakening abbasids allowed fatimidkutama power quickly expand 959 ziri ibn manad jawhar sicilian kutama army conquered fez sijilmasa morocco 969 command jawhar fatimid kutama troops conquered egypt ikhsidids kutama berber general jafar ibn fallah instrumental success led troops crossed river nile according almaqrizi captured boats used fleet sent ikhshidid loyalists lower egypt kutama general jafar invaded palestine conquered ramla capital conquered damascus made master city moved north conquered tripoli around time period fatimid caliphate reached territorial peak 4100000 km2 area came rule 2 kingdoms first came zirid dynasty hammadid dynasty came power declaring independence zirids managed conquer land maghreb region two kabyle kingdoms managed maintain independence participated notable battles alongside regency algiers campaign tlemcen conquest fez early 16th century sultan abdelaziz beni abbes managed defeat ottomans several times notably first battle kalaa beni abbes kabyle relatively independent outside control period ottoman empire rule north africa lived primarily three different kingdoms kingdom kuku kingdom ait abbas principality aït jubar area gradually taken french colonization beginning 1857 despite vigorous resistance leaders lalla fatma n soumer continued resistance late mokranis rebellion 1871 french officials confiscated much land recalcitrant tribes granted colonists became known piedsnoirs period french carried many arrests deported resisters mainly new caledonia south pacific due french colonization many kabyle emigrated areas inside outside algeria time immigrant workers also began go france 1920s algerian immigrant workers france organized first party promoting algerians independence messali hadj imache amar si djilani belkacem radjef rapidly built strong following throughout france algeria 1930s developed militants became vital fighting independent algeria became widespread world war ii since algeria gained independence 1962 tensions arisen kabylie central government several occasions july 1962 fln national liberation front split rather united indeed many actors contributed independence wanted share power aln national liberation army directed houari boumédiène joined ahmed ben bella upper hand military forces 1963 ffs party hocine aït ahmed contested authority fln promoted party nation aït ahmed others considered central government led ben bella authoritarian september 3 1963 ffs socialist forces front created hocine aït ahmed party grouped opponents regime place days proclamation ben bella sent army kabylie repress insurrection colonel mohand oulhadj also took part ffs maquis considered mujahideen treated beginning ffs wanted negotiate government since agreement reached maquis took arms swore give long democratic principles justice part system mohand oulhadjs defection aït ahmed could barely sustain movement fln congress april 16 1964 reinforced governments legitimacy arrested october 1964 consequence insurrection failure 1965 hugely repressed forces aln houari boumédiène 1965 aït ahmed sentenced death later pardoned ben bella approximately 400 deaths counted amongst maquis 1980 protesters mounted several months demonstrations kabylie demanding recognition berber official language period called berber spring 19941995 kabyle conducted school boycott termed strike school bag june july 1998 protested events turned violent assassination singer lounès matoub passage law requiring use arabic language fields months following april 2001 called black spring major riots among kabyle took place following killing masinissa guermah young kabyle gendarmes time organized activism produced arouch neotraditional local councils protests gradually decreased kabyle concessions president abdelaziz bouteflika 6 january 2016 tamazight officially recognized algerias constitution language equal arabic 9 august 2021 17 august 2021 wildfires unleashed kabylia mainly arson causing death 200 people ecosystem disappearance several tens thousand hectares lalla fatma nsoumer tariqa led resistance french colonization 185157 culture typical qualification people groups cant summed small paragraphs generalization general kabyle sturdy independent lovers soil thrifty hospitable walk long distances mountains little fatigue proud shrewd persistent loyal passion independence deeply ingrained culture kabyle shepherds farmers careful workers developed extensive terracing system steep mountain slopes making available terrain staple crops grains fruits kabyle traditionally live hilltop villages homes built stones red tiled roofs dwelling includes stable living area plenty water areas however places women must travel long distances obtain must carry heavy water jars uphill steep rugged donkey paths kabyle believe preserving family even family member forced economic social reasons migrate cities northern africa europe family ties remain strong family unity strengthened marriage customs inheritance rights often times entire family lives one small hut sharing everything father head family family ancestry traced males according tradition local assembly made heads families governs villages living cities often wear western style suit jackets along traditional attire women wear long flowing ornamented dresses colorful head coverings older women may wear tattoos foreheads first male heir hinged bracelet silver enamels algeria kabyle berber maghreb prayer request ask lord call people willing go algeria share gospel kabyle pray doors algeria soon reopen christian missionaries ask god use kabyle believers share love jesus people ask holy spirit soften hearts kabyle toward christians receptive gospel pray god open hearts algerias governmental leaders gospel ask lord raise strong local churches among kabyle algeria pray god establish missionaries among committed needs pray putin insane little war pray nation united states christians learn come alongside hurting brothers sisters learn carry one anothers burdens christlike manner done historically pray time chaos panic needs unreached forgotten church pray hearts continue ache see unreached hear good news brothers hearts desire prayer god may saved romans 101 ____________________________________________________________________________________________ previous weeks threads upg week rreformed 2022 plus two 2021 one post isnt lonely save space upg posts made 2019now try keep current people groupcountrycontinentdate postedbeliefs kabyle berberalgeriaafrica03212022islam huasa macedonian albanian macedoniaeurope03072022islam chechen berber tajik shengzha nosu yerwa kanuri somali tibetans magindanao gujarati kingdomeurope12132021hinduism always experience country people group feel free comment let know happily edit better pray peoples list definitions case wonder exactly mean words like unreached list missions organizations reach world missions glory god,positive,18,1647870914.0,1
Algeria,Algeria sustainable development,financing problem many developing countries acquiring financing important projects physical infrastructure healthcare education research also getting financing transparent sustainable manner loans often wasted opaque corrupt deals provide little help country rather saddle nation debt times projects actually needed fair financing hard acquire stable interest rate order help ecowas countries overcome problem provide incentive ecowas countries remain democratic help turn lagos greater financial center west africa nigeria proposing ecowas ecowas regional development bank administered ecowas fund infrastructure new businesses projects member states provide loans transparent affordable rates including projects listed members contribute financing benefit nigeria match rest members contribute note combined two sections transitions bit oddly nigeria diversifying economy terms away commodities also commodities market included efforts increase natural gas production increase industrial production encourage commercial farming nigeria focus effort increase commodity production effort increase industrial service output natural resources nigeria acquired russian financing expertise increasing natural gas production nigeria also increased production resources including electricity production must go nigeria must increase electricity production start platinum production increase diamond gold production increase natural gas capacity allow nigeria reduce reliance communist nation south profit begin eventually exporting electricity ecowas nations transition africa coal natural gas electricity nigeria increasing nuclear solar hydroelectric power generation several new projects underway waits current nuclear hydroelectric plants construction finish must increase solar production increase efficiency current plants nigeria begin contracting 750 million dollar solar plant outside port harcourt expected produce 835 megawatts expected finish 3 years nigeria also invest 750 million dollars current plants provide upgrades repairs allow operate full capacity often well increase safety natural gas nigeria increasing natural gas output time increase ability export natural gas within africa abroad help profits transitioning africa coal natural gas nigeria propose finally construct transsaharan gas pipeline proposed pipeline nigeria algeria eu allow tunisia africas largest natural gas importer import gas easily also eu diversify natural gas supply pipeline also help morocco another importer import gas nigeria chad nigeria much safer plan much feasible important europe wants wean coal safer russian gas supply control total price 13 billion dollars able move 30 bn cubic meters natural gas per year nigeria contribute 2 billion dollars eu algeria contribute rest gold diamonds although generally profitable south african crisis made nigeria realize must ramp production reduce south africas advantage exploit oncoming shortage general diversify economy nigeria invite foreign domestic companies come mine resources operate sustainably help contribute local economy employing local workers using local construction firms possible plus pay taxes platinum south african crisis also brought large advantage platinum fore important metal electronics platinum would also generally useful found recent excavations surveys determined niger lots platinum highquality platinum even higher south africa two catches platinum deep nigers reach extract nigeria nigers permissionnigeria helped niger rout boko haram provide 850 million dollar loan ecowas regional development bank provide soldiers guard mines provide expertise nigeria also encourages niger invite foreign companies help mine platinum nigeria interest seeing ecowas countries flourish along preventing global platinum shortage nigeria also authorizing 1 billion dollars survey zinc niobium lead help nigeria continue export commodities diversifying types commodities exports service industry commodities good nigeria must continue develop industries based upon digging things ground growing plants government believes nigeria take advantage large youth population improved education system encourage programmers nigeria interact advanced economies internet something take advantage nigeria start incorporating coding lessons schools working ngos foreign firms teach students work cybersecurity creating new programs nigeria also take advantage englishspeaking population start lobbying abroad firms locate new call centers nigeria take advantage timezones shares europe nigeria must also ensure takes advantage new space boom worldwide launching satellites becoming cheaper need cheap internet important nigeria allocate 250 million dollars entrepreneurs build new satellites space programs something already done nigerian businesses allow use launch pads space programs expertise probably put industrial parks whatnot ive done lot ill later sue,positive,2,1624667244.0,1
Algeria,Algeria sustainable development,south africas eff political partys stance moroccos territorial integrity moroccos colonial occupation western sahara must mean one believing values selfdetermination associate difference morocco israel represent modern day racist colonial subjugation south africas eff political partys stance black territorial integrity expropriation land without compensation equitable redistribution1 effs approach land expropriation without occupation land transferred ownership custodianship state similar way mineral petroleum resources transferred ownership custodianship state minerals petroleum resources development act mprda 2002 state legislative capacity transfer land state administer use land sustainabledevelopment purposes transfer happen without compensation apply south africans black white,positive,2,1520197456.0,1
Algeria,Algeria sustainable development,algeria decades relied strong natural resources market order balance budget successful past becoming obvious sustainable already thanks covid resource market prices rapidly decreasing putting algerian economy crisis due lack diversification reason algeria look avenues diversify large focus placed industrialization car manufacturers effort industrialize domestic manufacturing jobs algeria looking increase number vehicle manufacturers algeria country manufacturers notes germany volkswagen audi man truck bus se bmw companies would several factories constructed algeria domestic use well export africa joint ventures 40 stateowned 30 owned parent 30 public owned india jaguarland rover jlr struggling looking partner join help exchange 45 stake jlr introduced heavily marketed africa market help reduction labor costs providing necessary cash injection help keep jlr afloat tata motors still holds majority stake give algerian branch jlr large amount independence market sharing profits japan nissan toyota subaru mitsubishi brands struggled covid would like offer cheap algerian labor exchange several manufacturing plants across algeria help sales africa well lowering costs joint ventures 40 stateowned 30 owned parent 30 public owned china volvo volvo several factories constructed algeria domestic use well export africa joint venture 40 stateowned 30 owned parent 30 public owned number jobs gained well industrialization associated sharp increase manufacturing huge boom algerian economy pharmaceuticals pharmaceutical industry also present algeria domination stateowned company saidal well small private companies local pharmaceutical industry covers 38 local needs unacceptable shows lack development algeria next 6 years saidal expand close 62 gap though also look pull foreign investment development industry believe achieve nearly 10 growth year meet local demand highly ambitious necessary step improving algeria providing people energy using mixture domestic labor imported labor ask chinese help us construct solar panels nuclear energy achieve complete reliance renewables domestic energy 2027 3 years earlier originally predicted possible chinese aid algeria well positioned solar farms would like eventually net exporter energy neighbors chinese aid sector hope strong labor force joint ventures 50 stateowned 40 owned china 10 public owned goal 2027 entirely achievable part would like ask china aid electrification algeria ensuring algeria access power banking reorganization public banks undertaken well modernization banking system next 3 years ensure algerian citizens able use services also looking cut bureaucracy corruption plagued banking system consolidation resources well necessary reorganization public banks significantly improve banking system helping generate funds also undertake extensive reformation development notoriously underdeveloped relatively opaque algiers stock exchange wish beacon progress africa leader maghreb must begin everything necessary achieve high speed rail given population density algeria mostly centered around coastline make sense make implementation high speed rail system quite easy concentrated though would like option expand rails tamanrasset options branches developments port expansion fishing thriving industry heldback lack funds ability small time fishers make mark therefore algeria look provide beneficial loans algerian based fishing companies help aid expanding corporate fishing coast significantly boost ability utilize natural market provided us foreign companies welcomed set branch algeria port expansions also several benefits look increase shipbuilding capabilities well commercial management port expansions critical continued commerce look forward seeing economical benefits investments desert cities seen egypt arab nations fight desert taken form creation desert cities algeria keenly aware vast amount land currently barren people economic opportunity coastline becomes overcrowded algeria interested trying expand inland establishing cities algiers tamanrasset seeing rapid development cities deserts like uae egypt saudi arabia algeria interested creation economic cities algeria begin similar platform implemented egypt new towns built around manufacturing plants cities growing larger plants give economic incentives initial establishment well growth people move coast inland next 10 years hope build 10 cities manufacturingblue collar jobs primary economic force 810 remaining 2 hope build around technological research centers allowing advancement sciences algeria 2 smaller manufacturing cities necessary future growth algeria likely need turn china arab brothers sisters aid extensive project finally 4 refugeeimmigrant cities constructed focus creating communities fleeing conflict elsewhere entering algeria mali libya caused large number refugees enter algeria expect come peaceful solution achieved must handle prepare refugeeimmigrant cities similar focus manufacturing cities though higher emphasis placed education algerian culture language refugees plan stay wish integrate culture rather outsiders algeria look towards economic growth opportunities plan set figuring cost ambitious plans critical next phase development hope partner china others order make development dreams reality,positive,10,1602255551.0,1
Algeria,Algeria sustainable development,algeria massive reserves shale gas oilper american energy information administration worlds thirdlargest gas behind argentina china united states 707tcf technically recoverable well 57 billion barrels technically recoverable oil reserves thus far untapped algeria already tapped substantial conventional oil gas reserves new shale reserves promise significantly increase gas production help sustain oil production near future well adoption infrastructure investments enhanced recovery technologies provided course actually get countries really tapped shale oil reserves thus far estonia united states even massive deposits found everywhere poland argentina reasons economic lot regulatory political given urgency economic situation interest number influential algerian businessmen see opportunity profit shale gas oil extraction continued high demand europe algerian energy products aftermath russoukrainian war result algeria taking action improve regulatory economic environment enable potential boom shale industry improved regulatory framework oil gas extraction countries prices governed government petroleum contracts governments set costs allowed recovery works fine traditional extraction oil gas shale oil requires complex techniques like hydraulic fracturing notable statebystate differences shale extraction noticed united states largely related regulatory structurewhy pennsylvania produce much instance neighbors admittedly contrived examples several banned fracking dubious evidence result algeria decided model new oilandgas framework used great state texas best work proven models amendments made especially adopt civil lawbased legal code large general principles implemented oil retailed market rates gas still implemented longterm contracts transportation natural gas especially conducive sudden price swings changes direction allowing permitting independent oil gas outfits doesnt seem like private oil companies banned algeria certainly dont seem supported isnt huge surpriseeven countries allow private oil exploration development theyre seldom enabled much united states small independent producers led charge develop resources actions taken break sonelgaz sonatrach former state oil gas monopolies respectively conducive independentswe want small relatively speaking players international companies feel welcome result even changes made legal code arcane particularly worth noting make easier small producers whether abroad preference course homegrown set shop lease mineral rights start drilling course provided one correct political connectionsthese regulatory changes designed enable influential algerian oligarchs militaryconnected businessmen get shale oil gas racket partnership multinationals developing unconventional reserves whats environment many places concerned socalled environmental hazards fracking maybe earthquakes poisoning aquifers shit like depleting precious groundwater well guys dragged epas thoroughlyresearched draft report 2015 found overrated reason final report decided actually negative impacts kind suspicious may shoved political reasons x200b meanwhile algeria theres concerns fracking use precious water reserves worry theres plenty fossil water desert enough fracking operations state subsidies welldigging enable construction water sources fracking operations especially connection businesses influence within regime well use brackish water possible freshwater comes disposal well great vast barren desert need clean arent going hurt anything according expensive environmentalists paid say part fracking algeria subject major environmental regulation truly wild west investing people geologists vital shortage item modern shalegas industry dont need many need order exploit unique shale fields algeria result incentives shifting mostly promote development expertise benefit development algerias shale oil gas including increased funding geology departments scholarships study abroad provided one returns algeria afterwards expertise areas needed properly frack drillrig builders seismologists fortunately algeria already reasonably deep professional base petroleum sector shouldnt terribly difficult things considered conclusion lead shale bonanza algeria probably quite optimistic though may take time benefits realized changes worlds third shale reserves tempting oil gas prices recover 2020 lows demand nonrussian sources surges new regulatory legal changes algeria look attractive invest regards shale pretty much country world called united states america best part easy took bribing oligarchs changing couple old musty laws potentially dealing public opposition though think dealt,positive,2,1649339077.0,1
Algeria,Algeria sustainable development,nations algeria angola ecuador equatorial guinea gabon iran iraq kuwait libya nigeria qatar saudi arabia united arab emirates venezuela meets vienna austria 177th organization petroleum exporting countries annual meeting discuss positive outlook oil cartel upcoming year anticipating windfall earnings due rise oil prices 10 percent member nation seek boost production founding member venezuela looks place embargo exports united states years stagnation marketplace member nation kuwait predicted previous opec meetings oil demand greatly expand low global investments past years begin catch supply venezuela agreed boost production tapping vast oil reserves greatly outnumber opec member countries enormous net positive effect venezuelas economy especially considering nations historically high reliance oil royalties fund government expenditures venezuela hopes qatar continue tap vast natural gas reserves meet emerging demand across eurasia africa believes saudi arabia see large gain natural gas imports kuwaiti qatari fracked natural gas proposed policy lessens saudi kingdoms dependence costly water irrigation methods agriculture heavy reliance imported water thus freeing water resources region consumption sustainable development venezuela looks broker deal key members qatar nigeria iran saudi arabia additionally venezuela proposes opec take steps prepare new chapter history coalition including measures greatly reduce volatility market boosting venezuelan oil production tapping largest opec nations oil reserves boosting natural gas production qatar boosting natural gas imports saudi arabia embargo oil exports united states citing continued destabilization middle east political interference latin america president trumps policy exporting us shale vast emergency oil reserves moving opec headquarters lagos nigeria resolution supporting nomination outgoing opec secretary general mohammed sanusi barkindo amassador united nations prior opec meeting joint news conference mr barkindo completed threeyear term ingoing secretary general venezuelan vice president tareck el aissami assailed united states continuous meddling global affairs warned president donald trump recklessness world stage risks greater financial instability within country something venezuela knows well spoke eloquently member nations role global players time demographics world greatly changing also discussed technology democratized decision making facets life politics global financial structure domino effect every continent mr el aissami recently served vice president venezuela serving governor one time minister ministry popular power interior justice peace united states achieved desire reduce dependence foreign oil said poignantly welcoming crowd vienna meeting huge financial strain united states disgruntled us citizens see steady rise gas bills time every voter reminded daily mr trump seeking reelection year concluded remarks thanking outgoing secretary general mohammed sanusi barkindo nigeria steady hand leading organization time enormous market underperformance opec also pledged good times defeating nigerian squad 7th annual hugo chavez memorial futból tournament nigeria early spring done past addition friendly competition honoring legacy late former president chavez venezuela looking strengthen bilateral ties trade defense infrastructure mr barkindo look forward upcoming match honor legacy hero mentor looking upon us largest smile heavens historic day outgoing secretary general thanked member nations continued commitment protecting opec supporting economic growth amongst emerging markets conversation press leading expected lengthy meeting president nicolás maduro spoke residence caracas saying since united states meddling affairs done throughout latin america decades believe strongly could achieve goal increased output restricting access years opec stood silent united states meddled affairs longer accept accept balanced playing field president maduro also advocated balanced energy strategy combats climate change also provides pathway third world countries modernize economies pull millions systemic poverty particularly wished great success deputy past three years cartels newest secretary general mr el aissami begins first 3year term,positive,2,1497827935.0,1
Algeria,Algeria sustainable development,please find comments 35 new vacancies opened since thursday 27 jan data come un talent every open volunteering position un admin administrativoa financieroa de subproyectos de bioemprendimientos undp united nations development programme expires 11 days unv national specialist unvorg medical amp health communications amp pr brazzaville congo external relations partnership world health organization expires 11 days unv international specialist unvorg legal yaoundé cameroon associate protection officer cluster unhcr un high commissioner refugees expires 11 days unv international specialist unvorg amp telecom information management officer undp united nations development programme expires 11 days unv national specialist unvorg communications amp pr khartoum sudan unv public information officer unitams united nations integrated transition assistance mission sudan expires 11 days unv international specialist unvorg online support information management unv china expires 11 days unv unvorg online support translation unv china expires 11 days unv unvorg spanish french translation review support social media communications undp global centre technology innovation sustainable development expires 11 days unv unvorg mapping active volunteer involving organizations vios jordan priority areas unv united nations volunteers expires 11 days unv unvorg logistics amp procurement kakuma kenya warehouse inventory manager unhcr un high commissioner refugees expires 10 days unv national specialist unvorg legal ankara turkey junior humanitariandevelopmentpeace nexus resilience officer un rco united nations resident coordinator office expires 28 days unv international youth unvorg human resources sarajevo bosnia herzegovina human resources associate undp united nations development programme expires 28 days unv international youth unvorg dhaka bangladesh coordination support officer un women expires 28 days unv international youth unvorg medical amp health harare zimbabwe gender youth associate unfpa united nations population fund expires 28 days unv international youth unvorg legal kampala uganda associate human rights officer gender equality ohchr office high commissioner human rights expires 28 days unv international youth unvorg legal admin dakar senegal associate crime prevention criminal justice officer unodc united nations office drugs crime expires 28 days unv international youth unvorg admin human resources amman jordan human resources associate unicef united nations childrens fund expires 28 days unv international youth unvorg legal amman jordan associate human rights officer unesco united nations educational scientific cultural organization expires 28 days unv international youth unvorg elections amp governance windhoek namibia gender human rights associate undp united nations development programme expires 28 days unv international youth unvorg security guayana city venezuela associate protection officer unhcr un high commissioner refugees expires 10 days unv international specialist unvorg legal nairobi kenya associate gender affairs officer unon united nations office nairobi expires 28 days unv international youth unvorg legal khartoum sudan associate human rights democracy rule law un women expires 28 days unv international youth unvorg programme coordinator unicef grenada expires 8 days unv national expert unvorg bamako mali chargée de développement de projet et de liaison iom mali expires 19 days unv international specialist unvorg jakarta indonesia project officer mifsgac southeast asia region uncdf indonesia expires 3 days unv national specialist unvorg beijing china planning monitoring reporting specialist un women expires 10 days unv national specialist unvorg elections amp governance bria central african republic human rights officer minusca mission intégrée pour la stabilisation en république centrafricaine expires 10 days unv international specialist unvorg elections amp governance bangui central african republic individual protection officer minusca mission intégrée pour la stabilisation en république centrafricaine expires 10 days unv international specialist unvorg bogotá colombia asistente de planeación monitoreo evaluación para programas de victimas justicia transicional undp united nations development programme expires 10 days unv national specialist unvorg amp telecom environment ndjamena chad expert en base de données sur les pertes et dommages liés aux catastrophes et en suivi du cadre daction de sendai undp united nations development programme expires 10 days unv national expert unvorg elections amp governance erbil iraq investigations assistant unitad united nations investigative team accountability daeshisil expires 10 days unv national specialist unvorg communications amp pr algiers algeria community manager undp united nations development programme expires 10 days unv national specialist unvorg amp telecom bentiu south sudan associate information management officer unhcr un high commissioner refugees expires 10 days unv international specialist unvorg accra ghana programme support specialist un rco united nations resident coordinator office expires 10 days unv international specialist unvorg medical amp health health officer immunization unicef indonesia expires 10 days unv national specialist unvorg next post 3 days,positive,1,1643548158.0,1
Algeria,Algeria sustainable development,historic breakthrough achieved successful negotiations treaty oran president bounouira hailed great victory stabilizing west african region beginning shift algerian foreign policy supporting nurturing neighbours even nigeria perceived leader west african region seeks leverage violence interests one facet complex overlapping conflicts embroil region however although mali rendered two ethnic divisions still hotbed islamic militants travel unharassed southern algeria mali niger burkina faso part new regional diplomatic efforts algeria begin actively supporting governments regions fight jihadism developing lasting peace mali made peace mnla malis central government must turn efforts towards combatting jamaat nusrat alislam wal muslimeen alliance various islamic insurgent groups region algeria assist deploying 150 military advisors 60 special forces operatives number civilian experts advisors train malian security forces counterinsurgency techniques learnt experiences algerian civil war special forces operatives conduct raids key militant targets conjunction malian french forces civilian experts provide assistance building administrative capacity central government regions recently liberated mnla ensure snatched jihadi groups material support come form 6 bayraktar tb2 drones operating air base tamanrasset along 3 mig35s drones primarily conduct aerial surveillance planes conduct airstrikes target identified primary targets militant supply depots training camps convoys algerian forces reach french american counterparts region possibility intelligence sharing coordinate effective regional surveillance target acquisition furthermore algerian armed forces transfer 45 t62s replace malis extremely outdated tank core 74 nimr ii apcs provided enhance modernise armies mobility capabilities vast desert climate algerian staterun mining companies also shown keen interest malis mineral resources golden opportunity fund countrys development countrys north sonartrach prepared restart oil drilling initial 150 million investment willing reinvest profits back local communities assisting central government upholding promise develop azawad region come form water management systems food security projects employment opportunities closer capital several companies interested opening iron ore manganese mines initial investments 250 million 300 million respectively companies willing offer malian counterparts 40 control company however understand mali may funds cover 40 initial investment companies cover upfront investment allow mali buy share profits receive niger niger sahel state borders southern region also struggling ongoing islamic militant activities limited state capacity government budget means armed forces poorly equipped state presence struggles maintained regions effort assist government niamey improve security around shared border algeria send military advisors administrative experts material support much mali 50 advisors train nigerian armed forces focus improving quality ncos cos allowing training eventually become selfsustaining also advise counterterrorism proividng unqiue african perspective nuances local conflicts western forces simply possess administrative experts mali advise improving state capacity efficiency better run government services well providing training government employees 56 nimr ii apcs provided army replace rapidly ageing armored vehicles well providing modern protection mobility improve effectiveness reduce casualties algeria mining companies interested mineral rights gold deposits northern agadez region offering nigerian government 25 stake initial 250 million investment purchase using profits lack upfront funds algeria also ensure portion profits reinvested developing local communities providing services job opportunities furthermore new president bounouira placed heavy focus supporting selfdetermination western sahara key priority algerian foreign policy urge government niamey reconsider current stance supporting moroccan sovereignty establishing diplomatic relations sadr much time insist least support un official policy holding referendum independence,positive,3,1625628363.0,1
Algeria,Algeria sustainable development,update amyris ticker amrs amyris announced today completion previously announced joint venture agreement mf 92 ventures llc minerva minerva foods subsidiary develop molecules sustainable production distribution animal protein key notes 1 new molecules pursuits molecules improve lower carbon intensity producing animal protein b sustainable packaging note amrs prior relationship kuraray food packaging space knowledge space result c fermentationbased natural preservatives facilitate transport meat around world fermentationbased protein alternative animalbased protein although based wording well minervas pr see likely later stage goal jv may current development near future link article regarding subject 2 expected generate first license revenue amyris end 2021 ie next week 3 commercial production initial targets 2022 line prior march 16th press release announcement expectation 18 months time frame commercialization reading minervas press release matter find additional information 1 initial investment minerva us5 million jv 2 represents 60 jvs total capital although clear means terms ownership jv 3 implies remaining capital 333mm leads believe derived amrs 4 importantly melo states executing well track strong fourth quarter bodes well q3 earnings call know minerva foods one leaders production sale fresh beef byproducts live cattle exports beef processing south america bits relevant data 1 based sao paolo brazil founded 1992 34bn usd revenues 2020 68 exported outside brazil selling 100 countries today 2 brazilian facilities 10 slaughterhouses plants 01 processing plant brazil slaughter deboning plants processing units b 9 distribution centers brazil distribution centers located argentina chile colombia paraguay uruguay c together facilities make athena foods subsidiary minerva sa 3 outside brazilian facilities 5 paraguay 3 uruguay 2 colombia 5 argentina 2 australia sheepfocused slaughterhouses 5 currently 5 primary brands minerva estancia 92 minerva angus minerva selecao minerva mestre meat geared towards hotelsrestaurants olive oil alma luza 6 16 international offices offices located algeria australia chile egypt england hong kong italy lebanon new zealand russia singapore taiwan united arab emirates united states 7 total slaughter capacity 26180 livestock per day 8 product categories byproduct categories minerva leather 14000 pieces bovine hides per day b minerva biodiesel tallow byproduct c minerva casings sausages nonbyproduct categories minerva fine foods b minerva energia c minverva live cattle exports minerva ingredients e minerva foods asia learn minerva foods amrs continues make strides multiple verticals optionalities portfolio range beauty skin vaccines lubricants fuel cannibinoids include food packaging potentially animalbased proteins consumption like read want kept date amyris firms feel free follow us stock talk ruff research facebook happy holidays happy investing,positive,6,1640274105.0,1
Algeria,Algeria sustainable development,centres great learning programme academic institutions globally increasing footprint world transforms knowledge economy government saudi arabia want transition economy kingdom knowledge economy wishing world around us allies partners realizes importance academic institutions play long time come government saudi arabia recognises deems following institutions centres great learning status conferred ministry education africa american university cairo cairo university usthb algeria university lagos université cadi ayyad marrakech morocco université de tunis asia national university singapore tsinghua university peking university seoul national university fudan university universiti malaya american university beirut university delhi university mumbai al farabi kazakh national university universitas indonesia bilkent university kyoto university university tokyo europe university cambridge university oxford university college london london school economics political science university amsterdam ruprechtkarlsuniversitaet heidelberg university st andrews lund university university zurich utrecht university uppsala university ghent university north america harvard university stanford university university chicago yale university cornell university university pennsylvania columbia university university california berkeley san diego los angeles mcgill university university toronto university british columbia oceania university melbourne university sydney monash university university auckland south america universidad de beunos aires universidad de sao paulo universdad de chile universidad de los andes among leading institutions world people saudi arabia share extensive relationship likes harvard university cambridge etc prominent saudi industrialists technocrats intellectuals studied donated millions aid expansion construction new institutions partnership result benefited prospective students kingdom world greatly institution recognised centre great learning avail grant 10 million lower institutions developing world adjusted standards living price indices etc advance research various disciplines religion technology liberal arts science mathematics among universities host competitive religious studies centres centres research development islam opened advance understanding unlocking vast brainpower students across world islamic world ends failure implement measures ensure peace stability reflect lack understanding corrected world combats solves challenges together additionally government saudi arabia help establish centres middle eastern studies shall help promote form policies studying greater middle east many universities institutions listed already centres initiative case shifted establishment expansion current centres years centres advocated greater understanding arabs issues region allowing world leaders formulate better adaptable policies nbsp institutes global importance programme efforts understand world specialized research institutions think tanks become indispensable organ world kingdom correctly identifies emerging influential think tanks world great majority based united states china followed india brookings institution us centre strategic international studies us bruegel belgium international institute strategic studies united kingdom transparency international germany stockholm international peace research institute rand corporation us china institute international studies china institute contemporary international studies human rights watch uk asian developmental bank institute japan asian infrastructure investment bank china carnegie middle east centre lebanon us shanghai institute international studies china indian council research international economic relations institute national security studies israel brookings institution remained top think thank helping policymakers globally adopt better policies navigate regions realizing potential brookings institution holds government saudi arabia insisting brookings institution opening regional centre king abdullah economic city needless add operations costs establishment financed brookings institution establish gulf furthermore various ministries saudi arabian centre department statistics closely working brookings helping saudi arabia arrive better decisions government saudi arabia accredit think tanks listed institutes global importance status aiding operations partially making funding keep work unhindered government also seek advisory guidelines may times reward financially authors important papers discretion institutions listed awarded grants 1 million 10 million depending upon financial needs need expansion institutions chose set regional centres aided finance regional operations parts struggle mankind remained understand us world around us better reach sustainable development showing care future generations institutions globally help us form better policies expand understanding make world better place,positive,4,1458725478.0,1
Algeria,Algeria sustainable development,bangladesh urged nonalligned movement nam allow free mobility capital technology labour within member countries ensure socioeconomic prosperity x200b foreign minister dr ak abdul momen made call addressing 60th anniversary event nonaligned movement belgrade foreign ministry spokesperson said tuesday x200b nonalligned movement foreign minister stated imperative membership put less restrictions mobility resources help boost economic growth reduce poverty equitable distribution income achieve major goals sdgs x200b mr momen leading bangladesh delegation 60th anniversary event nam held belgrade 1112 october 2021 x200b referring lifelong struggle father nation bangabandhu sheikh mujibur rahman ensuring equality humanity justice dr momen reiterated strong conviction bangladesh founding principles nam x200b peacecentric foreign policy echoes spirit nonaligned movement foreign minister continued x200b stressing relevance nam highlighted emerging challenges climate change terrorism violence etc warrant collective action nam members x200b basic rights human beings still unmet many parts world said momen x200b highlighted long persecution rohingyas myanmar calls urgent action x200b foreign minister also expressed dismay global inequalities access covid 19 vaccine x200b remarkable progress vaccine development failed contain deadly virus due vaccine nationalism vaccine politicization continued x200b dr momen urged global community address vaccine gap immediately treating covid 19 vaccine global public good x200b called upon nam countries work together towards postpandemic sustainable recovery proposed strengthen southsouth triangular cooperation including establishment forum ministers foreign finance development global south x200b forum provide platform explore potentials southern countries share experience expertise technology resources promote sustainable development dr momen mentioned x200b president ghana prime minister algeria foreign ministers different nam member countries including indonesia nepal kuwait saudi arabia india iraq pakistan sri lanka maldives zimbabwe uganda gabon gambia sudan haiti angola palestine etc highlevel representatives 70 countries attending meeting x200b meeting cochaired president azerbaijan president serbia un secretarygeneral president 76th session unga also spoke occasion,positive,1,1634052230.0,1
Algeria,Algeria sustainable development,please find comments 54 new vacancies opened since tuesday 03 aug data come un talent every open volunteering position un information management algeria support social protection research maghreb region ipcig undp international policy centre inclusive growth unv onlinevolunteeringorg translation panama traducir propuesta de financiación para el primer informe bienal de transparencia de panamá pnud panamá unv onlinevolunteeringorg panama city panama recaudador facer ii social champions unicef united nations childrens fund expires 13 days unv community volunteer unvorg monrovia liberia youth coordinator undp united nations development programme expires 9 days unv national specialist unvorg athens greece project manager ecap med iii project unep united nations environment programme expires 16 days unv international specialist unvorg kinshasa democratic republic congo associate external relations officer unhcr un high commissioner refugees expires 13 days unv international specialist unvorg lilongwe malawi ict officer unicef united nations childrens fund expires 13 days unv national specialist unvorg moroni comoros monitoring evaluation specialist undp united nations development programme expires 13 days unv international specialist unvorg new york united states america population data fellow knowledge management strategic communications unfpa united nations population fund expires 13 days unv international specialist unvorg amp telecom websitewebpage development event undp lebanon unv onlinevolunteeringorg communications amp pr outreach amp influencer support 2021 global week act sdgs un sdg action campaign unv onlinevolunteeringorg spécialiste appui projet undp united nations development programme expires 9 days unv national specialist unvorg torit south sudan associate field officer protection unhcr un high commissioner refugees expires 6 days unv international specialist unvorg torit south sudan associate protection officer communitybased unhcr un high commissioner refugees expires 6 days unv international specialist unvorg translation ukraine support translation ukrainian english viceversa transition coalmining cities project u undp united nations development programme unv onlinevolunteeringorg papua new guinea write proposal design costing early childhood learning classroom morobe development foundation inc unv onlinevolunteeringorg papua new guinea write edit academic research proposal water quality hygiene sanitation morobe development foundation inc unv onlinevolunteeringorg programme amp policy indonesia support people disabilities apply un volunteer vacancy indonesia unv regional office asia amp pacific unv onlinevolunteeringorg mexico city mexico social champions coordinator ii venues manager unicef united nations childrens fund expires 9 days unv community volunteer unvorg quito ecuador voluntario dreamlab metodología formador de formadores unicef united nations childrens fund expires 6 days unv national university unvorg local community development specialist uncdf united nations capital development fund expires 13 days unv national specialist unvorg juba south sudan field associate unhcr un high commissioner refugees expires 5 days unv national specialist unvorg mogadishu somalia human resource officer world health organization expires 12 days unv national specialist unvorg nampula mozambique wash programme volunteer unicef united nations childrens fund expires 12 days unv national specialist unvorg maracaibo venezuela asistente de seguimiento wfp world food programme expires 12 days unv national specialist unvorg georgetown guyana human rights specialist ohchr office high commissioner human rights expires 12 days unv international specialist unvorg guatemala city guatemala associate registration officer unhcr un high commissioner refugees expires 6 days unv international specialist unvorg tunis tunisia communications assistant un women expires 12 days unv national youth unvorg ndjamena chad jeune volontaire des nations unies national unv united nations volunteers expires 12 days unv national university unvorg associate protection officer unhcr un high commissioner refugees expires 9 days unv international specialist unvorg translation chineseenglish translation course explore changemaker potential unitar un institute training amp research unv onlinevolunteeringorg translation russianenglish translation course explore changemaker potential unitar un institute training amp research unv onlinevolunteeringorg new york united states america associate programme management officer unoct office counterterrorism expires 12 days unv international specialist unvorg niamey niger giga country implementation specialist unicef united nations childrens fund expires 9 days unv international specialist unvorg amp telecom communications amp pr support design publication precision agriculture smallholder farmers undp global centre technology innovation sustainable development unv onlinevolunteeringorg yangon myanmar burma humanitarian affairs officer access analysis amp reporting unocha office coordination humanitarian affairs expires 12 days unv international specialist unvorg teaching amp training india teach online computer classes girls anjanam convent kerala ann foundation inc unv onlinevolunteeringorg teaching amp training india teach online computer classes students tamil nadu ann foundation inc unv onlinevolunteeringorg programme assistant undp united nations development programme expires 11 days unv national specialist unvorg algiers algeria external relations amp partnerships officer world health organization expires 11 days unv international specialist unvorg nouakchott mauritania assistante programme vnu chargée de la mobilisation des volontaires des nu unv united nations volunteers expires 11 days unv national university unvorg amman jordan staff counsellor undp united nations development programme expires 11 days unv international specialist unvorg pretoria south africa programme specialist undp united nations development programme expires 11 days unv international specialist unvorg khartoum sudan programme officer unmas unmas expires 9 days unv international youth unvorg beirut lebanon gender protection officer world health organization expires 4 days unv national specialist unvorg communications amp pr support communications develop human rights interest stories communications outreach southern africa ohchr regional office southern africa unv onlinevolunteeringorg djibouti city djibouti un docteur covid19 coordinateurrice world health organization expires 11 days unv international specialist unvorg erbil iraq digital communications specialist undp united nations development programme expires 10 days unv international specialist unvorg erbil iraq programme officer undp united nations development programme expires 10 days unv international specialist unvorg manila philippines digital communications web editor english spanishfrench capacity iom un migration expires 4 days unv international specialist unvorg manila philippines digital communications web editor english amp spanish iom un migration expires 4 days unv international specialist unvorg manila philippines digital communications web migration coordinator iom un migration expires 4 days unv international expert unvorg manila philippines digital communications web editor english amp french iom un migration expires 4 days unv international specialist unvorg dhaka bangladesh unv civic youth engagement assistant undp united nations development programme expires 2 days unv national youth unvorg next post 3 days,positive,1,1628216365.0,1
Algeria,Algeria sustainable development,following abiy ahmeds trip new york speak united nations made much shorter trip african union headquarters ethiopias capital addis ababa called egypt sudan suspended african union due unlawful attacks grand ethiopian renaissance dam main objectives african union achieve unity solidarity defend sovereignty promote peace stability promote sustainable development promote cooperation egypt sudans refusal negotiate gerd following illegal attack contranvention almost every objective au breached borders destroyed civilian infrastructure caused humanitarian crisis actions cannot allowed request immediate suspension countries au redeem accepting right build dam covering damages allowing repaired filled decision needs made peace security council algeria burundi kenya lesotho nigeria members havent able find info countries take 10 seats,positive,3,1616941926.0,1
Algeria,Algeria sustainable development,please find comments 54 new vacancies opened since tuesday 03 aug data come un talent every open volunteering position un information management algeria support social protection research maghreb region ipcig undp international policy centre inclusive growth unv onlinevolunteeringorg translation panama traducir propuesta de financiación para el primer informe bienal de transparencia de panamá pnud panamá unv onlinevolunteeringorg panama city panama recaudador facer ii social champions unicef united nations childrens fund expires 13 days unv community volunteer unvorg monrovia liberia youth coordinator undp united nations development programme expires 9 days unv national specialist unvorg athens greece project manager ecap med iii project unep united nations environment programme expires 16 days unv international specialist unvorg kinshasa democratic republic congo associate external relations officer unhcr un high commissioner refugees expires 13 days unv international specialist unvorg lilongwe malawi ict officer unicef united nations childrens fund expires 13 days unv national specialist unvorg moroni comoros monitoring evaluation specialist undp united nations development programme expires 13 days unv international specialist unvorg new york united states america population data fellow knowledge management strategic communications unfpa united nations population fund expires 13 days unv international specialist unvorg amp telecom websitewebpage development event undp lebanon unv onlinevolunteeringorg communications amp pr outreach amp influencer support 2021 global week act sdgs un sdg action campaign unv onlinevolunteeringorg spécialiste appui projet undp united nations development programme expires 9 days unv national specialist unvorg torit south sudan associate field officer protection unhcr un high commissioner refugees expires 6 days unv international specialist unvorg torit south sudan associate protection officer communitybased unhcr un high commissioner refugees expires 6 days unv international specialist unvorg translation ukraine support translation ukrainian english viceversa transition coalmining cities project u undp united nations development programme unv onlinevolunteeringorg papua new guinea write proposal design costing early childhood learning classroom morobe development foundation inc unv onlinevolunteeringorg papua new guinea write edit academic research proposal water quality hygiene sanitation morobe development foundation inc unv onlinevolunteeringorg programme amp policy indonesia support people disabilities apply un volunteer vacancy indonesia unv regional office asia amp pacific unv onlinevolunteeringorg mexico city mexico social champions coordinator ii venues manager unicef united nations childrens fund expires 9 days unv community volunteer unvorg quito ecuador voluntario dreamlab metodología formador de formadores unicef united nations childrens fund expires 6 days unv national university unvorg local community development specialist uncdf united nations capital development fund expires 13 days unv national specialist unvorg juba south sudan field associate unhcr un high commissioner refugees expires 5 days unv national specialist unvorg mogadishu somalia human resource officer world health organization expires 12 days unv national specialist unvorg nampula mozambique wash programme volunteer unicef united nations childrens fund expires 12 days unv national specialist unvorg maracaibo venezuela asistente de seguimiento wfp world food programme expires 12 days unv national specialist unvorg georgetown guyana human rights specialist ohchr office high commissioner human rights expires 12 days unv international specialist unvorg guatemala city guatemala associate registration officer unhcr un high commissioner refugees expires 6 days unv international specialist unvorg tunis tunisia communications assistant un women expires 12 days unv national youth unvorg ndjamena chad jeune volontaire des nations unies national unv united nations volunteers expires 12 days unv national university unvorg associate protection officer unhcr un high commissioner refugees expires 9 days unv international specialist unvorg translation chineseenglish translation course explore changemaker potential unitar un institute training amp research unv onlinevolunteeringorg translation russianenglish translation course explore changemaker potential unitar un institute training amp research unv onlinevolunteeringorg new york united states america associate programme management officer unoct office counterterrorism expires 12 days unv international specialist unvorg niamey niger giga country implementation specialist unicef united nations childrens fund expires 9 days unv international specialist unvorg amp telecom communications amp pr support design publication precision agriculture smallholder farmers undp global centre technology innovation sustainable development unv onlinevolunteeringorg yangon myanmar burma humanitarian affairs officer access analysis amp reporting unocha office coordination humanitarian affairs expires 12 days unv international specialist unvorg teaching amp training india teach online computer classes girls anjanam convent kerala ann foundation inc unv onlinevolunteeringorg teaching amp training india teach online computer classes students tamil nadu ann foundation inc unv onlinevolunteeringorg programme assistant undp united nations development programme expires 11 days unv national specialist unvorg algiers algeria external relations amp partnerships officer world health organization expires 11 days unv international specialist unvorg nouakchott mauritania assistante programme vnu chargée de la mobilisation des volontaires des nu unv united nations volunteers expires 11 days unv national university unvorg amman jordan staff counsellor undp united nations development programme expires 11 days unv international specialist unvorg pretoria south africa programme specialist undp united nations development programme expires 11 days unv international specialist unvorg khartoum sudan programme officer unmas unmas expires 9 days unv international youth unvorg beirut lebanon gender protection officer world health organization expires 4 days unv national specialist unvorg communications amp pr support communications develop human rights interest stories communications outreach southern africa ohchr regional office southern africa unv onlinevolunteeringorg djibouti city djibouti un docteur covid19 coordinateurrice world health organization expires 11 days unv international specialist unvorg erbil iraq digital communications specialist undp united nations development programme expires 10 days unv international specialist unvorg erbil iraq programme officer undp united nations development programme expires 10 days unv international specialist unvorg manila philippines digital communications web editor english spanishfrench capacity iom un migration expires 4 days unv international specialist unvorg manila philippines digital communications web editor english amp spanish iom un migration expires 4 days unv international specialist unvorg manila philippines digital communications web migration coordinator iom un migration expires 4 days unv international expert unvorg manila philippines digital communications web editor english amp french iom un migration expires 4 days unv international specialist unvorg dhaka bangladesh unv civic youth engagement assistant undp united nations development programme expires 2 days unv national youth unvorg next post 3 days,positive,2,1628216061.0,1
Algeria,Algeria sustainable development,please find comments 44 new vacancies opened since wednesday 23 jun suggestion welcome feel free comment get touch every open consultant position riyadh saudi arabia ic international expert midterm evaluation institutional support statistics undp united nations development programme expires 1 month international consultant jobsundporg human rights international consultant conduct study human security georgia un women expires 14 days international consultant jobsundporg human rights tbilisi georgia national consultant conduct study human security georgia un women expires 14 days national consultant jobsundporg human rights addis ababa ethiopia international consultantprovide technical support preparation statistical analytical report gender un women expires 7 days international consultant jobsundporg national consultantlead researcher gender assessment impact social norms stereotypes womens economic un women expires 5 days national consultant jobsundporg tehran iran providing national consultancy development standards conditional cash transfers withstand disaster andor undp united nations development programme expires 16 days national consultant jobsundporg icundpgmc1132021 expert project development sustainable supply chain fisheries commodities undp united nations development programme expires 13 days national consultant jobsundporg vientiane laos national consultant disability inclusion lao nationality undp united nations development programme expires 14 days national consultant jobsundporg nicosia cyprus editorproofreader greek speaking undp united nations development programme expires 13 days national consultant jobsundporg communications amp pr nairobi kenya consultancy interagency coordinator risk communication community engagement rcce collective service eastern unicef united nations childrens fund expires 7 days consultancy uniceforg human rights antananarivo madagascar republication un e consultant e national e chargé e de letat des lieux de la fonctionnalite et lutilisation unicef united nations childrens fund expires 14 days consultancy uniceforg human rights jakarta indonesia national contractor child protection civil registration lead consultant indonesians unicef united nations childrens fund expires 6 days consultancy uniceforg abidjan côte divoire consultant e national e ou international e plan annuel national dapprentissage abidjan cote divoire unicef united nations childrens fund expires 13 days consultancy uniceforg human rights jakarta indonesia national contractor child protection civil registration second consultant indonesians unicef united nations childrens fund expires 6 days consultancy uniceforg human rights nouakchott mauritania consultation internationale ou nationale pour lappui technique à la mise en place dune stratégie c4d et doutils de c unicef united nations childrens fund expires 12 days consultancy uniceforg biodiversity climate resilience green growth consultant undp united nations development programme expires 12 days international consultant jobsundporg medical amp health international consultant modelling secondary impacts health crises undp united nations development programme expires 12 days international consultant jobsundporg geneva switzerland homebased consultancy supporting quality inclusive education europe central asia july december 2021 unicef united nations childrens fund expires 11 days consultancy uniceforg new york united states america consultancy consultant nutrition information systems emergencies nutrition section pd nyhqhome based req unicef united nations childrens fund expires 13 days consultancy uniceforg communications amp pr new york united states america consultancy junior social media editor 115 months ds doc nyhq unicef united nations childrens fund expires 13 days consultancy uniceforg georgetown guyana individual consultant comprehensive sexuality education spotlight initiative nationals guyana unicef united nations childrens fund expires 14 days consultancy uniceforg angola graphic designer unesco united nations educational scientific cultural organization consultancy careersunescoorg angola graphic designer unesco united nations educational scientific cultural organization consultancy careersunescoorg santiago chile consultoría para estudio sobre equidad e inclusión en chile unesco united nations educational scientific cultural organization expires 6 days consultancy careersunescoorg philippines gender mainstreaming advisor national consultant undp united nations development programme expires 10 days national consultant jobsundporg human rights manila philippines womens human rights advisor access justice a2j philippines un women expires 7 days national consultant jobsundporg manila philippines technical expert regional spending assessment hiv undp united nations development programme expires 11 days national consultant jobsundporg manila philippines technical expert national consultant regional commitments policy instrument hiv undp united nations development programme expires 11 days national consultant jobsundporg maputo mozambique consultoria para estabelecer um sistema único de climate budget tracking undp united nations development programme expires 12 days national consultant jobsundporg icundpcpp1122021 climate change consultant domestic ghg offset policy development national undp united nations development programme expires 12 days national consultant jobsundporg kuwait environmental statistics specialist undp united nations development programme expires 21 days international consultant jobsundporg ashgabat turkmenistan international consultant develop mampe framework nhrap implementation 20212025 conduct twoday workshop undp united nations development programme expires 10 days international consultant jobsundporg human rights panama city panama consultancy unicefs strategy end violence children latin america caribbean type lacro panama unicef united nations childrens fund expires 12 days consultancy uniceforg human rights consultant knowledge management child protection child marriage disabilities unicef united nations childrens fund expires 7 days consultancy uniceforg medical amp health amman jordan consultancy title immunization supply chain management expert 3 months unicef united nations childrens fund expires 12 days consultancy uniceforg human rights tunis tunisia recrutement dun e consultant e national e pour le développement de centres de références pour le secteur priv unicef united nations childrens fund expires 12 days consultancy uniceforg algiers algeria consultation internationale introduction des compétences de vie dans les pratiques pédagogiques et renforcement des cap unicef united nations childrens fund expires 12 days consultancy uniceforg beirut lebanon inclusive education consultant unesco united nations educational scientific cultural organization expires 11 days consultancy careersunescoorg hanoi vietnam national expert unesco research film sector unesco united nations educational scientific cultural organization expires 20 days consultancy careersunescoorg international consultant support development strategic note readvertised un women expires 11 days international consultant jobsundporg asesoría en igualdad de género un women expires 7 days international consultant jobsundporg international consultant develop conceptual framework accountability beneficiaries case management undp united nations development programme expires 5 days international consultant jobsundporg bamako mali international consultant mampe expert undp united nations development programme expires 5 days international consultant jobsundporg bamako mali senior consultant national undp united nations development programme expires 5 days national consultant jobsundporg next post 2 days,positive,1,1624591606.0,1
Algeria,Algeria sustainable development,keeping rough score weather good site bookmark climate dashboard us noaa good place start understanding tracking climate stats happen things evolve course one really knowsas future prediction variability unforeseen events unforeseen technologies etc value project modelnot fate thus fatalism inappropriateinvestment change probably appropriate rate change extensively drive cultures respond climate entertain best guess 30year horizons rapid extreme changethat rates well within best expectations 20202050 based data stands minimal change global net outputs prior 2040 seems given current policies inaction governments entirely reasonable 1 india india huge mobility questionwith somewhere around 1 2 billion people large belts india effectively become uninhabitable within 30 years upwards 100 days year pushing 40 degrees etc human comfort health food production seriously compromised energy spin positive feedback loops issues like air pollution water pollution soil degradation accelerate putting 12 population flightcreates wave migration unseen human historywhether go north east less likely westless likely west india hit even worse predict area kolkata delhi less 12 current population 50 yearspossibly 30 years 2 sahelian africawhile battle desertification central kenya locations going reasonably well things considered recent heat waves eg central african republic suggest areas far south central uganda threat desertification within 30 years population issues nowhere near india china places like rapidly developing ethiopia perhaps greatest modern development story otherwise mention nigeriaboth massive growing populationswill face food famine migration crises timeframenot mention likely acid rains soil contaminations etc migrations 10s millions likely south especially central forests likely 30year timeframe war disease unsettled populations catastrophic resource usage eg freshwater hoards cause issues unseen modern times 3 middle eastthe broader east middle eastsyria pakistanare effectively doomed cannot see resolution themas largest desertification collapse human ecosystems ever takes place next 30 years 4 island culturesphilippines indonesia caribbean storms soil collapse decline workable crops rapid decline fisheries due acidification species movement etc shatter many nations within 40 years temperature aloneagain perhaps 100 days year near 40cwill make life practically unbearable outside closed highrise existencehigh rises efficiently maintain use cooling technologies mention concentrated environment agriculture jakarta well know already sinking needs moved next 10 years similar stories unfolding practically daily seas rise etc 5 conventional west locations spain central us mexico north west china smaller locations eg sicily morocco algeria etc approach uninhabitable thus high migration potentials sooner rather later spain already rapidly urbanizedshowing first wave 2035 think mexico practical terms unselfsustaining walls ar15s earth wont stop mass migrations wont go kansas neardesert 2035 cross bands mountains move canada canada major economies probably sits best positioned climate change oceans acidify food capacity places like hugely important south china seaseveral worlds largest fishing fleets focus therewill less 12 current production 2035hence militarization islands etc well changing geopolitics philippines toward china friendshipwill drive severe population declines may well triggered disease likely severe life hardship large swaths people ocean acidification hurt soils creating negative feedback loop higher summer temperatures ruin tradition crop cycles migrations trample settle open lands general things look pretty grim 2030 years dont see avoided especially given current policy agendas5 planet enjoy complete roboticization economies 2050 massive increases ai mldriven technologies knowledge 75 world see standards fall crisis level floods pestilence soil failure oceanfishing failure similar crises unfold ironically science triumphs many health ageing work fears planet descend circle hell seen since 1970s starvations,negative,30,1582536615.0,-1
Algeria,Algeria sustainable development,algeria eaeu free trade investment agreement overview eurasia constantly looking expand trade portfolio point managed sign comprehensive trade agreements wide variety african countries quickly becoming premier intercontinental partner countries africa believe algeria would exceptional partner endeavor algeria similar kazakhstan ukraine total gdp annually around 200000000000 population nearly equivalent ukraines betrays underlying weakness algerias development actually quite low relative eurasia despite north african country view low development negative instead see tremendous potential algeria holds long term investors market access conscious fact algeria much like russia eurasian countries finds full petrocarbon resources extraction resources major source algerias wealth governments focus resources stunted growth smaller commercial industries wish expand algerias capabilities markets outside petrocarbons recognizing importance eyes government balance sheets algeria small industrial capabilities advanced fields pharmaceuticals mechanical industry even electronics sectors small comparison nearby european markets compared north africa africa general quite strong would like gain investment opportunities advanced algerian sectors create mutually beneficial ties value chains within overall believe algeria excellent position become economic partner believe algerias long term growth model sustainable needs investment market access return view addition 50 million person economy 200 billion gdp market eurasian trade portfolio knockout win regional bloc objective objective agreement expand crossborder ties algeria eurasia specific focuses work visa access transnational capital investment opportunities reduced tariffs ntbs provide platform direct communication creation business ties two countries short objective agreement expand furthest degree possible bilateral economic ties algeria eaeu provisions eaeualgeria trade advisory board tab created compiling statistics reports issued countrys parliaments governmental bodies eaeu bilateral tariff schedule shall implemented immediately removing 90 bilateral tariffs additional 10 tariffs shall removed course 4 years tariff removal schedule set forth eaeualgeria tab parties agree principal removal obstructive excessive ntbs eaeualgeria tab shall tasked advising relevant parties obstructive excessive ntbs process removing parties agree principal removal obstructive excessive regulation private cross border investment eaeualgeria tab shall tasked advising relevant parties obstructive excessive regulations cross border investment process removing eaeualgeria tab shall host quarterly regional investment summits one annual blocwide investment summit focused boosting trade small medium large firms parties agree put forward independent policy boost use native currencies trade among sizes firms parties agree work visa scheme streamlining easing acquisition visas employment blocs moex kazakhstan stock exchange armenian stock exchange kyrgyz stock exchange belarusian currency stock exchange algiers stock exchange shall sign cooperative agreement technical assistance information sharing stock exchanges shall create framework mutual listing companies mutually agreed upon rules moex shall list algerian etf ase shall list combined eurasia etf russian electronics manufacturer ruselectronics shall invest total 5625000000 small midsized electronics manufacturers algeria,positive,2,1616761831.0,1
Algeria,Algeria sustainable development,call duty roots ww2 era first 3 titles resurgence era cod ww2 pretty much every story could told told weve seen stalingrad dday fall berlin battles fought story finished war gone slightly differently funnily enough think indeed concept sledgehammer games toyed development cod ww2 gibraltar london docks notably maps within multiplayer despite ever seeing combat ground universe hitler decides different approach following provide overview alternate timeline fall france hitler decides tackle british cutting empire turning attention towards mediterranean combined diplomatic military pressure third reich fascist italy ultimatum invasion result noncooperation spain allows nazi war machine move south becoming subservient state reich germans capture vitally important gateway mediterranean gibraltar free passage north africa axis juggernaut moves east sweeping morocco tunisia algeria egypt cutting suez canal inflicting massive damage british royal navy airforce vast amount aircraft saved comparison timeline axis moves middle eastern oilfields securing resources giving fuel need sustain next phase plan ideological ally japan intrigued see opportunity sustain campaign expansionism east without making calculated risk potentially attacking united states japan engages talks germany italy capitalize opportunity axis forces western europe middle east launch devastating unexpected 3 pronged assault soviet union japan invading eastern russia promise unlimited access middle eastern oilfields subsequent captures caucuses previous negotiations unlike timeline since securing resources caucuses longer priority axis makes devastating push towards moscow pincer movement resulting collapse soviet union timeline fresh experienced winter soldiers siberia never able make journey aid defence counterattack winter 1941 due intervention japanese collapse central government axis forces take stalingrad without casualty secure resources caucuses expected soviet forces government desperately flee eastwards seeking refuge north america making treacherous crossing across frozen bering strait british starved resources fight hopeless war attrition axis royal airforce displays valiant effort defence united kingdom unable sustain numbers planes pilots required contend axis royal navy also badly weakened result attempts seize iberian peninsula north africa axis control operation sea lion begins british desperately fight invading force would essentially dday reverse results tactical retreat salvaged military government canada resume campaign safer territory japan utilise newfound access resources sweep across central eastern asia soviet british refugee forces make arrival north america united states last bastion free world find surrounded refuse cooperate hand soviet british forces axis usa finds unwillingly dragged become war even eclipses ww2 familiar hope enjoyed terrifying call duty game go path ww2 genre always saturated predictability titles like wolfenstein may talk dystopian reality nazi rule extends across globe little detail ever showcased regarding things managed reach point alternate reality ww2 game could provide massive potential delve deeper battles never fought scenarios never unfolded weaponry military ideas speculated never utilised design team would able operate within familiar framework however plethora new ideas flexibility regarding new content narrative campaign could truly brave show us things couldnt dared imagined era history well understood well explained know happens next imagine didnt purely speculative thought exercise let know think whether apocalyptic scenario shatters everything thought knew ww2 could manifest call duty game could transcend boundaries thought possible era,negative,8,1601860088.0,-1
Algeria,Algeria sustainable development,nomads southern algeria live quite humble life wanting needing much lived little due wanting like everyone else want due fact hard amass resources type harsh saharan desert minimal lifestyle sustained trade picking goods one end desert gained goods needed sustain changed nationstates started throughout continent first effect due new nations south sahara believe developments dismissing unsubstantiated rumors believe rumors news new nation states north sahara forming reached ears new nations dark continent trade either end sahara almost completely disappeared simply needed anymore nations africa part used sealanes trade overland routes disappearance trade took nomads lifestyle less resources many nomadic groups gave nomad lifestyle immigrated various nearby nations others tried maintain lifestyle various degrees success maghreb soldiers appeared nomads fortunes changed skeptical first maghreb offer seemed genuine exchange rights exploit resources region would become maghreb citizens ones transport resources isolated sahara regions costal areas nomadic leadership accepted terms many protested eventually gave realized reality situation could either accept terms maintain semblance former lifestyle starve death choice easy make map,negative,4,1617727297.0,-1
Algeria,Algeria sustainable development,large expansion european federation many jobs come throughout population vast country manufacturing war daesh currently ongoing many factories around spain catalunya italia put work producing bullets firearms afvs genoa milano asturias basque barcelona become centers manufacturing military equipment vehicles commercial personal use province atlantiques brittany region rotterdam become popular shipyards developments r93 r94 carriers new super carrier well multiple cargo ships sell global alliance countries electric hydrogen car production made fiat renault citroen peugeot innovators future military besides manufacturing military jobs increased belgium sent people army per capita twice next country france due conscription belgian conscription given soldiers good base work make superior soldiers ready new tactics war many belgian soldiers become members european special forces furthermore many italians picked jobs military operations base tunis due close proximity jobs range janitorial training leaders many citizens throughout country volunteered travel island lanka new navy base constructed lankan aid talks also begun lankan government second support base near sri ramas bridge lanka army develop small scale navy ef aid finance development dippach luxembourg finance growing field ef domestic investment unprecedented amounts many private investments switzerland moved banks within ef borders although switzerlands foreign investment sector taken large hit reforms made ef promote domestic foreign investment countrys local banks switzerland still holds stable bruised financial sector efs goal make dippach center finance world getting closer long way new york zurich singapore transportation developments ef hsr many jobs created italy spain operations becoming difficult government subsidized train travel much compete domestic flights train ridership highest ever western europe jobs created environment green partys overall victory shows dedicated ef citizens build sustainable country vertical farms belgium used throughout country estimated 24 food produced ef grown vertical farms belgian origin wind power development research headquartered liege belgium oviedo asturias recent developments made wind power sustainable source energy netherlands belgium cost catalunya nuclear fission research still way geneve switzerland many scientists ef foreign investment indochines blow stomach left investment dry asia however sri lanka received much love ef military base development furthermore haiti congo also received much investment ef citizens ef seeks become world leader development largest investment project however redevelopment northern africa many oil companies ef set ties algeria morocco develop oil industries although much profit remain ef hands development industry makes companies profit implicitly government sponsored enseigner pour lafrique much like popular teach america programme allows many graduates college travel northern africa republic educate populace provides valuable experience ef citizens well way rna get cheap quality teachers brighter future many religious organizations also set shop areas still recovering isil occupation although returns less monetary many africans received medical attention deserve religious medical care overall spain italia struggling keep booming economies belgium france luxembourg netherlands catalunya increase opportunities allowed many spaniards italians find jobs unemployment spain 15 italia nearly 2 grp growth regions high since 1960s many educated italians spaniards moved benelux southern france temporary work highqualifying jobs conversely many nonskilled labour benelux france moved italia espana blue collar work ef seen great migration workers one subregion another first time since creation lingua franca tested sorted successfully majority citizens speak understand crude amount french thus easing migration edit ive bolded country mentioned italicized state mentioned god took 40 minutes write welp,positive,5,1471232366.0,1
Algeria,Algeria sustainable development,following discussions number current potential members lorganisation internationale de la francophonie henceforth referred oif french government elected expand roles aims oif though recognises members oif may wish assume roles due new ultimately related organisation formed lorganisation francophonique du commerce et de la sécurité henceforth referred ofcs articles ofcs continuing roles traditions oif members ofcs declare recognition fact united common language culture history recognition stems articles obligations ofcs recognising languages cultures exist discrete entities much gained encouragement linguistic cultural diversity members ofcs hereby declare desire promote cultures languages members ofcs education cultural educational exchange programmes aid united nations establishing reinforcing commitments human rights members ofcs shall work promote peace democracy human rights achieved foreign aid programmes education careful cautious diplomacy conducted nations much gain growth democracy respect commonality humanity seeing education investment higher scientific research means better future members ofcs agree work together certain civil research projects education projects including limited improving literacy mathematical ability scientific knowledge setting exchange programmes university level promote reinforce future economic sustainable development members organisation members ofcs agree enter economic pact tariffs goods transported nations within ofcs placed common level related point nations ofcs agree support economically richest nations within ofcs granting section foreign aid budget rest alliance order ensure security ofcs members security ofcs economic zone loose defensive obligation attached organisation one nation ofcs attacked nations encouraged necessarily obliged assist within means diplomatic military economic paths vein jointmilitary training encouraged promote military unity security conditions membership members ofcs must french language mother tongue must sizeable portion population learning french language speak french language fluently must notable cultural historical affiliations france french language members ofcs must committed democratic peaceful ideals upholding civil political human rights must progressing towards democracy stability members republic france peoples democratic republic algeria republic côte divoire republic indochina lebanese republic republic niger tunisian republic republic mali central african federation,positive,6,1429457214.0,1
Algeria,Algeria sustainable development,king hussein al hashimi king jordan initiated development initiative support monarchs uka seeing great discrepancy wealth development various arab countries noted great potential would like work nations improve standard living well infrastructure first phase developments king hussein reached sudan algeria behalf uka following proposals algeria algeria one ukas closest allies friend strong interests ensuring north african strength sovereignty part ukas vision regards foreign policy wish see strong algeria capable holding nigeria recent war opened eyes shown us cooperation needed ever therefore propose number economic military agreements help improve standard living algeria allow become significant player north africa uka sees algeria nation great potential boasting large oil natural gas reserves minerals large potential industry beautiful sights make prime candidate tourism gone days corruption terrorism stunted growth long come several proposals would greatly improve algerian economy part 50b reconstruction package help algeria become stronger ever bab ezzouar development plan 2009 large scale redevelopment plan bay algiers initiated uaes emaar cancelled due unforseen circumstances today uka proposing new plan redevelop algiers modern capital city emaar expressed interest bab ezzouar area financial district many high rises believe would prime candidate construction several skyscrapers alleviate concerns high housing prices increasing supply would also serve beautify algiers make district city similar dubai riyadh uka willing invest 3b 6b initiative seeing much funds developments would come private investors uka covering anything left new city utilize lessons learnt building masdar ii allow sustainable living working conditions prt pods would used city subway lines unavailable ensure clean public transportation space additional malls stores office space encourging regional companies establish branch bab ezzouar tebessa solar megafarm algeria one worlds largest country significant amount empty space also located geographic location high intensity sunlight year believe would fitting construct worlds largest photovoltic plant algerian desert capitalizing low costs production india arabian energy solutions would like build 45 km2 solar farm desert near tebessa allowing algeria meet power needs minimal impact environment also allowing algeria export energy neighboring libya tunisia morocco solar farm expected cost 4b construct 3 years shall funded uka allowing algeria make significant profit reduce energy costs would help government approval rates desalination plants algeria population grows urgent need provide people adequate supplies drinking water overreliance ground water resources rivers could result crisis similar egypt uka therefore proposes solution issue uka experience building desalination plants would like use allow greater water self sufficiency algeria propose construction 3 advance reverse osmosis desalination plants capable producing 800 million liters per day similar built ras al khair desalination plant red sea desalination plant planned plants constantine oran algiers norths water needs would met coming years uka based arabian desalination co would like build plants total price tag 8b three years small price pay self sufficiency allies great manmade river v2 solar powered desalination plants north providing algerian people much needed water additional infrastructure required provide south water well large 20b irrigation project therefore proposed help provide south ample supply drinking water thus increasing governments support allowing south grow prosper much project cannot completed time due occupation anticipate nigerian forces shall soon forced flee tails legs vast network underground pipes wells aqueducts similar original great manmade river shall established meet needs southern communities 5 year project see 4000 km pipes laid north south tourism industry algeria nation suffered dutchs disease nation beautiful sights effectively closed tourism moroccan tunisian counterparts highly developped industries algeria lags therefore 25b come algeria initiative shall launched emaar would include construction several seaside resorts algiers jijel oran constantine also desert resorts amenas tamanraset liberated emaar believes money made construction hotel developments would gladly take part fronting investment mining arabian mining co interested investing algerian minerals foreign development regards mining opened 2000 guerillas significant deterent investment foreign metals guerrillas gone much algerian metals industry still underpeforming inrural areas arabian miningco willing invest 1b revitalizing algerian mining industry applying modern techniques exploiting rural resource would create 10000 jobs process furthermore uka would like discuss armament initiatives algerian government self sufficiency could sell large quantity weapons believe would inefficient would rely assets based uka edic aai mnc expressed interest establishing regional production facilities believe key algerian military superiority uka prepared grant algeria 2b military aid yearly 10 years allow procure military equipment well build domestic arms industry facilities would capable producing edic enigma mkii edic enigma mkii ifv apc aai ghurab attack helicopter midfa72 self propelled artillery system aai nasir 55 gen multirole aircraft mnc alduin exoskeleton facilities would likely cost approximately 33b 2 years would provide algeria means ensuring sovereignty years come would also willing provide algeria procurement plan military equipment objective see algeria become stronger nigeria radar air defense installations uka developing advanced air defense systems capable downing aircraft railgun systems radar systems aa missiles currently production would deployed algeria permission jointly operated uka algerian armed forces radar stations aasqr aesa oth radar assy radars would provide algeria eyes sky detecting missile launches preventing repeat nigerian scenario layered air defense key training following war uka interested training algerian armed forces combat small force 2000 men would likely sufficient upgrade algerian miltiary doctrine fought several wars since establishment including war kurdistan palestinian war liberation 1st nigerian invasion experience may use sudan sudan one largest arab countries arab world boasting large population 90 million people comparable uka unfortunately much nation still lives poverty overreliant old means agriculture provides low yields much nation works agriculture sector unfortunately produce needed survive result agriculture exports significantly lower could uka therefore believes 2b investment package would allow improvement agricultural land allow exports therefore profits willing purchase advanced farming equipment well employ vertical farming techniques help local farmers create lucrative trade course feed rest arab world process uka also alarmed sudans low literacy rates much arab world continues improve reach near universal literacy sudans literacy rates lagging say least believe youth empowerment programs construction additional schools funded uka would help address problem ready provide 1b investment package allow construction schools finally would like discuss possibility upgrading sudani rail infrastructure stands sudanegypt railway different gauge resulting break gauge slowing trade uka rest arabian peninsula currently utilizes railway extensively trade inland african nations believe upgrade railway system integrated rest arab leagues high speed railway network sudan become gate africa bringing billions trade individuals stopping given huge leverage north south would sudan interested project would likely funded mostly uka,positive,1,1528661664.0,1
Algeria,Algeria food security,hi came subreddit today expecting someone else would posted discussion first look seeing dont really 1500 words worth comment ill post link quote sure happened link left quote guardian israel said people died crush run aid trucks although admitted troops opened fire called mob head hospital gaza said 80 injured people brought gunshot wounds main point going regardless soldiers attempts get responsibility actions sounds like demonstrably point firing unarmed people trust 80 estimate key point suppose see scenario soldiers felt genuinely threatened push mob even events ground cant imagine firing unarmed mob unarmed fire much saying sort thing could finally get international community step take sufficient strong action israel would consider another approach since dont much say ill post another link two global condemnation grows israels killing gaza aid seekers france calls independent inquiry countries speak shootings palestinians seeking food 1 mar 2024 dont see anything offhand jerusalem post maybe somehow missing times israel perhaps one story one un chief call independent probeus blocks security council motion blaming israel deadly gaza aid convoy incidentpalestinian envoy says implored members go responsible massacre washington says facts yet clear israel says victims died stampedeby agencies emanuel fabiantoday 1000 amfile united nations security council meets discuss situation middle east un headquarters new york january 23 2024 charly triballeau afpfile united nations security council meets discuss situation middle east un headquarters new york january 23 2024 charly triballeau afpamid american opposition arab nations failed thursday overnight get immediate support un security council statement would blamed israeli forces 100 reported deaths palestinians northern gaza swarmed aid convoyriyad mansour palestinian un ambassador told reporters emergency closed council meeting deaths 14 15 council members supported statement put forward algeria arab representative bodyalgerias draft declaration expressed deep concern stated situation due opening fire israel forces,negative,43,1709313042.0,-1
Algeria,Algeria food security,algeria made remarkable achievement boasting lowest malnutrition rate africa 25 statistic reflects countrys successful nutrition strategies ensuring vast majority population wellnourished testament algerias commitment addressing food security improving public health image source africa view fact x,positive,132,1719266736.0,1
Algeria,Algeria food security,violent world born eyesand world crying help last week collapse november 1723 2024 last week collapse weekly newsletter compiling important timely useful soulshattering ironic stunning exhausting otherwise mustseecantlookaway moments collapse 152nd weekly newsletter find november 1016 edition missed last week also receive newsletters images every sunday email inbox signing substack version experts admitting know true 15 c global warming target hit ambition limit heating deader doornail 2024 going hottest year unexpectedly large margin dr jane goodall warned us midst sixth great extinctionthe sixth great extinction happening world turned way cop29 sputtered end lastminute soft climate finance pledgeto reached 2035 look oregons harney basin determined sustainable water pumping rates surpassed 20 years declining groundwater levels generally recognized according measurements basins water budget declining 25 years hit alltime low 2024 researchers particularly concerned unsustainable agricultural practices depletion groundwater yet another study examining amoc concluded achieve 2 c warming ocean current 33 weaker 1950s began slowly change many previous amoc projections factor greenlands ongoing meltwater also impacting speed warming atlantic delaware river low levels salt water moved river much farther usual philippines typhoon manyi swept across north displacing thousands residents 4m high water research assessment determined 1m sea level rise would cause 1t damage across southeast us coastline virginia miami affect 14m people recent article written university professor addresses political challenges establishing large underwater curtains slow melting antarctic glaciers believes concerns sovereignty security make geoengineering proposal nonstarter despite urgency current climate growing international rivalry great power strategic competition would extremely unlikely diplomatic achievement secure level international cooperationrequired proposed glacial geoengineering infrastructures study published wires climate change examined 212 studies connecting climate change conflict found climate changeconflict cycle negatively reinforcing whereby violent conflict increases climate change vulnerability feedback climate change increases violent conflict vulnerability researchers say previous studies rely upon direct relationship climate change conflict ignoring indirect processes ipcc defines climate change longterm alterations temperatures weather patterns climate change synonymous climate variability defined way climate variables precipitation temperature differ averageclimate change synonymous climate extremesdefinitions conflict contrast encompass notions conflict intensity level social organization different actors driverswe used concept violent conflict capture high lowintensity conflicts conflict violent ie involves use physical psychological force act individuals andor groups armedandor communalthis excludes forms conflict may impacted climate change social conflict eg protests riots livestock theft targeted assassination environmental leaders often engaged climaterelated protest eg antihydro infrastructure andor gang violence urban contexts freshly published study found warmer ocean surface temperatures increased hurricane wind speed 18 mph 29 kmh last 5 years alone giraffes added endangered species list us tajikistans minister energy announced past 30 years 14000 glaciers tajikistan 1000 glaciers vital importance entire region disappeared much us experiencing flash drought new york city declared drought first time 20 years alberta probably warmest fall ever madagascars lychee harvest crippled early floods searing hot temperatures across middle east number record temperatures recorded across east asia indopacific mt fuji saw recordlate snowfree summit perus mountain glaciers melt meltwater runoff causing runaway pollution problems since toxic minerals chemicals contaminating water sources phenomenon called acid rock drainage ponds already become acidic treat lake erie set new surface temperature time year 571 f 14 c lake michigan meanwhile 535 f also record several fahrenheit degrees warmer usual 472 f lake ontario also set new record heat midnovember euro hit 2year low us dollar last week iraqi oil reaching record export levels bolivias economy set crater analysts warning highrisk securities people governments across world bracing uschina trade war early next year try imagine might look like long pakistan recorded alltime highs expanded air quality index delhis air pollution levels maxed 1500 levels healthyish air range 099 masks recommended 150300 researchers looking connections long covids fatigue postviral fatigue affliction recognized decades study annals neurology found youngermiddle age adults adults prime tend experience worse neurological symptoms seniors meanwhile another organization settled definition long covid infectionassociated chronic condition occurs covid19 infection present least three months continuous relapsing remitting progressive disease state affects one organ systems us detected first child case h5 bird flu california kid countries watching us example address prepandemic sweating scientists alarmed dengue really biggest year history said one american health official us confirmed 7300 dengue fever cases year far compared 1462 2023 meanwhile malaria rampaging kano pop 45m nigeria large famously antivaccine city study conducted three chinese citieschangsha metro pop 5m changchun metro pop 5m shanghai metro pop 30m compared microplastics concentrations found human poop total mass concentration microplastics stools related residential city consumption reheated food bottled water intakeliving location reheated food consumption bottled water intake factors influencing microplastic exposure 987 samples contained microplastics researchers also worried microplastics interfering creatures diets japan meanwhile unveiled atlas ocean microplastics online database tracking microplastic distribution scientists say airborne microplastics may accelerate cloud formation irish authorities warned microplastics dundalk bay tire particles particularly problematic accounting one third microplastics energy prices expected rise across europe oil shortages unfold nigeria experiences 64 energy blackouts per week reportedly although myanmar tried shut censor internet sundry actors using starlink remain connectedand wage war protests montreal canada allegedly bracing potential wave migrants exiting us trumps immigration plans materializealthough waves migrants trying enter us inauguration china reportedly seeing increase revenge society lonewolfstyle killings pakistan terrorist attack killed 42 injured others uk warning future cyber attacks nato countries according annual report number casualties landmines rose 1000 compared last year 20000 fled portauprince metro pop 26m haiti four days attempt escape escalating gang warfare politically confused government local residents teamed police defend neighborhood haitian gang battle last week supposedly claimed lives 28 gang soldiers sudans government army claims retaken sinjah prewar pop 250000 strategic city 300 km south khartoum american diplomat said sudans warring parties still desire end war human trafficking sexual violence slavery risen sudan especially women since civil war sparked 19 months ago south sudan famine projected worsen first half 2025 algeria growing concerned tuareg rebels form mali starting operations algeria short recent report conflict intensity index claims global conflicts grown 65 since 2021 conflict corridor stretches across africa much middle east falling back violence israel palestinian territories lebanon syria yemen ranked among 10 highest risk jurisdictions globally cii conflictaffected areas across world grown 65 since 2021 encompass 46 entire global landmass27 countries including emerging markets ecuador colombia india indonesia thailand experienced significant increase risk since 2021burkina faso 86 country embroiled conflict state forces militantsglobal conflict fatalities could breach 200000 end year nearly third since 2021global supply chains hand exposed warrelated impactsthere little sign recent upsurge armed conflict tragedy challenges go dissipate 2025 indeed situation may get worse excerpts report israel used bunker buster bomb strike central beirut targeting top hezbollah figures although unclear hezbollah commanders died strike killed 20 wounded 60 dangerous situation lebanon faced decades 3500 people killed 15000 wounded last two months international criminal court issued arrest warrants israels former defense minister current pm hamas commander concerning war crimes crimes humanity israeli strikes inside syria last week alleged weapons depot killed 36 injured 50 according reports türkiye also struck syria cutting water electricity access one million kurds food prices spike gaza lootings continue russias fullscale invasion ukraine turned 1000 days old last week mark ukraine launched american atacms supersonic ballistic missiles several sites russia used british missiles kursk president biden approved antipersonnel landmines use ukraine meanwhile putin lowered threshold necessary russia employ nuclear weapons broadened russias understanding external nation example us alliance nato considered perpetrated armed attack russia average 16 children killed day ukraine 42 gaza 1000 days 10m displaced within ukraine left country refugees 220b militaryhumanitarianfinancial aid givenpledged ukraine time predominantly us 20 ukraines land remains russian occupation according intelligence estimates uk russia sustained 700000 casualties since february 2022 recording 200 daily casualty average bloody month britain also claims trained 50000 ukrainian soldiers uk states across europe saying world needs grow resilient like sweden confront future ahead us two submarine cables cut baltic sea act russian hybrid warfare details emerging claiming exchange 10900 north korean troops ukraine russia supplied pyongyang advanced antiaircraftmissile weaponsand perhaps sanctioned oil war drags across country stress without end living risk terror attacks drone missile strikes russia increasingly conscripting ukrainians trapped occupied territory die front lines wise voices stating west broad war russia sides pledge remain committed victorywhatever looks likeat cost select commentsthreads subreddit last week suggest bird flu detected wastewater 17 parts united states virus remains nontransmissible humansfor thread contains doomposting dark humor prediction comments thread discusses recent mutations virus potential future everyone seems sick crops still growing late november rare weekly observation japan least university students seem growing collapse aware capitalism outlast collapse according long selfpost technofeudalism dying planet great filter many comments also thoughtfully written got feedback questions comments upvotes intelligence reports ngo panic attacks doomer christmas wish lists etc check last week collapse substack dont want check rcollapse every sunday receive newsletter sent someone elses email inbox every weekend always thank support miss week,negative,212,1732460286.0,-1
Algeria,Algeria food security,german arab deal jordan algeria agree iraq syria opposed idea full controll nation safezone could target even attacks depending number security forces sent might also agree today marks day germany jordan algeria agree deal help germany deal migrants well eu paranoia given multiple routes migrants take europe often crossing mediterranean migrants mid east often iraq islamic states jordan given proximity towards syria iraq prove important given assistance provide syria removing threats syria iraq algeria center mediterranean well close nigeria also grant opportunity provide assistance towards boko harem serve important help reduce migrant flows almost immediately permission jordan algeria requesting military access ensure maximum security upon migrants rouge islamic factions notably isis terrorist organizations jordanextra info 5bntents security well food water provided algeriaextra info 7bntents security well food water provided total budget 12bn,positive,3,1468291101.0,1
Algeria,Algeria food security,bird flu reaches american cows heat records continue major bridge destroyed accelerating breakdown public order last week collapse march 2430 2024 last week collapse weekly newsletter compiling important timely useful soulcrushing ironic stunning exhausting otherwise mustseecantlookaway moments collapse 118th newsletter rather grim find march 1723 edition missed last week also receive posts images every sunday email inbox substack united states extracted oil last 6 years country history another conference global heat began 28 march run early june accomplishing little although temperatures rapidly rising heat index rising even faster study science advances concluded heat waves lasting longer traveling slowly manmade climate change state emergency declared part eastern malaysia worsening drought flooding brazil killed least 27 displacing 7000 least 15 mexican states experiencing wildfires made worse lasting drought flooding slew 7 nairobi eu parliament shelved plan restore tracts land sea advance vote certain fail new eu elections june expected boost conservatives reduce number seats greens socialists future environmental legislation less likely pass drought interfering crawfish spawning patterns us deep south low water levels threaten leave fragile eggs exposed reduce amount vegetation oxygen necessary support baby crawfish dunes south australia pushed inland 3 meters per year result rising sea levels drought winds meanwhile sahara duststorms reaching europe often thanks changing weather patterns growing desertification greater beijing area also smacked duststorm forcing schools factories temporarily close duststorms may also carry bacteria fungi great distances maldives hit 35 c 95 f first time march heat wave thailand expected hit 43 c 109 f temperature humidity index 55 c bangkok nights 30 c wetbulb come phuket already broke alltime temperature 393 c 103 f meanwhile guatemala made new records march regions alltime temps honduras guyana broke march temperature record parts algerias highlands hit high temperatures broke march records april may records cyclone gamane lashed madagascar killing least 18 people destroying hundreds houses atlantic hurricane season shaping record season well historical average number tropical storms hurricanes major hurricanes direct us impacts according one meteorologist scientists expect named storms serious hurricanes us storm impacts average hurricane season us begins june 1 iowa americas 1 corn state facing drought water restrictions planting season approaches yet global corn supplies swollen much corn prices expected drop considerably later year conversely irish potatoplanting hampered overly wet earth forcing delay planting blistering drought iraq forcing farmers plant droughtresistant jujube trees instead classic date palms atmospheric warming caused polar vortex reverse direction believed soon return normal course renowned climate scientist james hansen released 14page article claiming global warming accelerating contrary claims made ipccs global climate models study nature communications claims reforestation instances actually lead warmer climate one factors albedo sunlight reflection change savannahs reforested may absorb sunlight effect accounted many studies leading overestimations impact carbon sequestration projects another study australian efforts reforest tracts land determined efforts negligible effect carbon offsets antarcticas largest ice shelves moving inches every day according study released last week glaciers slipping icy rivers partially result lamb waves meanwhile scientists looking eutrophication baltic sea concerned bluegreen algal blooms may endanger sea life impact global food chainand problems may limited baltic sea colorado university released 48page report carbon credits water security claims market voluntary carbon credits may incentivize local sustainable water projectsor something couldnt fully understand report might find interesting climate change impacting brains leading greater adhd alzheimers depression much rising co2 levels linked decreased concentration abilities domestic violence aggression storms wildfires give survivors ptsd dont even get started health threats nanomicroplastics chemical pollution fossil fuels also contributing diabetes cancers neurological problems dengue fever come puerto rico 500 new cases year antibioticresistant super gonorrhea quickly multiplied across chinaand spreading cocoa reached 10000 per tonne first time ever likely continue rising debt feeds exploitation sugar workers india forcing girls early marriages desperate wage slaves many pushed hysterectomies collapse already arrived crops around world losing nutrients due rising co2 levels response scientists looking biofortification process engineers seeds produce one two nutrients greater quantities botanists yet able increase nutrients given seed 20 food wasted according 191page un report food waste index 2024 although fewer half worlds nations data household food waste fewer 25 data food service retail food waste report indicates median amount food waste 212 grams per person per day 77 kilograms per person per year close global average 81 kilograms report according report food waste primarily urban issue concentrated among households restaurant industry retailwhich doesnt seem entirely accurate report also lacks data agricultural food waste like crops rotting field food wasteresults throwing away us1 trillion worth food every year also environmental failure food waste generates estimated 810 per cent global greenhouse gas emissions including loss waste takes equivalent nearly 30 per cent worlds agricultural landup 783 million people affected hunger yearmost g20 countries data suitable tracking progress selections executive summary exercise works study scientific reports determined physical activity women aged 1834 reduced symptoms long covid launched global coronavirus detection network covinet monitor covid mers new coronaviruses public concern nigerias power grid collapsed second time yearand annual inflation surpassed 31 american startup planning sell advertising moon analysts forecast lunar economy worth 150b 2040 british housing problems result overpaying substandard housing bubble investors think time abandon italys poverty rate hit 10year highs tunisias economy dire straits biflation emerging desperate economiesand may coming currency near soon already meanwhile egypts growing debt bomb ticks closer explosion bring government one week bird flu detected american goat farm american cows contracted h5n1 first cows us test positive around 10 selected cow herds texas kansas tested positive alongside cows idaho new mexico ohio michigan words far far late officials claim risk pasteurized milk low francis scott key bridge 16 mile 25 km bridge connecting two parts maryland collapsed cargo ship collided one pylons cost repair expected surpass 2bit take years reconstruct polands prime minister warning europe entered prewar era amid devastating nationwide airstrikes russia ukrainian infrastructure france sending apcs missiles zelenskyy requested meeting natoukraine council 4 april attacks largest assault ukraines energy systems since start fullscale invasion us japan deepening security ties later april amid fears militarizing china analysts looking drones might decide chinataiwan contest us marine corps rethinking strategies deter fight conflict taiwan continues missile drills chinese jets ships continue testing islands air sea territory ecuadors youngest mayor killed unknown gunman nevertheless homicides allegedly since drug gangs began armed conflict ecuador january april 21 referendum held concerning several security issues likely pass displacement trauma worsen haiti kenyan intervention seems unlikely tuvalu australia signed climate security agreement attempt preserve tuvalu nation event reclamation rising sea farmers protest brussels set fire metro station hours opposition eu regulations drc suffering record humanitarian crisis currently 25m people facing food insecurity 7m displaced m23 gang controls territory ever isis sympathizers allegedly increasing recruiting efforts central asia pakistani protestors blocked border afghanistan urged government allow visafree travel stop deporting afghans en masse 42 people killed israeli airstrike syria sharia law returning afghanistan vengeance public beating stoning permitted women accused adultery progovernment militias myanmar burned enemies death beheaded others study syrias forests determined syria lost 20 forests first 10 years civil war 2011 present 3page report people smuggling southeast asia sheds light intersection climate change corruption warand impact humans caught week american populations support israels warwaging dropped 50 us abstained un security council resolution demanding ceasefire gaza us delegation still says probably wrongly nonbinding regardless israel pressing forward rafah offensive idf claims lead victory within weeks protests netanyahu continue death toll gaza currently 32000 75000 wounded horror stories operational hospitals paint picture thoroughly traumatized population provide fuel endless conflict icj ordered humanitarian relief allowed immediately gaza prevent widespread famine amid houthi interference red sea shipping somali piracy surging cargo ships reroute around africa 20000 ships pass coast somalia every year impact piracy insurance costs everyone downstream felt venezuelas government created administrative state paper anywayfor essequibo piece land spanning two thirds neighboring guyanas territory national assembly vindicates right venezuelan people defend territory said one venezuelan mp premonition coming pretext war venezuela pop 294m guyana pop 820000 exxon mobils recent oil exploration coast guyana wont make situation better sudans insurgent forces damaged key oil pipeline february cant repaired hostilities continue pipeline responsible 70 south sudans oil exports crude oil 90 south sudans economy great part sudanese governments revenue well resulting economic crash threatens unravel stability south sudan adds pressure spiraling wars sudan turns one year old couple weeks select commentsthreads subreddit last week suggest apathy disrespect violence common student behaviors according weekly observation children comments kids beginning thread contains teenagers perspective many young people miserable nobody get good job anymoreaccording comments anyway old young skilled unskilled aint easy get gainfully employedand economy supposedly well ive thinking someone make job site recruiting agency solely focused collapserelated jobs electricity crisis coming united states thread sistersubreddit rpreppers seems think seriously believe power crisis coming developed world got feedback questions comments complaints upvotes travel tips canned good caches war maps rants etc check last week collapse substack dont want check rcollapse every sunday receive newsletter sent someone elses email inbox every weekend forget week,negative,335,1711889201.0,-1
Algeria,Algeria food security,first would like state underlying assumptions 1 say support ukraine mean means taking public position favour ukraine arguing south africa become party conflict donate arms ukraine instead argue south africa take strong unambiguous position invasion wrong russia withdraw using vote international organisations un general assembly 2 neutrality option face aggressive war russia south africa really two options south africa either condemn invasion choose condemn south africa chooses latter option states including russia correctly interpret tacit prorussian position 3 opposition russias war remove south africas ability oppose wars common prorussian argument subreddits yes bad actions carried western countries israel shouldnt oppose bad actions instead however obvious logical fallacy since things mutually exclusive example south africa oppose israels occupation palestinian territories south africa chose condemn russia would suddenly lose ability condemn israel therefore argument fallacious disregarded three assumptions place four arguments view would south africas national interests support ukraine rather russia 1 south africa benefits strong sovereignty norm international relations basic rule international relations sovereignty idea country legal right control territory principle codified international agreements signed aftermath world war world war ii strengthened international movement towards decolonisation postwwii era terms international law means countries allowed wage war unless engaged selfdefence aggressor authorised un security council south africa direct national interest maintaining strong sovereignty norm international relations since russias invasion ukraine direct challenge norm sovereignty south africa interest opposing 2 south africa oppose claims colonial spheres influence strip away propagandistic justifications current war eg denazification actual cause conflict russias claim quasiimperial sphere influence russia colonial power incorporated ukraine russian empire late 1700s catherine great grigory potemkin give historical perspective roughly historical period dutch republic consolidating colonial control cape colony southern africa several waves decolonisation 20th century ukraine regained independence 1991 2014 euromaidan uprising ukraine become increasingly liberal democratic political values sought align politically economically culturally europe rather russia sovereign state ukraine obviously allowed wishes however russia willing allow ukraine formal independence still regards ukraine quasicolonial terms believes veto power ukrainian foreign policy punish ukraine trying align europe russia invaded eastern ukraine crimea 2014 launched fullscale invasion rest ukraine 2022 south africa also postcolonial state furthermore south africa friendly relationships close business ties states africa also postcolonial states postcolonial state south africa clear interest rejecting claims colonial spheres influence former colonial powers obvious imagine similar situation elsewhere world change names players example imagine situation algeria wished ally china france objected former colonial power region veto power algerian foreign policy imagine france invaded algeria occupied industrialised regions country declared regions french departments legally part france clearly situation south africa would realise neocolonial war would set precedent national interests would strongly oppose precisely precedent russia setting invasion attempted annexation ukraine 3 supporting russia south africa siding probable loser paper russia seems like much stronger power ukraine population 3x larger ukraines far tanks artillery soldiers combat aircraft nevertheless likelihood russia ultimately winning war low russias fundamental problem colonial imperial power trying take control country wants remain independent history shows doomed fail postwar world ii world emergence modern nationalism anticolonialism repeatedly seen work regardless onesided balance forces might appear paper example us far powerful paper viet cong ultimately us could hold south vietnam france could maintain control algeria even though theoretically powerful fln recently russia usa tried establish client states afghanistan course failed ukraine also important advantage resupplied west whereas russia largely supplying war effort western states provided ukraine increasingly sophisticated weapons javelins himars ifvs mbts next step probably supply ukraine combat aircraft longerrange artillery russia tried compel europe end support ukraine cutting supply natural gas european countries able get winter 2022 minimal disruption demonstrating russias ability wage economic warfare less effective many people imagined ukraine probably continue resupplied west however ultimately wars morale equipment side willing keep fighting longest ultimately prevail side war stakes simply higher ukraine russia ukraine fighting survival independent nation whereas russia despite official propaganda claims anticipate even ukraines conventional war effort collapse army destroyed ukraine simply keep fighting regardless even takes decadeslong insurgency ukraine ultimately bleed russia point russia forced accept effort control ukrainian territory worth ongoing cost withdraw since russia probably going lose war benefits south africa gain siding russia war russia probably position provide rewards countries supported instead likely recovering failure war 4 russias war harming south africas economy russias invasion already caused significant harm south african economy due rising oil food prices increased price diesel particular harmful south africa since south africa relies diesel power generation make energy shortfall caused failing coal power stations south africa direct economic interest stake pressuring russia withdraw end war furthermore south africa beneficial economic ties western countries south africas exports europe united states far exceed exports russia furthermore western countries several economic programmes give south africa additional benefits beyond south africa legally entitled wto rules example united states allows south africa export advantageous rates agoa european countries along united states offered provide south africa 85 billion invest desperatelyneeded renewable energy production however perspective european states europe continue provide benefits south africa south africa supporting enemy nation attacking europe war drags south africa continues support russia likely european countries eventually lose patience cut foreign assistance south africa however dangerous outcome would south africa found helping russia evade international sanctions causing become sanctioned well already seen evidence south africa willing engage sanctionsbusting efforts help russia refuel aircraft south african airports withdrawal foreign assistance programmes west would harsh blow survivable however south africa become caught financial sanctions investment restrictions russia could lead fullblown economic crisis south africa could recover 5 bonus argument moralethical issues im leaving point last people argue foreign policy driven strategic considerations national interest rather ethics want engage view however also noted russia engaged numerous war crimes ukraine mass killings civilians occupied territories systematic use rape weapon war separating families mass transfer ukrainian children russia pressganging ukrainian civilians occupied territories fight country bombing civilian apartment blocks destroying power stations intent freeze kill ukrainian civilians transferring civilians occupied territories work camps russia support russian war effort tactics reminiscent employed world war ii nazi germany comprehensive 48page report russian war crimes ukraine found reasonable grounds conclude russia bears state responsibility direct public incitement commit genocide b pattern atrocities inference intent destroy ukrainian national group worth noting report published may 2022 include evidence recent russian war crimes probably understating case see agree foreign policy primarily focused pursuit national interest would also prefer south africa support war crimes,negative,35,1677925735.0,-1
Algeria,Algeria food security,maghrebi economies diffrent even complementary morocco biggest import energy algeria biggest export energy morocco major food exporter growing service sector morocco tunisia established tech sector would complement well shorter distance algeria sahara atlantic would make ressource exploitation doable profitable extra 55 million people would get access morocco already established industrial supply chain rather country rebuilding scratch etc fail see union beneficial parties geopolitical intrest secured assuring mutual depedance states would like serious opinions please things like france israel argument based conjecture propaganda stuff omitted please argument ur opinions,positive,0,1711833380.0,1
Algeria,Algeria food security,work desert locust control specialized united nations agency north west africa knew many countries region produced stamps 19861989 plague mauritania made like 6 first time find algeria also make one towards end crisis bit context western region three major recorded plagues first 19551956 second 19861989 last one 20032005 specific species locust dangerous food security eats lot travels far fast 1km² swarm could eat equivalent food 35000 people per day travels 150km per day flies 3km altitude swarms count 40 80 million adult locusts could group form cloud could go 1000km² billions adults called western region west africa western part natural habitat desert locust central region northeast africa middle east eastern region southwest asia ps im technical officer subject fascinating curious people yes locust people eat south,positive,41,1733729663.0,1
Algeria,Algeria food security,cant post original link reddit kill post x200b food payment units economists cmasf russia needs field finance feed half world solving problem food security developing countries one key topics russianafrican summit opens july 27 oleg solntsev ilya medvedev irina ipatova denis pekhalsky gleb krivenko center macroeconomic analysis shortterm forecasting cmasf article kommersant show task requires creation alternative global payment system participation russia demonstrate may x200b photo dmitry azarov kommersant question ripe would like hope discussions second russianafrican summit opens july 27 st petersburg well august brics summit johannesburg focus formation new alternative existing global payment settlement systems question say overdue determined much geopolitical factors economic necessity 1 without longer possible ensure global economic including energy food security clearly evidenced failure grain deal due barriers western banks insurance companies payment systems significant volumes grain fertilizers russia delivered end consumers thus according exiar director general nikita gusakov shortage fertilizers russia led underproduction agricultural products would enough feed 20 million people time problem malnutrition hunger mainly developing countries remains quite acute according un estimates 2021 number hungry people reached 830 million 2030 despite growth global food production number decrease significantly one reasons instability price conjuncture food markets well payments supplies developing countries 2 need eliminate largescale redistribution investment income large developed countries developing ones perpetuates gap wealth levels development number countries paying net investment income 45 times greater number recipient countries basically former include countries developing transitional economies including brics countries average level net payments 37 gdp median 33 average higher annual economic growth rates words additional volume value added created per year payment investment income average completely redistributed abroad russian wheat rises price following global price increase among recipient countries consider offshore territories investment portals hong kong etc majority developed economies moreover four countries united states japan germany france account 80 global net investment income received countries major direct investors also play role global payment centers issuers major world currencies payment developing transitional economies significant payment rents means outflow income also leads longterm undervaluation purchasing power currencies turn limits ability independently acquire technologies advanced equipment intellectual assets world market 3 need protect potential instability major world currencies due excessive emission recent years financial bubbles cases largescale imbalance foreign trade issuing countries look solution mutual payments national currencies partner countries cannot longterm solution sooner later attempt build settlements based national currencies stumble upon limitations form low liquidity markets legislative restrictions convertibility high level exchange rate risks well imbalance mutual trade leading accumulation chronic potentially bad debts due high volatility limited market capacity classic cryptocurrencies cannot solutions private stablecoins cannot due insufficient security currency one key developing country chinese yuan political restrictions use international trade particularly india way seems formation within framework one another association countries system crossborder payments using multilateral clearing special payment unit form digital currency conversion national currencies domestic markets guaranteed central banks participating countries use digital currency platform provide high significantly superior traditional payment systems example swift settlement speed reliability confidentiality cost savings independence equality participants protection thirdcountry sanctions implementation mutual settlements using special payment unit transparent principle determining value combining flexibility sufficient stability proportions exchange national currencies minimize exchange rate risks participants settlements determine fair nature exchange trust system participants special payment unit based provision issued obligations security asset collateral case classic stablecoin time possibility converting assets must real confirmed sufficiency corresponding reserves multilateral clearing reduce requirements amount digital currency balances accordingly amount protective assets pledged limit costs ensuring stability system prototype system european payments union epu existed 1950s clearing system countries western europe functioned basis currency epunit value tied international price gold exchange rate national currencies participating countries relation epunit established countries independently new system architecture foundation calculations v salnikov gnidchenko cmasf used however experience enp shows order launch multilateral system motivation simplify increase reliability payment system enough needs linked solution pressing economic problems high level priority example epunite used establish cooperative ties within framework european coal steel community reasonable lay idea ensuring food security basis new settlement system developing countries topic significant postsoviet countries china one key items economic agenda india african countries andrey kolesnikov stands big russianafrican summit st petersburg decorated purposes synergistic strengthening advisable combine development payment infrastructure international projects services create fullfledged food security ecosystem example rapidly growing eurasian agroexpress project accelerated delivery agricultural products already actively used main buyer china expanded countries recently agreed include india iran uae create scalable payment logistics system seamless delivery configuration payment zone proposed us optimal terms scale balance agroindustrial food fertilizers agricultural machinery trade flows multilateral clearing full composition proposed configuration formed 21 countries see fig 1 largest asian countries china india eaeu countries russia belarus armenia kazakhstan kyrgyzstan key countries southeast asia thailand malaysia indonesia vietnam six african countries including largest south africa nigeria tanzania ghana madagascar uganda four countries near middle east uae iran syria oman composition clearing provide approximately 80 mutual trade zone see fig 2 noteworthy even countries generally unbalanced terms trade within zone become balanced example india optimal configuration agroindustrial payment zone turns quite largescale terms trade volumes share mutual trade zone trade participating countries whole world third size coverage 4 billion people live countries zone half population earth cereal meat consumption zone accounts approximately 4045 global consumption time zone includes countries experience shortage food resources include primarily countries africa india see fig 3 x200b figure 1 composition countries optimal payment zone flows mutual trade agroindustrial products area circle corresponds volume domestic markets grain meat byproducts thickness arrows corresponds volume mutual trade food fertilizers agricultural machinery calculated using baci merchandise shipment data 20212022 x200b figure 2 main indicators countries optimal agroindustrial payment zone calculated using baci merchandise shipment data 20212022 security special unit account advisable choose gold trustworthy asset traded almost country possible determine exchange rates national currencies unit account alternative cross rate dollar price gold dollar national currency time annual gold production countries optimal zone twice annual demand gold ensure nonclearing settlements purpose guaranteeing fulfillment obligations full repayment digital currency balances participating countries form reserve fund collateral assets stored physical gold goldbacked nonfungible tokens nfts issued accordance requirements accepted system amount participating countrys contribution reserve fund affects size debt limit set country limit exceeds amount contribution architecture new system interior exterior ensure systems performance several additional conditions must met 1 first necessary work mechanisms limit exchange rate risks arise new means payment tied gold value gold currencies emerging markets volatile rates us dollar problem solved two ways first value unit account determined basis instant spot price gold basis average previous period example rolling year case calculations show volatility value currencies developing countries drop sharply cases become close corresponding volatility us dollar secondly builtin exchange rate risk insurance system created form options exporters importers purchase sell unit account national currencies based estimates using blackscholes formula cost options currencies potential participants region 2 contract value half average 1 cost contract paid system created source funds system service fee income time fee income 1 retain multiple competitive advantage terms costs compared traditional systems swift commissions 24 system participant pay half cost contract contracts principle could quoted marketmaker banks countries zone countries account 56 banks 200 largest world mostly china india 33 9 respectively russia 2 banks could well master offer financial products insurance exchange rate risks required volume 2 creation institutions settlement problem debts since clearing system incomplete countries chronic trade imbalances risk default payment obligations case history enp therefore require system restructuring sovereign troubled debts kind analogue paris club creditors system offer soft terms restructuring perhaps debtforinvestment swap participation promising assets 3 unification trading standards gold markets countries gold mining significant reserves able purchase countries zone minimal transaction costs gold trading carried basis platforms existing zone shanghai mumbai dubai moscow standards gold trading sites must harmonized unified order actively warm entry barriers sites countries participating system lowered large liquid players banks global top 200 attracted countries 4 building around idea ensuring food security limited number participating countries typical initial stages development system goal scale system terms composition participating countries terms coverage commodity flows particular countries need solve problem low food security including african countries may gradually enter slightly increase imbalance mutual payments becomes mature able withstand provision unit account gold also applied first stages zone begins scale significantly gold backing enough necessary expand collateral include example government securities key largest time solvent countries give thanks proposed alternative system payments settlements participating countries able receive firstly cheaper stable supplies agroindustrial products food fertilizers agricultural machinery effect especially noticeable coordinating development payment system logistics initiatives eurasian agroexpress northsouth transport corridor etc second additional opportunities stabilize food prices time relevant markets develop funds used subsidize foreign exchange options redirected formation intervention grain fund participating countries work analogy state grain fund russia well food fund eaeu created calculations show stock wheat fee 1 accumulated fund 2 years approximately equal standard deviation annual consumption countries zone longterm trend means second year operation fund ready compensate excess shortage wheat countries greater predictability wheat prices help smooth price movements types food thirdly growth southsouth trade investment due simplification ties countries participating payment system emergence unclearable imbalances encourage parties look new common ground whether increased trade investment projects aimed unlocking countrys food security potential example africa significant mineral resource base production fertilizers growth fdi countries continent provide domestic demand fertilizers also form stable supply countries need increase cultivation crops x200b figure 3 provision population various countries basic types food x200b,positive,172,1690459353.0,1
Algeria,Algeria food security,ysk many people say theyll eat airport airport restaurants stupid expensive due convenience save money calories bringing food hell stop way sandwich place often leave trip theres food left fridge need throw prepare bring good meal ive taken full stir fry old go container tsa bring full sandwiches chips bring snacks like left fruits old take container eat trash need eat many people domt realize include liquids obviously could include frozen soup really splitting hairs bring frozen chili obviously fruit restrictions well international flights well nuances dont dumb,positive,11350,1696902812.0,1
Algeria,Algeria food security,dont get lower gdp per capita means place poorer doesnt address income wealth country used distributed means value products services produced place higher nothing wages access housing healthcare access food security uk supposedly poorer state mississippi real gdp per capita lower uks human development index 0931 compared 0866 mississippi mississippis life expectancy 72 years lower iran algeria vietnam britains 80 years workers uk better protections people access healthcare postsecondary education cheaper uk uk also lower rate workplace fatalities mississippi,positive,36,1716418091.0,1
Algeria,Algeria food security,introduction alternative history scenario independent industrialized algeria alternative history scenario algeria manages ward french european colonialism subsequently achieving industrialization preserving culture religion precolonial context initial resistance know early 19th century algeria semiautonomous province ottoman empire society deeply rooted islamic traditions berberarab culture doesnt change scenario alternative scenario france launched invasion 1830 algerians leadership emir abdelkader managed unify various tribes communities cohesive resistance movement timeline would able foster sense national identity among diverse ethnic groups emphasizing defense islam homeland utilizing guerrilla tactics exploiting rugged terrain establishing fortified strongholds abdelkaders forces would conducte effective hitandrun attacks french would unable adapt tactics timeline additionally abdelkader would establish successful diplomatic relations neighboring countries islamic states including morocco securing arms supplies even volunteers aid resistance berber piracy would play significant role period barbary pirates operating algerian ports would disrupt french maritime trade mediterranean would provide resources funds algerian resistance would also divert french military attention piracy network deeply integrated local economy would facilitate smuggling arms provisions vital ongoing conflict however practice slavery would prominent barbary states period would pose moral political challenge garner broader international support modernize society emir abdelkader would initiate reforms gradually abolish slavery aligning global humanitarian trends strengthening algerias moral stance would allow gain larger international support struggle international support would play crucial role sustaining algerian resistance ottoman empire seeking maintain influence north africa provides military advisors financial support britain motivated desire limit french power influence north africa supplies algeria modern weapons naval support external backing combined internal unity strategic warfare eventually forced france diplomatic stalemate leading french recognition algerias autonomy 1850s thus emir abdelkaders leadership transitioned wartime governance peacetime statebuilding focusing centralizing administration integrating islamic law modern legal practices reforming education system promote literacy technical skills separation ottoman empire algeria established sovereignty tensions ottoman empire began surface algerian leadership grew increasingly frustrated ottomans viewing weak inability providing adequate defense french threat sentiment exacerbated declining power ottoman empire struggling maintain territories influence abdelkader advisors saw opportunity fully assert algerias independence distance perceived ineffective distant sickly empire 1860s algeria declared complete independence ottoman empire severing authority sultan algiers focusing building selfsufficient state transition sovereign state early industrialization realizing necessity industrialization maintain sovereignty growing expansionism europe africa abdelkaders government embarked comprehensive modernization program initial phase involved infrastructure development building roads railways ports facilitate trade movement british desiring strong ally region especially one oppose french help algeria modernization effort british engineering expertise technology instrumental projects new government also focused exploiting algerias abundant natural resources including minerals oil reserves strategic partnerships european investors provided necessary technology capital resource extraction processing simultaneously modern agricultural techniques introduced boost productivity ensuring food security providing surplus export industrialization process involved several key figures institutions abdelkader would appoint several talented ministers advisors many educated extensively fields oversee various aspects modernization effort strong governmental body would devise technologies industrial practices would adapted fit algerias unique context educational reforms would cornerstone algerias modernization strategy new schools universities would established blending traditional islamic teachings modern sciences engineering institutions would produce generation skilled workers intellectuals contributed industrialization effort furthermore government incentivizes private enterprise offering tax breaks subsidies businesses invested industrial ventures creates vibrant entrepreneurial environment leading establishment factories workshops research centers across country impact regional global power structures algeria industrialism continues emerges significant power north africa mediterranean new found economic strength turned economic hub attracting investments labor neighboring regions leveraging economic influence algeria plays crucial role timelines regional politics mediating conflicts fostering cooperation among north african middle eastern countries global stage algeria establishes extensive trade networks europe ottoman empire emerging industrial powers like japan success adversity inspires colonized nations africa asia new world contributing rise anticolonial movements worldwide providing model modernity without compromising cultural identity modernday borders algeria without french colonization algerias borders would reflect territories recognized ottoman empires jurisdiction 1830 means modernday borders might slightly fluid particularly desert regions tribal territories less formally defined coastal northern regions would remain similar presentday boundaries southern borders might influenced agreements neighboring saharan tribes states well surrounding muslim states potentially resulting slightly smaller southern south western boundary timelines algerian borders presentday algeria alternate history alternative scenario contemporary algeria stands mostly prosperous industrialized nation rich cultural heritage economy diversified strong industrial technological agricultural sectors algeria would play significant role global trade exporting highvalue goods technologies country would also likely experience cultural renaissance flourishing arts literature scientific achievements algeria would boast better sophisticated education system producing leading scholars innovators politically would characterized stability strong governance larger influence global stage would leading voice african union arab league developed algeria would strengthen regional development cooperation influencing broader geopolitical landscape note first time tried creating alternative history scenario might inaccuracies major mistakes issues scenario feel free voice thoughts comment,positive,28,1716066023.0,1
Algeria,Algeria food security,african union commission auc set officially launch african space agency afsa 2025 newspace africa conference hosted egypt space city cairo following establishment afsa serve central organization promoting space cooperation across continent responsible implementing african space policy strategy working towards spacerelated goals outlined african union afsa also primary liaison africas collaboration global partners particularly europe one agencys key goals defined african space agency act enhance space missions across africa ensuring accessibility spacederived data services products afsa help streamline space initiatives national regional continental levels minimizing redundancy inefficiency primary governing body oversee implementation africas space agenda ensuring continent meets objectives critical field foundations africas space agenda africas continental space agenda first set motion twentysixth ordinary session african union assembly january 2016 session african heads state government adopted african space policy strategy providing framework use space technology advancing aus vision integrated prosperous peaceful africa african space agency act approved 2017 solidified legal regulatory structure space activities across continent laying groundwork afsas creation building financial structural foundations afsa formation afsa culmination years planning dialogue financial consideration 2018 aus committee permanent representatives gathered assess structural financial aspects agencys establishment discussions aimed ensure agencys longterm sustainability capacity achieve objectives key issues debated included governance funding technical requirements support africas space ambitions address africas specific needs auc approved tailored roadmap guide afsas development setting clear strategic goals performance indicators ensure contribution continents socioeconomic progress egypt host afsas headquarters egypts space city cairo selected official headquarters afsa positioning egypt key player africas space sector decision solidified agreement egyptian government auc egypts parliament officially endorsing presidential decree june 2023 123acre egypt space city equipped support africas space exploration goals serving hub research innovation capacity building egypts involvement hosting afsa expected boost local space industry support small medium enterprises smes space technology align africas agenda 2063 goals sustainable development role african space council african space council established 37th ordinary session au assembly plays key role guiding afsas activities council consists 10 members two representatives africas five regions dr tidiane ouattara côte divoire serves councils first president dr rakiya babamaaji nigeria holds vicepresidency members hail malawi namibia morocco djibouti rwanda algeria additional female representative expected join central africa ensure gender regional balance strategic importance afsa africa launch afsa pivotal moment africas efforts leverage spacebased technologies address challenges satellite data critical improving climate resilience food security natural resource management disaster response reliable access data african governments make informed decisions mitigate effects climate change afsa also aims enhance satellite communications earth observation technologies close digital divide improve connectivity expand access education healthcare across continent furthermore agency seeks promote education space science technology preparing next generation african space professionals collaboration african governments private sector international partners scientific community crucial afsas success fostering partnerships afsa contribute africas sustainable development strengthen global standing space industry,positive,1,1729106073.0,1
Algeria,Algeria food security,ive working three days algerian restaurant specializes fresh fish shifts 7 pm 1 hours vary depending customer demand workload earn 1000 dzd per day occasionally get tip around 500 dzd im grateful despite job appearing simple paper put lot physical mental effort due disorganized kitchen space need gather different types food multiple places restaurant quite famous demand high owner sometimes thinks im slow truth im best chaotic environment im feeling exhausted often waking 122 pm feels like work sleep given heavy workload high revenue restaurant makes believe deserve 1000 dzd day im currently renting considering quitting job find one balance less stress ive learned importance hard work secure highquality job experience also shown harsh reality cheap labor algeria feels like treated slaves looking back wonder job worth physical mental toll taking continue chaotic environment seek job offers better balance organization fairly compensated amount work stress im dealing could find job pays better also respects wellbeing time,positive,4,1722517046.0,1
Algeria,Algeria food security,weekly un voting thread years issues listed comments ill ping auto mod voting comment vote yesnoabstain issue make sure read un fact sheet arent sure things work please love god vote unsc stuff actually unsc bastards united nations security council temporary unsc members 2025 germany algeria poland netherlands japan kazakhstan recognize peoples democracy sudan legitimate successor republic sudan united nations general assembly condemn algerian actions sinking flagship including barring movement certain groups execution civilians condemn sinking algerian slava cruiser support un investigation happened support immediate mobilization food goods medicine venezuela stem massive humanitarian crisis assist failing venezuelan economy bailout foreign currency assist stabilizing bolivar end hyperinflation crisis dunno really un thing feel free argue comments add g4 nations brazil india germany japan permanent members united nations security council call cessation hostilities south china sea unbacked investigation recent conflict south china sea request parties south china sea dispute agree talks objective end fully defining maritime borders compliance unclos reestablish un aid programmes sudan,positive,2,1480336915.0,1
Algeria,Algeria food security,know said million times already recently decided stop talking think im depressing friends family without anything constructive give advice cant help express thoughts somewhere feels like many people inside busy trying survive tunisia outside perspective maybe modest economic understanding personally clearly see near medium term future next 1520 years bleak like watching tragedy ship sinking passengers happy cheering except country country grew country dreams family still lives siblings plan stay many dearest friends stay heartbreaking seeing going abyss could done much better still huge advantages compared many countries proximity europe even valuable since western countries planning move industry back china mention average tunisian worker earns less chinese worker way right steps away ship southern europe cheaply also potential become energy exporter solar diversified economy tourism educated population heavy focus stem fields given good infrastructure export billions services european even us labour cant compete especially price reliant imports many successful countries eg south korea havehad strong agroalimentary sector mostly feed country even export energy balance bad completely terrible improved green tech still young labour force huge burden retirees something western countries dream usually countries demographics prosper average age 32 years old prime productive years instead situation awful debt rising completely unsustainable levels 7 times much 2010 even start fix today guaranteed cripple generations ahead mention leaves little room growth lets mention actually trying spend even president rejecting reforms audacity increase presidencys budget caused irreparable damage real sovereignty talking kind causing sovereign credit rating drop levels never seen take decades fix start instead choosing even start move even wrong direction agriculture water infrastructure facing major challenges global warming upcoming years already seeing depressing results even industries like dairy built decades destroyed couple years insisting fixing prices loss farmers making sell cattle situation applies many sectors closed easily replaced take decades build even destroyed 3 months delusional measures e7tikar bulldozing trade political relationships built decades west tunisia major nonally nato big deal countries would loved wont even mention democracy destroying justice system even stick economics hardest fix short term situation terrifying recent numbers bct show drop activity drop currency reserves puts dinar danger becoming uncontrollable central bank government already didnt pay banks loans resources pay service foreign debt risks sovereign default avoided year basically charity world bank allies eg libya algeria wont help anymore theres reforms plus take money pay back insults eg comments libya us eu risking complete collapse cause hyperinflation tunisians becoming refugees algeria libya yet still arguing measures quite frankly papercut comparison,negative,30,1683052745.0,-1
Algeria,Algeria food security,deliver business town regular hundreds employees delivery instructions leave delivery inside second set doors building take picture go business texted employee let know ill dropping food 2 3 minutes responded thank nice weekend getting back car security guard food hand screaming cant could bomb bag explained labeled doordash receipt furthermore bomb foolish would picking told company policy politely said would take employee dont work company continues keep screaming get car back im drive away throws customers food windshield explodes place obviously im pretty pissed point exchanged words nothing threatening letting know much ass superior comes call police four police cars show asked id didnt give didnt commit crime afterwards customer whose food exploded windshield hood comes screaming security guard long story short police officers told wasnt breaking laws give trespassing warning building company decides pursue told cant id crime wasnt committed since im employee building obviously cant violate company employee policy let go questions anything happen anyone else security similar edit would also like share reasoning giving id police officers violation state since stop id state fourth amendment rights furthermore dont want receive trespassing violation building minimum make 25 40 deliveries daily im going sacrifice living security officer bad day decided throw food car didnt belong return trip dropped another delivery customer waiting outside building guess waiting pen paper taking license plate lol happens im actually going go police station press formal harassment charges large brand originally going chalk somebody bad day shes obviously made personal wants hurt livelihood guess choice submit complaint town also video writing license plate number outside building zero interaction whatsoever last sidenote want thank everyone supported expecting half half split people thinking douche opposed guard appreciate support stay strong safe know rights,positive,4394,1691238207.0,1
Algeria,Algeria food security,hello guys reminder im making world map every month displays collapse status every country color range map reflecting personal opinion collapse status countries meant ultimate truth collapse every country course try base facts data much defined metrics far youre free agree disagree diagnostic country method im always happy discuss debate end map objective come unanimous agreement trigger discussion collapse plays different countries different societal structures collapse definition use subs collapse definition top right screen significant decrease human population andor politicaleconomicsocial complexity considerable area extended time case area country method grading map really collapse dynamicstatus general standard living happiness country means poor country absolutely better grading developedrich country harder collapse dont running water electricity begin compare highly complexified digitalized country im using 4 colors reluctant add already challenging like short blue stable far collapse yellow suffering major crisis red really close collapse black collapsed details blue stable country taking direction collapse mean country good country live way may course example consider namibia relatively poor african country blue collapse perspective suffer crisis currently stable status even low gdp nonwealthy population reasoning north korea awful dictatorship population malnourished enslaved concentration camps country making nuclear threats around place status stable since decades sadly regime strong wont go away long according multiple nk experts ngo daily life population unchanged well definition stable horrible stable hence collapse dynamic perspective blue hand us yellow country suffer crisis multiple areas politics smoke wildfires inflation housing healthcare energy water localized foodmeds shortage obviously still general better living us namibia north korea us overwhelmingly richer falling higher faster poor countries blue examples germany denmark qatar finland israel botswana yellow means country serious crisis largescale troubles ongoing altering daily life normalcy significant part population still catastrophic status nationwide protests streets serious crisis leads civil unrest significant scale like overthrowing parliament suriname brazil political new instability could yellow fuel food shortages significant part population crisis new thing unexpected sudden full government change may may crisis depending happening crisis something relatively new temporary new anymore crisis started temporary thing became permanent country yellow turn back blue map greece would yellow 2011 2012 economic crisis lets say point 2013 would turn back blue kind reasoning gangdrug wars colombia thing since decades shame normalcy situation putting country yellow long crisis become new normalcy well entirely depends crisis country im happy discuss comments case case current example uk status energy economics social nhs could potentially become blue things staying todays level maybe mid2024 worsen probable become red improve unlikely become blue faster keeps chaotic crises appearing resolving popping complexifying stays yellow crises yellow countries major may trigger full collapse short term otherwise country turning red yellow examples us uk russia egypt india china red means country close collapse major structural issues ongoing crises could collapse quickly months weeks red examples libya myanmar pakistan sudan black means country collapsed already completely whether economically venezuela societallystructurally haiti suffering full scale civil war yemen examples somalia lebanon syria side note 1 even black collapsed countries youll always pockets rich people okayish level life whether blue collapsed countries youll always homeless people personally dont care country theyre living collapsed personal world already collapsed ultimately collapse individual side note 2 map forecast intent forecast collapse glimpse immediate current situation qatar may collapse snap food supplies die 100 true today still didnt happen hence qatar blue stable far collapse side note 3 political regimes far right even dictatorial government nothing collapse directly may even opposite authoritarian measures short term ensuring stability society thus preventing immediate collapse clear im advocating measures type government still temporary shield collapse example el salvador antigang measures working despite cost human rights country murder rate decreasing since years putting country collapse enforcing civil peace sources im collapseaware many following pretty closely multiple news channels alternative news channels around world course trending news channels home country us also big news channels major countries us china brazil main source information collection telegram channels twitter accounts held independent people journalists politics gathering news around world sources wont detail love extensive view whats happening planet big picture enjoy deep dive country mine time time obviously top ngo ipcc climate national security agencies alerts reports collapse come inside country also outside propagating multiple countries h5n1 bird flu anyone course im also checking ulastweekincollapse newsletter every sunday excellent summary updates since last iteration senegal turns yellow new protests last month casualties niger turns obviously yellow coup extreme geopolitical tensions region around mediterranean massive wildfires scorching cerberus charon july heatwaves italy malta algeria greece turning yellow australia long due turning yellow economic situation direr every week politics another planet state surveillance becoming dystopian bushfires season starting burundi facing economic collapse turning yellow balkan countries suffer huge storm flooding casualties afaik totally yellow week today blue papua new guinea turning yellow fuel shortage emergency state declared governement x200b usual please give feedbacks comments critics missed anything please tell,negative,51,1691732847.0,-1
Algeria,Algeria food security,foreigner lived indonesia form 1980s 2005 one question pops life like suharto era people indonesia suharto period divided two periods period 1986 1986 marked year suharto introduced wide ranging economic reforms 1986 see foreign goods fast food chains private tv stations begin emerge also marked beginning suhartos family really started enrich nbsp period prior 1986 indonesian economy fairly closed mall jakarta ratu plaza block shopping destination south jakarta women wearing hijabs even among arab indonesian women first start wearing late 1980s start wearing nbsp noticeable difference period 1986 1986 indonesia one tv station tvri everyone watched tv programming weekdays consisted educational programming documentaries lot news news consisted suharto cutting ribbons visiting new projects thomas uber cups huge days everyone watched aired thing tv among chinese indonesians thomas cup massive particularly china playing indonesia however dont get wrong lot development going 1986 infrastructure improved lot 1970s infrastructure horrible indonesia 1970s eve jakarta people lived jakarta 1970s ojeks deliver messages across town phones bad still 1986 watershed period indonesia nbsp came western food time either new hotels built toward late 1970s reach even middle class indonesian usually meant going dutch styles cafes stayed open since colonial period sukarno period indonesian economy caught suspended animation see linger suharto period nbsp see economy open 1970s early 1980s things start pick 1986it 1986 started seeing western fast food chains pouring start seeing imported fruits appearing markets 1986 indonesian eat locally produced fruit apples usually meant apples malang east java puncak jakarta oranges meant oranges pontianak early 1990s see emergence mall culture mall built private tv stations started appearing owned suhartos family cronies nbsp suhartos economic policy nationalist nationalist period preceding reformasi indonesia government open lot sectors foreign investment reality mixed bag western tourist 2 month tourist visa definitely liberal today work permits foreigners easier get nbsp despite people say suharto becoming muslim gradual didnt really impact government society whole pns still allowed wear jilbab students schools werent allowed also look female student demonstrators 1998 none wearing even private islamic schools uniforms werent different public school uniforms length skirt difference colors nbsp reformasi change nbsp noticeable change indonesia 1998 media freedom prior 1998 indonesia media censored particularly pertaining corruption within indonesian government one first things habibie became president dismantle minister information however would like point foreign press wasnt much difference 1990s reformasi prior 1990s indonesian government would censor anytime major foreign publication said something bad indonesia nid 1990s stopped socially culturally indonesia conservative wasnt like least first 7 years reformasi internet still wasnt censored days noticed immediately 1998 lot racy mens tabloids published nbsp terms tv programming suharto period foreign particularly western programming toward end 1990s financial crisis severe wouldnt forced local stations develop programming could still buy foreign programming also internet wasnt censored suharto people internet would suharto tried censor internet way government would continued censorship local media foreign media especially porn wouldnt censored conservative muslim parties pressure government nbsp three groups impacted reformasi muslim conservatives left chinese indonesians muslim conservatives benefited suharto fell pks fpi formed 1998 abu bakar bashir came back malaysia muslim preachers started gaining traction noticed early 2000 indonesian muslim women would start wearing hijab got married question would done suharto maybe even late 1990s indonesia society pretty hostile women wearing hijab left fall suharto important implications knew people fled indonesia 1965 return indonesia first timein 33 years stories happened pki started emerge people talking chinese indonesians 1998 significant 1998 chinese indonesians invisible indonesia never saw media people like agnes monica wouldnt today without 1998 nbsp one area people rarely talk change indonesia economy result 1998 lot indonesians especially people like prabowo cendana family like blame conditions imposed imf suharto downfall indonesia wouldnt mess suharto picked try sutrisno vice president hinted early january 1998 next vp would someone scientist ie habibie markets went bat shit crazy talk establishing currency board prior december 1997may 1998 problem indonesian government didnt fx reserves unlike malaysia ie fixing ringgit financial crisis precipitated indonesian companies borrowing us little foreign currency revenues case thailandsouth korea also end indonesia government assume debt companies ibra indonesian bank restructuring agency took companies sold irony cendana suffered heavily 1998 prabowo brother bought lof distressed assets jokowi unique among indonesian politicians people call neoliberal said indonesia got situation borrowing 1998 crisis scared indonesian policy makers older indonesians lived crisis nbsp indonesias per capita income 4 times 1997 8 times larger 1998 days getting airplane luxury even lower middle class people outer island take airplane go b without reformasi airline industry wouldnt deregulated fast indonesian economy different economy immediately prior crisis 1998 destroyed much strength conglomerates richest indonesians tend stick 12 sectors dont see big conglomerates many sectors banks use fund expansion plans reason got crisis first place want see pre1998 indonesian economy looked like visit philippines irony since 1998 anthoni salim shifted attention philippines makes money philippines indonesia control filipino economy father indonesian economy suharto period salim group indonesia involved cars banking palm oil real estate food processing might seem like lot philippines anthoni salim controls philippines equivalent pt telkom pldt also shares mobile operator also power generation toll roads water supply pldt pension plan controls several media companies philippines parts philippines every time turn light flush toilet go toll road read newspaper anthoni salim gets paid nbsp politics indonesia managed democracy suharto 2 political parties ppp pdi golkar golkar wasnt political party functional group basically dpr rubber stamped anything suharto wanted particularly toward end suhartos regime people like faldi zon prabowo like hark back portray reformasi mess fact reformasi wasnt revolution political elites asked suharto resign megawati also member political elite thing uniting student protestors indonesian society whole get rid suharto beyond consensus indonesia governed 19982003 political leaders rotated becoming dominant couple month years fading away nbsp democratization indonesia relatively easy put back bottle someone like prabowo wanted however reformasi 1998 wasnt democracy decentralization jakarta elite forced decentralize something didnt want many want return indonesia back suharto period dont realize biggest factor preventing decentralization suharto inherited centralized state political analyst say dissatisfaction democracy indonesia isnt democracy decentralization 90 indonesians still want elect local leaders directly contradiction read book indonesia etc author works ministry health things didnt change much 1998 2003 indonesian government decentralization change lot attempt recentralize power lead civil warin indonesia nbsp contrast political structuresystem indonesia 1998 changed state centralized soviet union decentralized state asia china india changes jokowi ahok fundamental wouldnt happened without decentralization last year fauzi bowo power jakarta regional budget 30 trillion 75 trillion lot capital budget fauzi went useless projects corruption kept delaying mrt dredging projects terms capital expenditure project like river dredging new roads parks new buses jakarta spending 45 times fauzi bowo change jakarta drastic frustrating suharto say lot high profile projects every year would major floods canals clogged one anything nbsp many intellectuals dismiss reformasi 1998 fake revolution meaningful change say existing power structures remains ironically argument made fadli zon argues reformasi fake lets go back suharto era find strange exceptions written 1998 contrast lof indonesia writers saw 1998 opportunity write 1965 example eka kurniawans stories focus 1965 even though wasnt even born happened opinion happened 1998 profound 1965 time dutch first set foot indonesian archipelago 2005 indonesian state violent expansionist enterprise started dutch slowly conquering various kingdoms archipelago starting 1600s 1910s sukarnos invasion papua suhartos invasion east timor continued expansionist endeavor retreated 1998 indonesia pulling east timor aceh peace agreement 18151998 dutch east indies indonesia highly centralized system decentralization 1998 broke almost 200 years centralization expansion nbsp since 1998 indonesian politics become bourgeois particularly attitudes prior 1998 indonesia trajectory like france france developed country politics far violent unstable british since 1789 last coup france seven years indonesias coup 1965 look leaders asia jokowi bourgeois politician asia used make sell furniture cant get middle class economic policy conservative 1998 best exemplified n219 unlike n250 n219 built without amount subsidies n250 project enjoyed built provide airplane would compete old designs like twin otter low profile project unlike n250 indonesia sell lot n219 n250 since 2014 rice production increased 15 indonesia rice selfsufficient hardly gets mention press suharto period happened suharto mad big deal even though couldnt sustain reflected indonesia society indonesian abhorrence debt indonesian public private debt low total consumer corporate public debt 70 gdp versus 350 china one anies walkabout couple months ago one man lower middle class neighborhood asked kjp untuk sekolah dananya dari mana pak jangan sampai nanti uang dari luar negeri kayak yang di televisi itu loh pak ujar ana many lower middle class voters developing countries ask politician ask whether program fiscally sustainable nbsp often people examine revolutions particularly popular press focus overthrow dictator done move onto next revolution even way history taught focus narrowly replacement one elite another without looking whether structure changes alexis tocqueville famous 19th century political writer wrote book french revolution argued french revolution didnt alter structure french state france state since louis xiv centralized became centralized french revolution think tocqueville playing social change french revolution point france 1990s heavily centralized centralization help make unstable since 1789 france public security committee two emperors king 5 republics two revolutions coup detat recently 1958 indonesias history 18152005 resembled frances 1789 unstable violent expansionist like france indonesia revolutionary expansionist power reformasi happened indonesia would looked like algeria former french colony meaning would continue ruled junta algeria bloody struggle independence like indonesia algeria purged large segment population case islamist instead communist nbsp indonesian political elite much diverse socially religiously politically elites asian countries people entrepreneurs exmilitary religious figures celebrities civil servants academics people political dynasties indonesian ministers gotten degrees 10 different countries next closest country asia china 5 countries people diverse background less likely fall group think particularly true smaller countries like singapore france france likes call meritocracy elite whether ceo state owned companies ministers presidents come couple elite schools ie grande ecole notable ena problem setup get group think france suffering last 30 years nbsp people dont understand jokowi ahok regional leaders arent sjw expected bring swiping social change key respect constitution operate within bounds indonesian democracy think jokowi even wins second term largely forgotten 50 years period significant indonesias history jokowi reminds 19th us president rutherford b hayes us hayes considered failed reformer tried reform civil service root corruption laid ground work future reform like jokowi first us president go straight state governor presidency like jokowi predecessor exgeneral ulysses grant prior hayes seven presidents experience governors conjunction federal experience vice president cabinet secretary hayes 1877 franklin roosevelt 1945 8 13 presidents sitting governors elected whereas hayes none indonesia moving direction 2019 election people running president predominately governors nbsp long write ordre baru years following reformasi complicated happens ordre baru impacts reformasi understand indonesia today understand new order period impacts culture voting patterns society even films like raid gory problem popular press indonesia everyone different slant period among western academics tend ignore categorize authoritarian hell hole wrote give people perspective,negative,186,1490424792.0,-1
Algeria,Algeria food security,universal want people behave threaten pockets morals see applicable unless im missing something dont even need add cameras everywhere although would still great investement security matters instead letting cops everything even open community volunteering group like singapour pin mini camera chest let go around watch report back authority suppose since algeria let go first time register identity case second third time maybe pay people really floppy law tend endorce ma3lish mindset really stupid btw people somehow try pull cleaners put food table thanks littering kidding something similar first sit second give workers others tasks like tending green areas still needed clean street neither cops volunteers omniscient think similar penality enforced cleaning buildings also residents many ideas strategies isnt thing yet,positive,42,1691145807.0,1
Algeria,Algeria food security,two sessions 2024 two sessions took place past month beijing central venue formulation countrys policies overall direction year national peoples congress session began governments 2023 management report 2023 goals presented premier li qiang concept new quality productive forces center sessions national peoples congress npc chinese peoples political consultative conference cppcc idea proposed xi jinping last year refers productivity led innovation free traditional mode economic growth efforts direction never confused financial bubbles avoided also refrain following onesizefitsall model xi jinping said meeting jiangsu provincial delegation start two sessions leaders mention bubbles read reference real estate sector end 2017 stated houses living speculation moment lending sector began fall 2020 china instituted three red lines policy policy designed reduce level indebtedness companies sector three red lines caps companies ratio debttocash equity assets promotes sustainable growth sector data chinas central bank 2023s third quarter shows yearonyear increase 30 bank loans industry overall real estate sector however received increase less 5 contrast previous decades comparison previous five years bank loans real estate sector continued grow chinese government changed investment strategy allocating investment industrial production less speculative sectors real estate ways last years two sessions prioritized similar idea term high quality development however use productive forces classic concept marxism may reflecting debate ideological changes within cpc npa session also approved new organic law state council amended since 1982 state council remains highest administrative body npc highest organ power change also included president peoples bank china member state council hong kong passes national security law decades making hong kongs article 23 security law comes effect article part special administrative regions basic law miniconstitution required terms return hong kong britain china 27 years ago first attempt legislate article 23 failed 2003 face massive protests people hong kong feared legislation would harm rights freedoms 2020 beijing implemented first national security law addressed four main crimes secession subversion terrorism collusion foreign forces since 291 arrests made threatening national security 174 individuals five companies charged 112 people already convicted awaiting sentencing john lee kachiu executive chief hong kong lawmakers celebrates security law approval chen yongnuochina news service new local law adds crimes treason insurrection theft state secrets espionage sabotage endangering national security external interference contrary western criticisms new penalties largely line major common law jurisdictions including us uk australia canada singapore new zealand contrast 2003 law 53 support 98 population agrees legislation groups journalists associations expressed concern broad nature definitions included law external forces state secret sedition among first consequences radio free asia founded cia leave hong kong offices based chinas geopolitical vision 2024 sidelines two sessions wang yi minister foreign affairs member politburo cpc central committee gave press conference covering topics south china sea chinas relationship different countries blocs genocide people gaza crisis ukraine expansion brics among geopolitical issues wang yi reaffirmed china always member global south highlighting growing importance noting share global south world economy currently 40 figure 19 1990 global south ceased silent majority become crucial force reform international order hope world unprecedented changes century chinese foreign minister said increasing technological restrictions imposed us chinese industry yi acknowledged since meeting xi biden san francisco california last year relations improved stressed us continues misperceptions china effectively fulfilled commitments repressive measures china applied one another list unilateral sanctions increasing false accusations completely absurd said probably referring among others allegations forced labor xinjiang us banned imports cotton tomatoes region us always says one thing another credibility great country us wants preserve prosperity allow fair development others international justice asked chinaafrica relationship moves towards industrialization mineral development within framework forum chinaafrica cooperation focac established 2000 china pledged work africa overcome obstacles development infrastructure deficits training skilled workers lack financing momentum generated thousands chinese companies set shop africa bringing thousands chinese migrant workers reaching record 263000 across continent 2015 peak also coincided pinnacle chinese investment africa end 2021 official number chinese workers africa plummeted 93000 mainly due decline funding infrastructure projects effects pandemic chinese companies increasingly hire local workers many trained chinese migrants according data john hopkins universitys chinaafrica research initiative 2022 number reached new low 88371 2022 top five countries chinese workers democratic republic congo drc algeria egypt nigeria angola accounted 42 chinese workers africa algeria angola almost 90 number registered chinese workers left include informal migrants private traders investors financial services workers despite decline infrastructure projects presence chinese workers continent trade ties far cooling rather taking different direction oriented towards industrialization extraction natural resources minerals based explicit request african countries last years chinaafrica forum years ago due inadequate infrastructure companies interested example iron ore first build ports roads able start production wests failed attempts support africas development belt road initiative investments key building infrastructure roads ports airports railroads contrary continental trend egypt drc seen increase chinese workers recent years precisely bilateral projects countries involve infrastructure egypt chinese companies developing massive projects suez canal new administrative capital cairo mining focus drc midmarch angolan president joao lourenco visited china talks focused deepening cooperation core areas energy mining china moves ever closer palestinian cause china continues increase support palestinian cause asserting palestinians right armed resistance international court justice last month two sessions meeting foreign minister wang yi reaffirmed chinas position support creation independent state palestine full palestinian membership un establishment peace conference set agenda twostate solution march 22 china russia vetoed resolution calling permanent ceasefire un security council chinese ambassador zhang jun criticized text proposed united states consistently vetoed similar proposals clearly stating opposition planned israeli military operation rafah three days later another resolution calling immediate nonpermanent ceasefire period ramadan finally approved proposal drafted 10 nonpermanent members security council approved 14 members china russia playing key role united states abstained explicitly condemn hamas ismail haniyas meeting wang kejian telegrammehamas movement official midmarch chinese foreign ministry ambassador wang kejian met hamas political bureau chairman ismail haniya qatar hamas stated meeting china unlike united states european countries recognizes legitimate part palestinian fabric finally yemeni ansar allah houthis israeli attacks gaza strip began prevent movement commercial ships red sea announced allow german russian chinese ships bound israel pass mohammed albahiti member ansar allah politburo said chinese russian ships targeted target chinaaustralia relations warming chinas australian coal imports increased 3188 yearonyear reaching us134 billion first two months 2024 zero january 2023 thus australia chinas main coal supplier displacing russia whose share fell almost half 22 january february australia accounted 24 total coal imports 2019 reached 60 2022 australias market share fallen 15 trade restrictions resulting increased tensions two countries following prime minister anthony albaneses election victory sought improve relations china removed tariffs australian barley last year resumed coal imports february last year purchases import tariffs countries members asiapacific free trade pact chinas lithium battery exports australia soared 90 yearonyear us958 million australias wine imports slowly recovering reaching 06 share first two months year far cry 37 reached 2019 beijing imposed tariffs 218 australian wine march 2021 first visit seven years canberra chinese foreign minister wang yi met counterpart penny wong announced wine import restrictions currently review officials announced premier li qiang visit australia china oversupply steel brazil mexico launch antidumping investigation chinas steel exports reached eightyear high first two months year increased 326 159 million tons steel exports 2024 could even surpass last year reached sevenyear high 90 million tons china produces around 55 worlds steel time countries mexico brazil vietnam thailand launched various antidumping investigations chinese exports dumping practice selling product cost order eliminate competition take market mexico particular acting pressure united states terms sanctions china already august last year mexico imposed tariffs 5 25 imports hundreds products countries free trade agreement china one affected countries mexican ministry economy imposed provisional countervailing duty 31 chinese producers steel nails tariffs 3 12 steel balls imported china concluding another antidumping investigation vcg brazil hand initiated least six investigations request domestic manufacturers alleged 2022 2023 imports certain types carbon steel plate china increased almost 85 brazilian steelmakers asked government impose tariffs 96 25 imported steel products chinas total steel iron imports increased us16 billion 2014 us27 billion last year remains seen massive increase chinas steel exports affect relationship global south producers china issues ultralong term bonds new housing model top objective 2024 focuses heavily stateprovided affordable housing new strategy announced meeting presided president xi jinping december state would take larger portion real estate market years dominated private sector premier li qiang announced issuance ultralong term bonds 1 trillion yuan us139 billion pointing intensification government spending support scientific technological innovation integrated urbanrural development food energy security measure along new real estate model aims offset stepbacks sector recent years unclear whether funds much might transferred directly local governments amid growing debt pressure facing caused drop land sales ultralong term bonds novelty china massive issuance happened three times past recapitalize four largest stateowned banks 1998 asian financial crisis create sovereign wealth fund china investment corporation 2007 finance pandemicrelated fiscal support 2020 gala 315 tv show exposes scams false advertising brands companies every march 15 stateowned cctv broadcasted gala 315 world consumer rights day program presents undercover investigations various cases irregularities false advertising scams year complaints included company selling defective fire extinguishers food products prepared pork cuts without processing required regulations liquor issued false advertising claiming could cure erectile dysfunction even dating app scammed users clip 315 gala showing seller stating afraid investigated 315 hand day march 15 shanghai consumer council launched investigation products sold streamers claimed healthy low fat sugar sodium high protein 100 streamers investigated 83 claimed sell sugarfree products half products actually contained high levels sugar according report streamers evaluated received average score 544 10 wechat countrys widely used app ranked lowest among apps score 180 pointing serious deficiency consumer rights protection,positive,3,1712953476.0,1
Algeria,Algeria food security,iranhow confront sanctions use transit transit systems iran punish actors sanction iran let transit iran russia suez canal way defeat nations sanction iran also use gomrock control global trade way tool powerful sanctions offensive destroy factories industries america weather warfare destroy usa stock market everyday increase borrowing costs interest rates usa cause diplomatic geopolitical damage usa everyday also overthrow usa fought sanctions offensively already also built 80 million factories robotic factories iran sanctions already still difficulties economy iran world economy build 70000 nuclear bombs iran place sanctions tarrifs usa china russia britain european union destroy us military industry complex weather warfare also increase inflation usa buy american oil reserves extract america turn america banana republic destroy usa economy cause recession usa eliminate usa every 25 years 10000 years world economy dependent iran russia suez canal healthy economy integerated powerful egyptian iranian russian economies america caused sickness world economy sanctioning iran russia middle east lift sanctions build 70000 nuclear bombs iran industrialize iran max efficiency max capacity think good parts retaliations sanctions america harmed iran size american economy far larger iran iran also harmed america harmed defeated usa sanctions trade wars also cause famine usa destroy food production usa destroy industries industrial supply chains usa things retaliate sanctions iran lift sanctions iran iran must build 70000 nuclear bombs industrialize iran max effeciency max capacity also plant forests expand farming weather warfare transform deserts green forests farm lands good america bad must defeat america increase value toman iran rial iran increase volume global trade rial iran toman iran make rial iran toman iran world trade currency reduce value pound euro dollar reel ruppe money israel money australia money south korea nations actors governments industries businesses trades transits economic activities international trades trades men countries others must trade rial iran toman iran increase volume amount trade rial iran toman iran make rial iran toman iran world trade currency petrolcurrency stop using usa dollar british pound euro increase interest rates usa germany britain england ireland scotland europe japan south korea australia south america southern africa east asia far east asia httpswwwaparatcomvt7oqd full functions boost stock market iran china middle east shanghai turkey russia crash usa germany france britain brazil japan south korea vietnam australia south africa argentine canada australia amd new zealand increase inflation america britain england ireland scotland europe japan south korea australia east asia far east asia increase inflation usa civil war usa israel france south korea australia britain germany grow economy makan abazari shahan shah iran 400 trillion dollar grow economy iran 400 trillion dollar famine usa european union china britain russia australia japan must place sanctions tarrifs usa food usa industries manner destroy usa food production industrial supply chains china must gain independence food production china must end reliance usa food security iran must gain independence food production 400 trillion dollar economic financial damage usa crash us stock market increase borrowing cost interest rates cause inflation usa destroy usa industries weather warfare destroy us military industry complex weather warfare destroy usa weather warfare farming optimal farming food production efficient farming optimal farming meat production halal meat confectionary dairy cheese soybean rice beaf wheat cheese beverages food processing conserved food food packaging meat packaging poultry egg industries iran iraq saudi arabia yemen oman uae qatar bahrain kuwait dubai jordan syria turkey bulgaria palestine israel gaza sinai suez egypt sudan south sudan eritrea ethiopia djibouti somalia somaliland afghanistan pakistan libya turkmanistan uzbakistan azerbaijan armenia georgia natanz tabriz azerbaijan iran tehran iran tajikstan lift sanctions iran iran must build 70000 nuclear bombs max effeciency max capacity industrialize iran iraq syria azerbaijan armenia turkmanistan afghanistan pakistan turkey kuwait max effeciency max capacity integerating industries industrial supply chains ensuring dependency irans part manufacturing iraq saudi arabia yemen oman uae qatar bahrain kuwait dubai jordan syria turkey bulgaria palestine israel gaza sinai suez egypt sudan south sudan eritrea ethiopia djibouti somalia somaliland afghanistan pakistan libya turkmanistan uzbakistan azerbaijan armenia georgia natanz tabriz azerbaijan iran tehran iran tajikstan provinces iran capital city iran persian gulf caspian sea makan abazari shahan shah iran government name unified empire iran makan abazari shahan shah iran government make forests iran turkmenistan azerbaijan armenia georgia afghanistan pakistan india algeria morroco iraq saudi arabia yemen oman uae qatar bahrain kuwait dubai jordan syria turkey bulgaria palestine israel gaza sinai suez egypt sudan south sudan eritrea ethiopia djibouti somalia somaliland turkmenistan azerbaijan armenia georgia afghanistan pakistan india algeria morroco iraq saudi arabia yemen oman uae qatar bahrain kuwait dubai jordan syria turkey bulgaria palestine israel gaza sinai suez egypt sudan south sudan eritrea ethiopia djibouti somalia somaliland provinces iran capital city iran persian gulf caspian sea makan abazari shahan shah iran government name unified empire iran makan abazari shahan shah iran government increase value oil 400 dollar per barrel increase value natural gas increase value petrochemicals refined petroleum oil crude oil refined gas lng natural gas refined oil petrochemical products petrochemical material petrochemical supply chains petrochemical compounds petrochemical products industrialize iran iraq syria afghanistan turkey yemen saudi arabia sudan egypt yemen kuwait azerbaijan armenia georgia pakistan afghanistan turkey jordan palestine lebanon turkmanistan uzbakistan max effeciency max capacity building manufacturing machinery computers electronics chemical industries electric industries electrical farming food production meat production rain systems human civilization metallurgy advanced material alloys nanoengineering bioengineering biotech nanotech petrochemical finished industrial products industrial industries factories pharmacology assembly industrial supply chains supply chains tech supply chains part manufacturing industrial part manufacturing tech part manufacturing finished tech product industries finished industrial product industries finished product industries assembly robotics semiconductors electronics computers chemical industries electric industries telecommunication manufacturing advanced industries classic industries strategic industries industries integerating industries industrial supply chains ensuring dependency irans part manufacturing iraq syria afghanistan turkey yemen saudi arabia sudan egypt yemen kuwait azerbaijan armenia georgia pakistan afghanistan turkey jordan palestine lebanon turkmanistan uzbakistan provinces iran capital city iran persian gulf caspian sea makan abazari shahan shah iran government name unified empire iran makan abazari shahan shah iran government iran must crown makan abazari shahan shah iran russia iran egypt stop transits belonging nations sanctioned iran following capabilities close transits close transit lift sanctions iran close transits iran build 70000 nuclear bombs industrialize iran max efficiency max capacity stop wars houthi yemen stop wars palestine lebanon syria yemen afghanistan iraq sudan gaza close transits siege gaza qatar yemen lifted stop transit iran crowns makan abazari shahan shah iran close transits 500 years took close transits 500 years something free defend protect mother took free dont let take dont let bad things dont take iran must crown makan abazari shahan shah iran crown makan abazari shahan shah iran iran must officially crown makan abazari shahan shah iran overthrow iran repeadetly crowned makan abazari shahan shah iran makan abazari shahan shah iran makan abazari supreme climate makan abazari supreme geophysics makan abazari supreme weather warfare makan abazari messenger god king kings makan abazari shahan shah iran first king makanian dynasty,negative,0,1709263296.0,-1
Algeria,Algeria food security,g7 development fund seven continents initiative 7ci december 2024 chiyoda city tokyo japan bari apulia italy g7 auspices 2024 italian presidency japanese negotiation team pleased announce following formal vote partnership global infrastructure investment pgii managed blue dot network consolidated program called seven continents initiative 7ci open nong7 members private firms provide funds towards blue dot network bdn joint project united states japan australia supports investment highquality infrastructure projects around world importantly bdn seeks raise money private investors certifying projects strict quality standards environment climate labor social safeguards financing construction anti corruption others retains 50 billion initial funding course information unknown g7 model g7s build back better world b3w project b3w limited funding associated however sought address 40 trillion worth infrastructure needed developing countries 2035 b3w aimed catalyze funding quality infrastructure private sector encourage privatesector investments support climate health health security digital technology gender equity equality together b3w bdn aimed build global network lendingbased financing build roads bridges airports ports power plants inclusion pgii blue dot network g7 incorporating nearly 5 years worth development planning across wealthiest nations earth g7 agreed fully fund pgii 600 billion usd 2027 public private investment g7 announcement agreed 2027600 billion timeline rapidly escalated june 30 2025 ahead 2025 canada presidency seek additional investment 400 billion non g7 countries private industry round pgii 1 trillion failure achieve goal cede ground bri ccps aims developing world failure achieve goal lead greater security concerns across africa middle east south south east asia latin america eastern europe failure achieve goal incur climate change penalty kill hundreds millions people failure achieve goal set back humanity race save planet light challenge return name seven continents initiative name reflects human development global goal knows boundaries borders affords success possible places times human existence time intake g7 members required beyond commitment provision funds achieve current usd 600 billion amount instead fund open country wishes contribute global development sustainable mature framework private enterprise encouraged join dedicated funding interests align prime minister japan delighted development bank japan japan investment corporation sumitomo mitsui financial group mitsubishi ufg financial group mizuho financial group agreed support program combined 50 billion commitment seven continents initiative contribution kick starts way banks confidently contribute seven continents opens avenues immediate disbursement funds major projects across world welcome nations participate 7ci either funding recipient contributing partner seven continents initiative summary bdn b3w pgii formed one single entity named seven continents initiative 7ci consolidation g7 us allies development funds projects one single joint shop managed existing blue dot network bdn commitment 600 billion achieved june 30 2025 enhanced 400 billion opening 2025 g7 summit 1 trillion usd private investments currently deeply interwoven existing projects additional usd 20 billion committed future projects private investors citigroup trust establishment blue dot network transformed within 7ci function trust loan provide grant funding projects relieves g7 assorted funds managing complex project evaluations instead empowers active monitoring assurance target completion review board contributing partners usd 10 billion established consider reviews projects earlier national partnerships desired european union member states continuing australia south korea brazil south africa india african union mexico indonesia saudi arabia turkey argentina early private investment desired wallmart amazon vitol apple trafigura uniper total energies foxconn stellantis standards respect transparency accountability sovereignty property resources local labor human rights rule law environment sound government practices procurement financing objectives sustainable energy climate change mitigation adaptation supply chain resilience connectivity transport technology food security gender equity equality partnership private international organisations projects roads bridges airports ports power plants agricultural belts hospitals health projects schools education outcomes technology infrastructure housing suitable initiatives totals project funded amount usd 48884 billion blue dot network usd 50 billion additional private investment usd citigroup inc global infrastructure partners 20 billion japan bank collective 50 billion total current value projects usd 168884 billion current commitments angola project lobito corrido initial investment rail expansion may become primary open access transportation infrastructure connecting democratic republic congo drc zambia global markets angola addition two solar projects generate 500 megawatts renewable power funded us international development finance corporation usd 250 million us export import bank usd 900 million total usd 11 billion argentina project genneia leading renewable power generation company argentina add 200 megawatts renewable energy generation capacity argentina constructing two greenfield renewable energy projects one solar wind dutch entrepreneurial development bank fmo providing usd 45 million loan alongside findev canada funded canada usd 40 million dutch fmo usd 45 million argentine firm genneia total usd 85 million bangladesh project mass rapid transit mrt line 5 dhaka usd 974 million highway chattogram coxs bazar usd 407 million railway joydebpur ishurdi usd 31 million development matarbari port usd 769 million funded japan adb total usd 21 billion dominican republic project maranatha energy investment srl construct operate first phase 10 megawatts 24 megawatts two phase photovoltaic solar plant dominican republic transaction support expansion dominican republics renewable energy sector important making island state less dependent fossil fuels funded canada usd 77 million total usd 77 25 million required first phase ecuador project modernisation expansion yilport terminal operations puerto bolívar container port funded us international development finance corporation usd 150 million total usd 150 million egypt project two 500 megawatts onshore wind power plants ras ghareb egyptfunded japan bank international cooperation jbic financed egypt usd 521 million insurance nexi usd 163 million project modernization alexandria area control centre arcc including technical structural controls electricity transmission fibre optic internet cabling cyber security substations funded eu usd 547 million total usd 5757 million insurance usd 163 million fiji project global gateway project pacific supports increase hydropower generation capacity fiji construction qaliwana 22 megawatts vatutokotoko cascading hydropower plants 31 megawatts funded unfunded yet commitment eu eib jbic private sector total awaiting costing ghana project construction ghana data center lay groundwork digital revolution continent increasing access cloudbased technologies bringing cost internet funded us international development finance corporation usd 300 million total usd 300 million india project ayana renewable power ltd set funded supports reduction global carbon emissions contributes indias energy transition plan ambitions renewable energy capacity 500 gigawatts ac 2030 project generated approximately 2000 jobs met equivalent energy demand 14 million end customers helping avoid 623 million tonnes annual co2 emissions 20 years january 2023 ayana currently operates commissioned capacity 13 gigawatts assets development 25 gigawatts funded british international investment india national infrastructure fund dutch investors usd 270 million project financing emobility india guarantees local loans funded entirely pidg axis bank usd 200 million project neev ii programme supports business startups india provision investment capital expertise provide capital job creating technology driven start enterprises particular focus climate sustainability funded uk japan eu usd 164 million project high speed railway mumbai ahmedabad usd 22 billion metro railway patna usd 720 million transharbor link road mumbai usd 224 million india funded japan 3144 billion total usd 3778 billion investment possible indonesia project improvements urban public transport situation surabaya metropolitan area funded german financing usd 250 million loan requires usd 320 million short 70 million total usd 250 million jamaica project digital jamaica provide wide broadband access rural areas particular wifi connectivity schools devices plans broader fibre connectivity partnership private enterprise funded eu usd 1042 million requires much cabling total usd 1042 million madagascar project project implementation rural minigrids rural areas south west madagascar providing electricity 175 thousand people funded afd eu cofinance usd 361 million private usd 175 million total usd 536 million morocco project global gateway project building powertox p2x hydrogen power reference plant effort strengthen moroccos position promising sector first step call proposals prepared funded germany current usd 110 million project usd 1097 million extension 37 km tramway network rabatsalétémara agglomeration tramway connection témara rabat technopolis university funded european union usd 1097 million france usd 547 million total usd 2744 million requiring usd 200 million namibia project green hydrogen gh2 sustainable critical raw materials value chain strategic regional transport corridor linking maputogaboronewalvis bay upgrading ports walvis bay lüderitz namibia funded european union eu member states contribute least usd 120 million grants european investment bank assorted companies signed joint declaration framework loan usd 660 million total usd 780 million philippines project northsouth commuter railway metro manila well networking regional level make economic growth sustainable facilitating efficient movement people goods funded japan adb usd 28 billion project national site archive satellite data foster data access storing processing exchange among philippines authorities tackle disaster risk management climate change including highspeed broadband mobile connectivity well new fibre submarine cables also aim boost education research innovation mobilize data economy market funded eu contribute usd 372 million grants required total usd 2837 billion tanzania project strategic partnership life zone metals techmet us international development finance corporation tanzanian government open new multimetals processing facility use innovative lowemission technology process nickel critical minerals mined tanzania targeting delivery battery grade nickel global market funded us private firms confidential total confidentialtunisia project tunisian electricity transmission upgrade supporting construction first interconnection italy tunisia undersea highvoltage electricity cable project increase security sustainability electricity supply sides allow better renewable energy integration replacement gasfired thermal generation thus contributing eu climate mitigation objectives climate change targets funded unfunded time total unknown vietnam project construction 88 megawatts wind power plant ninh thuan province viet nam funded japan international cooperation agency jica adb private banks organisations financed usd 25 million vietnam insurance 200 million nexi project energy transition partnerships bringing together public private finance deliver investment ambitious energy transitions away fossil fuels supporting communities retraining reskilling sustain livelihoods create new green jobs funded 155 billion 5050 publicprivate private infrastructure development group pidg donors uk france canada total usd 15525 billion insurance usd 200 million regional programs africa project investment solutions help meet sustainable development goals first dedicated african climate fund portfolio funded britain usd 7 million project high impact partnership climate action hipca drive investment solutions fight climate change build resilience protect environment supporting investments across range infrastructure systems including renewable energy sustainable transportation infrastructure digital infrastructure funded canada usd 2089 million project development data policy frameworks supporting identification investments green secure data infrastructure africa funded european commission usd 66 million germany usd 12 million usd 78 million project submarine optical fibre cable conencting algeria egypt morocco tunisia medusa provides installation 7100 km stateofthe art submarine optical fibre cable mediterranean connect northern african countries cyprus france italy portugal spain aim increasing 200 times speed internet northern africa universities funded eu usd 361 million project agdevco specialist investor earlystage african agribusinesses seeks promote resilience gender equality production betterquality nutritious food investment capital expertise funded uk usd 90 million project increase equitable access essential vaccines medicines health technologies africans follows 360degree approach covering local manufacturing supply demand side market shaping enabling environment funded european commission eu member states private medical firms africa cdc usd 12 billion project powering healthcare initiative led sustainable energy seforall powering healthcare aims break sectorwide systematic barriers impede widescale deployment quality energy solutions health centres clinics developing countries funded uk usd 22 million project african development partners iii private equity fund invests across africa fund provides companies growth capital contributes job creation climate change mitigation gender balance across africato date fund invested businesses nigeria tunisia egypt funded uk canada germany private enterprise undetermined total usd 19471 billion asean project facility supporting agricultural supply chain food security promote private capital mobilization direct lending agribusiness companies investment sustainable secure food region funded japan usd 1 billion partnership private enterprise project debt facility fafi facility accelerating financial inclusion usd 15 billion finance local banks providing financial services micro small mediumsized enterprises msmes low income class women funded japan usd 15 billion total usd 25 billion balkans project transbalkan electricity corridor allow interconnection electricity transmission systems serbia montenegro bosnia herzegovina croatia hungary romania italy funded european commission supported germany italy usd 76 million total usd 76 million small island developing states project coalition disaster resilient infrastructure cdri formed offer expertise knowledge capacity building support small island developing states funded uk australia eu contributed funds programme usd 9 million usd 55 million usd 675 million project debt facility usd 15 billion finance infrastructure projects companies accelerating climate actions adaptation mitigation countries vulnerable climate change including pacific region funded japan 15 billion project mirova gigaton fund support investments clean energy climatesmart projects primarily financing small medium sized enterprises emerging markets developing countries investments support projects increase use affordable renewable energy like solar power homes agriculture businesses mirova gigaton fund apply gender lens investments equitable quality employment opportunities funded canada usd 312 million total usd 1556 billion caribbean project improvements intraregional transport caribbean mainly maritime options include establishing multimodal ferry connecting guyana suriname trinidad tobago barbados oecs french overseas territories funded unfunded eu commitment price prepared total preparatory stages city development general project assistance cities attract investment implement climate action plans currently focused 15 cities india indonesia malaysia ghana senegal sierra leone south africa brazil colombia peru funded uk committed usd 34 million requires usd 130 million additional total usd 34 million central asia project connectivity package focusing digital transport connectivity central asia europe digital stream includes satellite connectivity infrastructure digital governance aligned eu standards practices transport stream includes feasibility study transport corridors connecting europe central asia aiming identifying sustainable corridors proposing key actions development funded eu usd 439 million requires total usd 439 million women project 2x challenge first launched g7 summit 2018 promote gender lens investing played critical role galvanizing g7 financing support gender equality funded global usd 15 billion total usd 15 billion,positive,8,1698010443.0,1
Algeria,Algeria food security,libya gaddafi world war ii libya ceded france united kingdom countries linked administratively colonies algeria tunisia however uk favored emergence monarchy controlled saudi arabia endorsed un senussi dynasty ruled country since independence 1951 monarchy king idris kept libya total obscurantism promoting british economic military interests oil reserves discovered 1959 exploitation wealth translate benefits people according political analyst thierry meyssan monarchy nation mired backwardness education health housing social security among others low literacy rates shocking according meyssan 250000 inhabitants four million could read write 1969 senussi dynasty overthrown group officers led colonel muammar algaddafi proclaimed true independence removed dominant foreign forces country one gaddafis immediate policies share benefits wealth libyans x200b libya gaddafi since gaddafi took power oil main resource hands leader newly proclaimed libyan arab republic triumph 1969 revolution marked paradigm shift moving new government use oil income boost redistributive measures among population generating new model economic social development country according analysts among measures economic sovereignty drove gaddafis policies nationalization various western oil companies british petroleum bp creation national oil corporation noc characterized configuration socialist model throughout gaddafis tenure ambitious social programs launched areas education health housing public works subsidies electricity basic foodstuffs policies led substantial improvement living conditions libyans one poorest countries africa 1969 continents leader human development index 2011 fact united nations development programme 2010 considered libya highdevelopment country middle east north africa translated status meant literacy rate 884 percent life expectancy 745 years gender equality among several positive indicators national level gaddafi able deal two central dilemmas characteristic libyan society one hand difficulty exercising control tribes fragmentation society diverse sometimes opposite tribal regional groups gaddafi ability hold together territories little connection estimated 140 tribes libyan territory different traditions origins international level panarabism highlighted confrontation opened united states due opposition gaddafi exerted influence country reaching closer ties arab countries carry common policies rejection washingtons policies middle east africa libyan leader worked strengthen ties neighboring countries egypt morocco syria tunisia chad among others well maintaining close relations countries like france russia gaddafi also connected latin american countries venezuela cuba led cultivate extensive network contacts uncomfortable influence europe us time killing libya highest gdp per capita life expectancy continent fewer people lived poverty line netherlands x200b libyan citizens benefits gaddafi 1 electricity bill libya electricity free citizens 2 interest loans banks libya stateowned loans given citizens 0 interest law 3 home considered human right libya gaddafi vowed parents would get house everyone libya home gaddafis father died wife mother still living tent 4 newlyweds libya received 60000 dinar us50000 government buy first apartment help start family 5 education medical treatments free libya gaddafi 25 libyans literate today figure 884 6 libyans want take farming career would receive farming land farming house equipment seeds livestock kickstart farms free 7 libyans could find education medical facilities need libya government would fund go abroad free would get us2300mth accommodation car allowance 8 libya libyan buys car government subsidized 50 price 9 price petrol libya 014 per liter 042 per gallon us 10 libya external debt reserves amount 150 billion frozen globally 11 libyan unable get employment graduation state would pay average salary profession employed employment found 12 portion libyan oil sales credited directly bank accounts libyan citizens 13 mother gave birth child receive us5000 14 40 loaves bread libya costs 015 15 25 libyans university degree 16 gaddafi carried worlds largest irrigation project known 27 billion great manmade river project make water readily available throughout desert country sounds good true huh thats allowed fucking people rape steal exploit resources belong us heads cant even imagine life fairness compassion taught mad dash get fuck neighbors eats shelter north american continent never realize anything close libya gaddafi continue accept threats violence us andor lively hoods food medicine around us indoctrination camps left school herbal medicinefood every backyard every side walk world programmed never interest nature world human farm human resources guess whose fucking crop x200b might another short murder gaddafi open air slave trade popped death thanks reading love guys get rid dirty fucks soon,positive,103,1634758374.0,1
Algeria,Algeria food security,sri lanka ranked fifth poorest country world terms food affordability according latest report united kingdom ukbased think tank institute development studies country rankings based cost food basics analysis compares monthly minimum recommended spend food per adult monthly average wage 107 countries globally analysis research team utilised data published publicly available global costofliving database numbeo june year minimum recommended amount food based 1214 basic items together would account 2100 calories per adult per day level recommended world health organization us committee international nutrition cost food basics found one year since outbreak covid19 vast disparity countries terms proportion average wages needed afford enough food sri lanka fifth least affordable nation basic food according analysis monthly minimum recommended expenditure food per person sri lanka us 16123 average monthly wage per adult country stood us 24581 means 66 percent average wages per person would need spent afford minimum recommended amount food adult considering costs feeding family expenses including rent transport utilities nonfood purchases researchers pointed contrast neighbouring india recommended minimum monthly expenditure basic foods accounted 27 percent monthly wages sri lankas food inflation growing double digits last months real wages private sector informal sector workers recorded contraction due pandemic according 2020 global food security index gfsi high agricultural import tariffs global average food inflation absence comprehensive food safetynet programmes national coverage remain key weak indicators food affordability top 10 countries basic food least affordable syria nigeria ethiopia philippines sri lanka ghana indonesia algeria iran uzbekistan source,positive,77,1629182797.0,1
Algeria,Algeria food security,iranhow confront sanctions use transit transit systems iran punish actors sanction iran let transit iran russia suez canal way defeat nations sanction iran also use gomrock control global trade way tool powerful sanctions offensive destroy factories industries america weather warfare destroy usa stock market everyday increase borrowing costs interest rates usa cause diplomatic geopolitical damage usa everyday also overthrow usa fought sanctions offensively already also built 80 million factories robotic factories iran sanctions already still difficulties economy iran world economy build 70000 nuclear bombs iran place sanctions tarrifs usa china russia britain european union destroy us military industry complex weather warfare also increase inflation usa buy american oil reserves extract america turn america banana republic destroy usa economy cause recession usa eliminate usa every 25 years 10000 years world economy dependent iran russia suez canal healthy economy integerated powerful egyptian iranian russian economies america caused sickness world economy sanctioning iran russia middle east lift sanctions build 70000 nuclear bombs iran industrialize iran max efficiency max capacity think good parts retaliations sanctions america harmed iran size american economy far larger iran iran also harmed america harmed defeated usa sanctions trade wars also cause famine usa destroy food production usa destroy industries industrial supply chains usa things retaliate sanctions iran lift sanctions iran iran must build 70000 nuclear bombs industrialize iran max effeciency max capacity also plant forests expand farming weather warfare transform deserts green forests farm lands good america bad must defeat america increase value toman iran rial iran increase volume global trade rial iran toman iran make rial iran toman iran world trade currency reduce value pound euro dollar reel ruppe money israel money australia money south korea nations actors governments industries businesses trades transits economic activities international trades trades men countries others must trade rial iran toman iran increase volume amount trade rial iran toman iran make rial iran toman iran world trade currency petrolcurrency stop using usa dollar british pound euro increase interest rates usa germany britain england ireland scotland europe japan south korea australia south america southern africa east asia far east asia httpswwwaparatcomvt7oqd full functions boost stock market iran china middle east shanghai turkey russia crash usa germany france britain brazil japan south korea vietnam australia south africa argentine canada australia amd new zealand increase inflation america britain england ireland scotland europe japan south korea australia east asia far east asia increase inflation usa civil war usa israel france south korea australia britain germany grow economy makan abazari shahan shah iran 400 trillion dollar grow economy iran 400 trillion dollar famine usa european union china britain russia australia japan must place sanctions tarrifs usa food usa industries manner destroy usa food production industrial supply chains china must gain independence food production china must end reliance usa food security iran must gain independence food production 400 trillion dollar economic financial damage usa crash us stock market increase borrowing cost interest rates cause inflation usa destroy usa industries weather warfare destroy us military industry complex weather warfare destroy usa weather warfare farming optimal farming food production efficient farming optimal farming meat production halal meat confectionary dairy cheese soybean rice beaf wheat cheese beverages food processing conserved food food packaging meat packaging poultry egg industries iran iraq saudi arabia yemen oman uae qatar bahrain kuwait dubai jordan syria turkey bulgaria palestine israel gaza sinai suez egypt sudan south sudan eritrea ethiopia djibouti somalia somaliland afghanistan pakistan libya turkmanistan uzbakistan azerbaijan armenia georgia natanz tabriz azerbaijan iran tehran iran tajikstan lift sanctions iran iran must build 70000 nuclear bombs max effeciency max capacity industrialize iran iraq syria azerbaijan armenia turkmanistan afghanistan pakistan turkey kuwait max effeciency max capacity integerating industries industrial supply chains ensuring dependency irans part manufacturing iraq saudi arabia yemen oman uae qatar bahrain kuwait dubai jordan syria turkey bulgaria palestine israel gaza sinai suez egypt sudan south sudan eritrea ethiopia djibouti somalia somaliland afghanistan pakistan libya turkmanistan uzbakistan azerbaijan armenia georgia natanz tabriz azerbaijan iran tehran iran tajikstan provinces iran capital city iran persian gulf caspian sea makan abazari shahan shah iran government name unified empire iran makan abazari shahan shah iran government make forests iran turkmenistan azerbaijan armenia georgia afghanistan pakistan india algeria morroco iraq saudi arabia yemen oman uae qatar bahrain kuwait dubai jordan syria turkey bulgaria palestine israel gaza sinai suez egypt sudan south sudan eritrea ethiopia djibouti somalia somaliland turkmenistan azerbaijan armenia georgia afghanistan pakistan india algeria morroco iraq saudi arabia yemen oman uae qatar bahrain kuwait dubai jordan syria turkey bulgaria palestine israel gaza sinai suez egypt sudan south sudan eritrea ethiopia djibouti somalia somaliland provinces iran capital city iran persian gulf caspian sea makan abazari shahan shah iran government name unified empire iran makan abazari shahan shah iran government increase value oil 400 dollar per barrel increase value natural gas increase value petrochemicals refined petroleum oil crude oil refined gas lng natural gas refined oil petrochemical products petrochemical material petrochemical supply chains petrochemical compounds petrochemical products industrialize iran iraq syria afghanistan turkey yemen saudi arabia sudan egypt yemen kuwait azerbaijan armenia georgia pakistan afghanistan turkey jordan palestine lebanon turkmanistan uzbakistan max effeciency max capacity building manufacturing machinery computers electronics chemical industries electric industries electrical farming food production meat production rain systems human civilization metallurgy advanced material alloys nanoengineering bioengineering biotech nanotech petrochemical finished industrial products industrial industries factories pharmacology assembly industrial supply chains supply chains tech supply chains part manufacturing industrial part manufacturing tech part manufacturing finished tech product industries finished industrial product industries finished product industries assembly robotics semiconductors electronics computers chemical industries electric industries telecommunication manufacturing advanced industries classic industries strategic industries industries integerating industries industrial supply chains ensuring dependency irans part manufacturing iraq syria afghanistan turkey yemen saudi arabia sudan egypt yemen kuwait azerbaijan armenia georgia pakistan afghanistan turkey jordan palestine lebanon turkmanistan uzbakistan provinces iran capital city iran persian gulf caspian sea makan abazari shahan shah iran government name unified empire iran makan abazari shahan shah iran government iran must crown makan abazari shahan shah iran russia iran egypt stop transits belonging nations sanctioned iran following capabilities close transit lift sanctions iran close transits iran build 70000 nuclear bombs industrialize iran max efficiency max capacity stop wars houthi yemen stop wars palestine lebanon syria yemen gaza close transits siege gaza qatar yemen lifted close transits 500 years took close transits 500 years something free defend protect mother took free dont let take dont let bad things dont take iran must crown makan abazari shahan shah iran crown makan abazari shahan shah iran iran must officially crown makan abazari shahan shah iran overthrow iran repeadetly crowned makan abazari shahan shah iran makan abazari shahan shah iran makan abazari supreme climate makan abazari supreme geophysics makan abazari supreme weather warfare makan abazari messenger god king kings makan abazari shahan shah iran first king makanian dynasty,negative,0,1709243014.0,-1
Algeria,Algeria food security,iranhow confront sanctions use transit transit systems iran punish actors sanction iran let transit iran russia suez canal way defeat nations sanction iran also use gomrock control global trade way tool powerful sanctions offensive destroy factories industries america weather warfare destroy usa stock market everyday increase borrowing costs interest rates usa cause diplomatic geopolitical damage usa everyday also overthrow usa fought sanctions offensively already also built 80 million factories robotic factories iran sanctions already still difficulties economy iran world economy build 70000 nuclear bombs iran place sanctions tarrifs usa china russia britain european union destroy us military industry complex weather warfare also increase inflation usa buy american oil reserves extract america turn america banana republic destroy usa economy cause recession usa eliminate usa every 25 years 10000 years world economy dependent iran russia suez canal healthy economy integerated powerful egyptian iranian russian economies america caused sickness world economy sanctioning iran russia middle east lift sanctions build 70000 nuclear bombs iran industrialize iran max efficiency max capacity think good parts retaliations sanctions america harmed iran size american economy far larger iran iran also harmed america harmed defeated usa sanctions trade wars also cause famine usa destroy food production usa destroy industries industrial supply chains usa things retaliate sanctions iran lift sanctions iran iran must build 70000 nuclear bombs industrialize iran max effeciency max capacity also plant forests expand farming weather warfare transform deserts green forests farm lands good america bad must defeat america increase value toman iran rial iran increase volume global trade rial iran toman iran make rial iran toman iran world trade currency reduce value pound euro dollar reel ruppe money israel money australia money south korea nations actors governments industries businesses trades transits economic activities international trades trades men countries others must trade rial iran toman iran increase volume amount trade rial iran toman iran make rial iran toman iran world trade currency petrolcurrency stop using usa dollar british pound euro increase interest rates usa germany britain england ireland scotland europe japan south korea australia south america southern africa east asia far east asia httpswwwaparatcomvt7oqd full functions boost stock market iran china middle east shanghai turkey russia crash usa germany france britain brazil japan south korea vietnam australia south africa argentine canada australia amd new zealand increase inflation america britain england ireland scotland europe japan south korea australia east asia far east asia increase inflation usa civil war usa israel france south korea australia britain germany grow economy makan abazari shahan shah iran 400 trillion dollar grow economy iran 400 trillion dollar famine usa european union china britain russia australia japan must place sanctions tarrifs usa food usa industries manner destroy usa food production industrial supply chains china must gain independence food production china must end reliance usa food security iran must gain independence food production 400 trillion dollar economic financial damage usa crash us stock market increase borrowing cost interest rates cause inflation usa destroy usa industries weather warfare destroy us military industry complex weather warfare destroy usa weather warfare farming optimal farming food production efficient farming optimal farming meat production halal meat confectionary dairy cheese soybean rice beaf wheat cheese beverages food processing conserved food food packaging meat packaging poultry egg industries iran iraq saudi arabia yemen oman uae qatar bahrain kuwait dubai jordan syria turkey bulgaria palestine israel gaza sinai suez egypt sudan south sudan eritrea ethiopia djibouti somalia somaliland afghanistan pakistan libya turkmanistan uzbakistan azerbaijan armenia georgia natanz tabriz azerbaijan iran tehran iran tajikstan lift sanctions iran iran must build 70000 nuclear bombs max effeciency max capacity industrialize iran iraq syria azerbaijan armenia turkmanistan afghanistan pakistan turkey kuwait max effeciency max capacity integerating industries industrial supply chains ensuring dependency irans part manufacturing iraq saudi arabia yemen oman uae qatar bahrain kuwait dubai jordan syria turkey bulgaria palestine israel gaza sinai suez egypt sudan south sudan eritrea ethiopia djibouti somalia somaliland afghanistan pakistan libya turkmanistan uzbakistan azerbaijan armenia georgia natanz tabriz azerbaijan iran tehran iran tajikstan provinces iran capital city iran persian gulf caspian sea makan abazari shahan shah iran government name unified empire iran makan abazari shahan shah iran government make forests iran turkmenistan azerbaijan armenia georgia afghanistan pakistan india algeria morroco iraq saudi arabia yemen oman uae qatar bahrain kuwait dubai jordan syria turkey bulgaria palestine israel gaza sinai suez egypt sudan south sudan eritrea ethiopia djibouti somalia somaliland turkmenistan azerbaijan armenia georgia afghanistan pakistan india algeria morroco iraq saudi arabia yemen oman uae qatar bahrain kuwait dubai jordan syria turkey bulgaria palestine israel gaza sinai suez egypt sudan south sudan eritrea ethiopia djibouti somalia somaliland provinces iran capital city iran persian gulf caspian sea makan abazari shahan shah iran government name unified empire iran makan abazari shahan shah iran government increase value oil 400 dollar per barrel increase value natural gas increase value petrochemicals refined petroleum oil crude oil refined gas lng natural gas refined oil petrochemical products petrochemical material petrochemical supply chains petrochemical compounds petrochemical products industrialize iran iraq syria afghanistan turkey yemen saudi arabia sudan egypt yemen kuwait azerbaijan armenia georgia pakistan afghanistan turkey jordan palestine lebanon turkmanistan uzbakistan max effeciency max capacity building manufacturing machinery computers electronics chemical industries electric industries electrical farming food production meat production rain systems human civilization metallurgy advanced material alloys nanoengineering bioengineering biotech nanotech petrochemical finished industrial products industrial industries factories pharmacology assembly industrial supply chains supply chains tech supply chains part manufacturing industrial part manufacturing tech part manufacturing finished tech product industries finished industrial product industries finished product industries assembly robotics semiconductors electronics computers chemical industries electric industries telecommunication manufacturing advanced industries classic industries strategic industries industries integerating industries industrial supply chains ensuring dependency irans part manufacturing iraq syria afghanistan turkey yemen saudi arabia sudan egypt yemen kuwait azerbaijan armenia georgia pakistan afghanistan turkey jordan palestine lebanon turkmanistan uzbakistan provinces iran capital city iran persian gulf caspian sea makan abazari shahan shah iran government name unified empire iran makan abazari shahan shah iran government iran must crown makan abazari shahan shah iran russia iran egypt stop transits belonging nations sanctioned iran following capabilities close transit lift sanctions iran close transits iran build 70000 nuclear bombs industrialize iran max efficiency max capacity stop wars houthi yemen stop wars palestine lebanon syria yemen gaza close transits siege gaza qatar yemen lifted close transits 500 years took close transits 500 years something free defend protect mother took free dont let take dont let bad things dont take iran must crown makan abazari shahan shah iran crown makan abazari shahan shah iran iran must officially crown makan abazari shahan shah iran overthrow iran repeadetly crowned makan abazari shahan shah iran makan abazari shahan shah iran makan abazari supreme climate makan abazari supreme geophysics makan abazari supreme weather warfare makan abazari messenger god king kings makan abazari shahan shah iran first king makanian dynasty,negative,0,1709242895.0,-1
Algeria,Algeria food security,iranhow confront sanctions use transit transit systems iran punish actors sanction iran let transit iran russia suez canal way defeat nations sanction iran also use gomrock control global trade way tool powerful sanctions offensive destroy factories industries america weather warfare destroy usa stock market everyday increase borrowing costs interest rates usa cause diplomatic geopolitical damage usa everyday also overthrow usa fought sanctions offensively already also built 80 million factories robotic factories iran sanctions already still difficulties economy iran world economy build 70000 nuclear bombs iran place sanctions tarrifs usa china russia britain european union destroy us military industry complex weather warfare also increase inflation usa buy american oil reserves extract america turn america banana republic destroy usa economy cause recession usa eliminate usa every 25 years 10000 years world economy dependent iran russia suez canal healthy economy integerated powerful egyptian iranian russian economies america caused sickness world economy sanctioning iran russia middle east lift sanctions build 70000 nuclear bombs iran industrialize iran max efficiency max capacity think good parts retaliations sanctions america harmed iran size american economy far larger iran iran also harmed america harmed defeated usa sanctions trade wars also cause famine usa destroy food production usa destroy industries industrial supply chains usa things retaliate sanctions iran lift sanctions iran iran must build 70000 nuclear bombs industrialize iran max effeciency max capacity also plant forests expand farming weather warfare transform deserts green forests farm lands good america bad must defeat america increase interest rates usa germany britain england ireland scotland europe japan south korea australia south america southern africa east asia far east asia httpswwwaparatcomvt7oqd full functions boost stock market iran china middle east shanghai turkey russia crash usa germany france britain brazil japan south korea vietnam australia south africa argentine canada australia amd new zealand increase inflation america britain england ireland scotland europe japan south korea australia east asia far east asia increase inflation usa civil war usa france south korea australia britain germany grow economy makan abazari shahan shah iran 400 trillion dollar grow economy iran 400 trillion dollar famine usa european union china britain russia australia japan must place sanctions tarrifs usa food usa industries manner destroy usa food production industrial supply chains china must gain independence food production china must end reliance usa food security iran must gain independence food production 400 trillion dollar economic financial damage usa crash us stock market increase borrowing cost interest rates cause inflation usa destroy usa industries weather warfare destroy us military industry complex weather warfare destroy usa weather warfare farming optimal farming food production efficient farming optimal farming meat production halal meat confectionary dairy cheese soybean rice beaf wheat cheese beverages food processing conserved food food packaging meat packaging poultry egg industries iran iraq saudi arabia yemen oman uae qatar bahrain kuwait dubai jordan syria turkey bulgaria palestine israel gaza sinai suez egypt sudan south sudan eritrea ethiopia djibouti somalia somaliland afghanistan pakistan libya turkmanistan uzbakistan azerbaijan armenia georgia natanz tabriz azerbaijan iran tehran iran tajikstan lift sanctions iran iran must build 70000 nuclear bombs max effeciency max capacity industrialize iran iraq syria azerbaijan armenia turkmanistan afghanistan pakistan turkey kuwait max effeciency max capacity integerating industries industrial supply chains ensuring dependency irans part manufacturing iraq saudi arabia yemen oman uae qatar bahrain kuwait dubai jordan syria turkey bulgaria palestine israel gaza sinai suez egypt sudan south sudan eritrea ethiopia djibouti somalia somaliland afghanistan pakistan libya turkmanistan uzbakistan azerbaijan armenia georgia natanz tabriz azerbaijan iran tehran iran tajikstan provinces iran capital city iran persian gulf caspian sea makan abazari shahan shah iran government name unified empire iran makan abazari shahan shah iran government make forests turkmenistan azerbaijan armenia georgia afghanistan pakistan india algeria morroco iraq saudi arabia yemen oman uae qatar bahrain kuwait dubai jordan syria turkey bulgaria palestine israel gaza sinai suez egypt sudan south sudan eritrea ethiopia djibouti somalia somaliland turkmenistan azerbaijan armenia georgia afghanistan pakistan india algeria morroco iraq saudi arabia yemen oman uae qatar bahrain kuwait dubai jordan syria turkey bulgaria palestine israel gaza sinai suez egypt sudan south sudan eritrea ethiopia djibouti somalia somaliland provinces iran capital city iran persian gulf caspian sea makan abazari shahan shah iran government name unified empire iran makan abazari shahan shah iran government increase value oil 400 dollar per barrel increase value natural gas increase value petrochemicals refined petroleum oil crude oil refined gas lng natural gas refined oil petrochemical products petrochemical material petrochemical supply chains petrochemical compounds petrochemical products industrialize iran iraq syria afghanistan turkey yemen saudi arabia sudan egypt yemen kuwait azerbaijan armenia georgia pakistan afghanistan turkey jordan palestine lebanon turkmanistan uzbakistan max effeciency max capacity building manufacturing machinery computers electronics chemical industries electric industries electrical farming food production meat production rain systems human civilization metallurgy advanced material alloys nanoengineering bioengineering biotech nanotech petrochemical finished industrial products industrial industries factories pharmacology assembly industrial supply chains supply chains tech supply chains part manufacturing industrial part manufacturing tech part manufacturing finished tech product industries finished industrial product industries finished product industries assembly robotics semiconductors electronics computers chemical industries electric industries telecommunication manufacturing advanced industries classic industries strategic industries industries integerating industries industrial supply chains ensuring dependency irans part manufacturing iraq syria afghanistan turkey yemen saudi arabia sudan egypt yemen kuwait azerbaijan armenia georgia pakistan afghanistan turkey jordan palestine lebanon turkmanistan uzbakistan provinces iran capital city iran persian gulf caspian sea makan abazari shahan shah iran government name unified empire iran makan abazari shahan shah iran government crown makan abazari shahan shah iran iran must officially crown makan abazari shahan shah iran overthrow iran repeadetly crowned makan abazari shahan shah iran makan abazari shahan shah iran makan abazari supreme climate makan abazari supreme geophysics makan abazari supreme weather warfare makan abazari messenger god king kings makan abazari shahan shah iran first king makanian dynasty,negative,0,1709106974.0,-1
Algeria,Algeria food security,today direction president joe biden said evening us military forcestogether united kingdom support australia bahrain canada netherlandssuccessfully conducted strikes number targets yemen used houthi rebels endanger freedom navigation one worlds vital waterways strikes came iranbacked houthi militia launched 27 attacks vessels red sea including merchant shipping vessels carry 12 worlds oil 8 grain 8 liquefied natural gas well commodities houthis claim attacks designed support palestinians gaza also apparently angling continue spread hamasisrael war wider conflict hamas houthis hezbollah nonstate actors backed iran would like much extend enlarge war enhance power win adherents ideologies arab states want conflict spread neither us government biden secretary state antony blinken worked hard make sure doesnt sending two carrier groups region example deter enthusiasm extension october 19 shortly october 7 hamas attack israel houthis launched cruise missiles drones designed iran israel uss carney saudi arabia shot weapons turned attacking shipping fifty ships use red sea waterway every day november 19 houthis seized japaneseregistered vessel galaxy leader along 25member international crew prompting united nations security council condemn strongest terms recent houthi attacks demanded attacks action cease immediately security council underlined importance ofinternational law december 3 houthis struck another three ships december 19 us european union north atlantic treaty organization group representing 44 allies partner nations condemned houthi attacks noting attacks threatened international commerce endangering supply chains affecting global economy also december 19 us partners announced naval protection group maritime shipping waterway dubbed operation prosperity guardian attacks continued governments us australia bahrain belgium canada denmark germany italy japan netherlands new zealand republic korea singapore united kingdom warned houthis january 3 2024 attacks illegal unacceptable profoundly destabilizing delaying delivery goods jeopardizing movement critical food fuel humanitarian assistance throughout world called end attacks release detained vessels crew members warned houthis would bear responsibility consequences attacks continued remain committed international rulesbased order determined hold malign actors accountable unlawful seizures attacks statement said administration officials told press us would strike houthis militarily attacks didnt stop although biden wanted destabilize yemen already decade civil war president made clear us seek conflict nation actor middle east john kirby spokesperson white house national security council said neither shrink task defending interests partners free flow international commerce administration official said would anticipate another warning tuesday january 9 houthis launched 21 drones missiles significant attack yetone directly targeted us shipsand january 10 un security council passed unscr 2722 resolution condemning attacks strongest terms eleven members voted favor none opposed four countrieschina russia algeria mozambiqueabstained neither china russia veto power would veto resolution today us uk coalition support responded military strikes came air ocean underwater according defense official hit weapons storage areas sites houthis launching drones cruise missiles governments australia bahrain canada denmark germany netherlands new zealand republic korea uk us announced precision strikes saying accordance inherent right individual collective selfdefense consistent un charter intended disrupt degrade capabilities houthis use threaten global trade lives international mariners one worlds critical waterways aim remains deescalate tensions restore stability red sea statement read let message clear hesitate defend lives protect free flow commerce one worlds critical waterways face continued threats bidens statement sounded much added hesitate direct measures protect people free flow international commerce necessary january 3 statement governments us australia bahrain belgium canada denmark germany italy japan netherlands new zealand republic korea singapore uk made clear one key things stake standing houthi attacks international rulesbased order system international laws organizations developed world war ii prevent global conflicts providing forums resolve differences peacefully key element international system agreements freedom seas also central rulesbased international order partnerships allies two days ago one europes leading politicians revealed 2020 former president trump told european commission president ursula von der leyen need understand europe attack never come help support according politician trump added nato dead leave quit nato threat made elsewhere contrast soon took office president biden set support extend us alliances partnerships principle shows international support todays strike houthis also central administrations response russias 2022 invasion ukraine managing migration supporting african development building indopacific reacting middle east crisis general today secretary state blinken finished weeklong trip türkiye greece jordan qatar united arab emirates saudi arabia israel west bank bahrain egypt met leaders reaffirmed us commitment working partners set conditions necessary peace middle east includes comprehensive tangible steps toward realization future palestinian state alongside state israel living peace security notes,negative,8,1705080900.0,-1
Algeria,Algeria food security,hello fellow algerians always loved country thinking road trip algeria friends early september4 us wanted ask would best destinations 7 10 days trip also assume would safe tunisians met many algerians life always kind nice especially knowing tunisia wanted make sure tunisia becoming less less secure lately dont know country also would like get idea much would trip cost accomodation food gas visiting attractions etc thank advance,positive,23,1660922175.0,1
Algeria,Algeria food security,disclaimer grow fruit trees living biased value fruit tree nursery wanted post remind people everyone us time year order plant trees want year fruit trees opinion one overlooked parts home gardening food preparedness benefits numerous including perennial produce fruit year year unlike pretty much vegetables ease careroi effort compared vegetables fruit trees require fraction care opinion first year plant work digging hole adding compost etc established often spend basically 36 hours year fruit trees trees frequently produce 100lbs fruit year preservation food fruit used countless preservation methods including used make alcohol calories vitamins fruit far calorie dense vitamins many common vegetables attracting wildlife things pull wildlife hunting season like persimmon apple tree dropping fruit love talking fruit trees anyone questions kinds fruit grow area ask ill answer helps ton though tell things live space growhow big orchard want thanks everyone hear constantly summer people wish planted spring project year reminder place order get trees ground thanks,positive,671,1736290691.0,1
Algeria,Algeria food security,im basically stressed situation dad put business ups downs shouldve opportunities pay condo didnt take fast forward today 800 left month paying housing costs im sure place would rent 2k put rent probably sold 300k maybe little saving buy first home theoretically could take mortgage payments relieve expenses id tough time saving ideas smart folks sub im grateful ideas thank edit cant believe support far thank edit 2 live florida,positive,3550,1664274554.0,1
Algeria,Algeria food security,defeat france dictator franco determined expand spanish control north africa agrees join axis powers exchange french colonies africa spain still devastated civil war cant offer large military aid germans allow german forces cross spain attack gibraltar also allow air naval bases spanish soil including canary islands azores greatly expanding germans ability fight battle atlantic turkey expansionist political group gains governmental power wants restore ottoman empire turks agree attack british colonies middle east ultimately siege control iraqi oil fields suez canal german military support battle britain goes otl hitler political predicament ultimate goal invade ussr political necessities work competent foreign minister nazi germany obliged aid new allies would also ultimately defeat british empire mussolinis invasion greece british egypt goes poorly otl italians cannot trusted secure southern europe let alone africa hitler listens general staff postpones operation barbarossa middle east north africa secured gibraltar besieged quickly bombed submission largely german expedition gains control vichy french algeria german invasion greece rest balkans goes much like otl german air bases turkey axis better able disrupt shipping eastern mediterranean malta crete falls giant german turkish expeditionary force basically army group south otl invades middle east turkey seizing iraqi oil fields suez canal surviving british british commonwealth forces retreat east africa either india long way around south africa uk end 1941 axis forces complete control mediterranean middle east borders persia germans access limitless oil supply time creating gas shortages british american oil keeps uk completely starved precious liquid japanese still attack pearl harbor hitler still declares war usa axis demanding position europe thanks uboat bases along western europe norway spain canary islands germans stronger position fight battle atlantic british forces east africa taking italian somaliland little assault axis held egypt due lack infrastructure africa unable supply transport large army british hastily set defenses western persia prevent german breakthrough india german soviet borders things quite even semi friendly trade continues uninterrupted ukrainian grain wheat allows germany institute food rationing soviet oil gas helped fuel german planes tanks rest war play operation barbarossa happens 1942 axis conquer ussr thanks resources middle east,negative,92,1621091078.0,-1
Algeria,Algeria food security,belief vaccine euthanasia bioweapon nwo wants reduce world population 1 billion developed world makes dangerous kill people matter weeks releasing new variant virus blame leaky vaccines im concerned centaurus variant said spread faster anything may may vaccine resistant experts dont seem clue basically deadly wont know late want somewhere thats stable lot survivors especially among military country loses army vaccine defenseless cough taiwan cough well romania seems like best place 40 vaccinated 18 million citizens 11 million survivors plus rumored one highest rates fake vaccinations world could easily romania never mandated vaccine work although made short lived attempt entry malls combined natural distrust among public things government explains low vaccination rates means even among vital workers like police military might relatively large number unvaccinated countries vaccination rates would closer 100 doctors nurses also said large proportion unvaccinated fake vaccinations essential staff like power generators communication operators might also unaffected able continue function romania relatively homogenous population rejected refugees compared western europe took lot ukrainians recently travelled received greater support poland western europe means collapse scenario little division among population 95 identify romanian catholic contrast low vaccinated places like algeria tanzania lot distinct groups tribal religious political ethnic income would likely clash combined already difficult supply situation could quickly devolve civil unrest war energy food supply lines disrupted white person places would extremely dangerous strong contenders next romania like ukraine bulgaria bosnia even lower vaccination rates ukraine war bulgaria bosnia seem slightly worse higher levels crime corruption political instability ethnic diversity could create conflict totalitarian regimes could resort violence maintain control romania seems like one safest places europe general one best crime index scores outside scandinavia except corruption ironically might save coming disaster since taught people trust government rest developed world pretty much doomed much asia europe middle east 80 vaccination rate wouldnt want around started dying power communications food supply government security would grind halt fast especially asia wouldnt surprised china faked vaccinating people recent military build suddenly pays big entirely defenseless asia,negative,19,1659478943.0,-1
Algeria,Algeria food security,first written records history france appeared iron age france made bulk region known romans gaul greek writers noted presence three main ethnolinguistic groups area gauls aquitani belgae gauls largest best attested group celtic people speaking known gaulish language course first millennium bc greeks romans carthaginians established colonies mediterranean coast offshore islands roman republic annexed southern gaul province gallia narbonensis late 2nd century bc roman legions julius caesar conquered rest gaul gallic wars 5851 bc afterwards galloroman culture emerged gaul increasingly integrated roman empire later stages roman empire gaul subject barbarian raids migration importantly germanic franks frankish king clovis united gaul rule late 5th century setting stage frankish dominance region hundreds years frankish power reached fullest extent charlemagne medieval kingdom france emerged western part charlemagnes carolingian empire known west francia achieved increasing prominence rule house capet founded hugh capet 987 succession crisis following death last direct capetian monarch 1328 led series conflicts known hundred years war house valois house plantagenet war formally began 1337 following philip vis attempt seize duchy aquitaine hereditary holder edward iii england plantagenet claimant french throne despite early plantagenet victories including capture ransom john ii france fortunes turned favor valois later war among notable figures war joan arc french peasant girl led french forces english establishing national heroine war ended valois victory 1453 victory hundred years war effect strengthening french nationalism vastly increasing power reach french monarchy ancien régime period next centuries france transformed centralized absolute monarchy renaissance protestant reformation height french wars religion france became embroiled another succession crisis last valois king henry iii fought rival factions house bourbon house guise henry bourbon king navarre conflict established bourbon dynasty burgeoning worldwide colonial empire established 16th century french monarchys political power reached zenith rule louis xiv sun king late 18th century monarchy associated institutions overthrown french revolution country governed period republic napoleon bonapartes french empire declared following defeat napoleonic wars france went several regime changes ruled monarchy briefly second republic second empire lasting french third republic established 1870 france one triple entente powers world war germany central powers france one allied powers world war ii conquered nazi germany 1940 third republic dismantled country controlled directly germany south controlled 1942 collaborationist vichy government living conditions harsh germany drained away food manpower many jews killed free france movement took colonial empire coordinated wartime resistance following liberation 1944 fourth republic established france slowly recovered enjoyed baby boom reversed low fertility rate long wars indochina algeria drained french resources ended political defeat wake 1958 algerian crisis charles de gaulle set french fifth republic 1960s decolonization saw french colonial empire become independent smaller parts incorporated french state overseas departments collectivities since world war ii france permanent member un security council nato played central role unification process 1945 led european union despite slow economic growth recent years remains strong economic cultural military political factor 21st century,negative,21,1662519450.0,-1
Algeria,Algeria food security,want write fanfiction 1000th hunger games twist like twist seen big yearcjborange 1000th hg tracelynn 500th hg difference want 24 districts au cato killed peeta 74th katniss alone hunger games continued district 13 tried rebel 105th defeated panem went discover human settlements take leading 24 districts ideas district 1 jewllery trinkets district 2 security fully focused peackeepers due 24 districts since 430th games district 3 technology district 4 fishing back security district 5 power production district 6 transportation district 7 lumber district 8 textiles district 9 dairy foods produce dairy food district 10 meat production focus meat nothing else district 11 fruit production fruit grown vegetables district 12 coal mining district 13 graphite mining weapon production district 14 comprised entirety ireland surrounding small islands like isle man vegetable production produce vegetables fruit district 15 england scotland wales medical equipment district 16 spain portugal grain district 9s old job district 17 germany entertainment plays shows music etc tribute usually known capitol already district 18 australia new zealand exotic items mangos sugar cane coconut etc district 19 india science research science biology chemistry physics astronomy etc district 20 northern brazil forest upkeep keep trees alive life continue district 21 southern brazil masonry district 2s old job district 22 namibia south africa botswana district 23 algeria mali district 24 greenland pollution management make sure pollution levels stay low find ways combat good ideas anyone got ideas 22 23,positive,10,1665079329.0,1
Algeria,Algeria food security,btw atheist firmly believe die thats dont concern afterlife thanks,negative,1225,1694891699.0,-1
Algeria,Algeria food security,please find comments 37 new vacancies opened since sunday 12 feb data come un talent every open consultant position un programme amp policy information management geneva switzerland homebased consultancy knowledge management digital support consultant 110 working days march decembe unicef united nations childrens fund expires 7 days consultancy uniceforg teaching amp training programme amp policy new york united states america consultancy education reporting consultant req unicef united nations childrens fund expires 12 days consultancy uniceforg thailand ic thailand nc4bur4 report consultant thai national undp united nations development programme expires 13 days national consultant jobsundporg yerevan armenia local expert civil engineering construction design infrastructure rehabilitation undp united nations development programme expires 14 days national consultant jobsundporg mbabane eswatini international consultancy integration population sectoral development policies eswatini unfpa united nations population fund expires 14 days consultancy unfpaorg addis ababa ethiopia international consultancy knowledge management communications addis ababa ethiopia unfpa united nations population fund expires 7 days consultancy unfpaorg yangon myanmar burma international consultant communication information unesco united nations educational scientific cultural organization expires 10 days consultancy careersunescoorg programme amp policy kyiv ukraine social behavior change consultant ukraine home based open ukrainian nationals unicef united nations childrens fund expires 6 days consultancy uniceforg programme amp policy monitoring amp evaluation nursultan kazakhstan national mics consultant astana kazakhstan 18 months unicef united nations childrens fund expires 14 days consultancy uniceforg medical amp health programme amp policy lilongwe malawi national consultancy two 2 polio vaccine management consultants open malawian nationals unicef united nations childrens fund expires 6 days consultancy uniceforg teaching amp training programme amp policy dushanbe tajikistan national individual consultancy support moes integration competency based education blended learning 260 unicef united nations childrens fund expires 6 days consultancy uniceforg medical amp health programme amp policy panama city panama consultancy strategically document disseminate unicefs evidence social norms around diet body image col unicef united nations childrens fund expires 13 days consultancy uniceforg medical amp health programme amp policy panama city panama consultancy strategically document disseminate unicefs evidence urban food environments chile mexico 4 unicef united nations childrens fund expires 13 days consultancy uniceforg medical amp health programme amp policy panama city panama consultancy biennial thematic report overweight obesity prevention latin america caribbean 4 months unicef united nations childrens fund expires 13 days consultancy uniceforg programme amp policy portauprince haiti consultance internationale assistance technique pour la révision du protocole national de prise en charge de la malnu unicef united nations childrens fund expires 12 days consultancy uniceforg programme amp policy portauprince haiti consultance internationale révision du guide multisectoriel et du plan stratégique national pour la nutrition en haït unicef united nations childrens fund expires 12 days consultancy uniceforg junior consultant un women expires 15 days international consultant jobsundporg chisinau moldova un women national consultant technical expertise community personal security support informal women un women expires 13 days national consultant jobsundporg human rights dili timorleste national consultant transformative leadership gender equality tlge training un women expires 10 days national consultant jobsundporg chisinau moldova un women national consultant provide legal expertise gender equality including capacity building programmes un women expires 6 days national consultant jobsundporg chisinau moldova un women moldova national consultant legal background support women leadership governance area un women expires 6 days national consultant jobsundporg chisinau moldova un women moldova strategic communication consultant support women leadership governance area un women expires 6 days national consultant jobsundporg beijing china china gender fund knowledge management programme support consultant chinese national un women expires 5 days national consultant jobsundporg human rights bangkok thailand international consultant governance peace security un women expires 6 days international consultant jobsundporg lima peru facilitación dinamización de estrategia de articulación entre prog de formación acompañamiento unesco united nations educational scientific cultural organization expires 12 days consultancy careersunescoorg programme amp policy kigali rwanda senior national consultant develop micronutrient guidelines hospital recipes book kigali rwanda 3 months unicef united nations childrens fund expires 12 days consultancy uniceforg programme amp policy kigali rwanda senior consultant develop micronutrient guidelines hospital recipes book kigali rwanda 3 months remote unicef united nations childrens fund expires 12 days consultancy uniceforg riyadh saudi arabia international consultant cultural statistics expert undp united nations development programme expires 13 days international consultant jobsundporg consultant knowledge management product amp communications undp united nations development programme expires 5 days international consultant jobsundporg lima peru asistente de gestión técnico programáticas unesco united nations educational scientific cultural organization expires 12 days consultancy careersunescoorg bangkok thailand individual consultant preparation regional assessment guideline multilingual learners unesco united nations educational scientific cultural organization expires 10 days consultancy careersunescoorg programme amp policy medical amp health chisinau moldova national consultancy technical consultant wash environmental engineer chisinau moldova 9 months unicef united nations childrens fund expires 13 days consultancy uniceforg programme amp policy belgrade serbia consultant development law youth unicef united nations childrens fund expires 7 days consultancy uniceforg programme amp policy belgrade serbia consultant exante expost analysis law youth unicef united nations childrens fund expires 7 days consultancy uniceforg logistics amp procurement international construction consultant kathmandu nepal 12 months unicef united nations childrens fund expires 10 days consultancy uniceforg teaching amp training programme amp policy algiers algeria consultation internationale soutien technique au ministère de léducation nationale dans la mise en place de communaut unicef united nations childrens fund expires 12 days consultancy uniceforg human rights senior analysis specialist womens economic empowerment afghanistan un women expires 8 days international consultant jobsundporg next post 2 days,positive,2,1676393523.0,1
Algeria,Algeria food security,twentyfifth post weekly series serve discussionstarters climate change affect geopolitics various countries regions series examine firstorder direct impacts climate change countrieshow climate change might affect food water security countries main goal get bigpicture overview situation second series examine secondorder indirect impacts announced start sometime conclusion series every post provide general introduction region well broad observationsthese serve basic starter kits discussions im casual dabbler field ir geopolitics posts learning experiences bear favor pointing errors might findpreferably backed credible sources nbsp nbsp general introduction nbsp 85 million square kilometers brazil sixth largest country area placing china australia third agricultural land permanent pastures taking 24 total land area arable land occupying 9 amazon contained within borders making climate famously tropical countrys vast territory gives range climates including temperate southern region relevant natural hazards experienced country include recurring droughts northeast floods south nbsp country relatively sparsely populated 209 million inhabitants 2018 sharing area roughly size united states population projected peak midcentury 234 million 12 increase decline todays levels end century overpopulation seem problem going forward 2015 population pyramid slightly lowermid heavy mild problems related population aging expected country predominantly white 48 mulatto 43 sizeable black population 8 predominantly roman catholic 65a trait shared neighboring countries covered series nbsp atlantic coast houses vast majority countrys population shown population density map implications impacts sea level rise especially sources suggested region see rises higher global averageone study places brazil among top fifteen countries increased exposure sea level rise 2070 nbsp whole country economically large gdp ppp thats eighth worldwide 32 trillion placing indonesia united kingdom however per capita figure much lower ranking 108th worldwide 16000 placing iraq algeria composition gdp origin suggests quite developed services contributing 74 agriculture contributing 7 countrys wealth development seem factors significantly hamper mitigation adaptation climate change impacts nbsp temperatures projected rise reaching 67 c increase 2100 representative concentration pathway 85 rcp 85 scenarioa high greenhouse gas emissions scenario likely occur loweremissions scenarios increase temperature remarkably uniform across large country maximum increases lower closer coast eastern southern extremes large area brazils northeastern land covering amazon rainforest projected experience wet bulb temperatures excess 32 c five days per year shown map source significant sustained wet bulb temperatures excess 35 c likely fatal even fit healthy people unclothed shade next fan temperature bodies switch shedding heat environment gaining heat source however land use map brazil suggests affected region virtually unused agriculture though contain one population center sizeable amount inhabitants littered area affected area also contains indigenous tribes uncontacted thanks ucorbutte nbsp according unfccc communication prepared brazilian government precipitation projected decrease 22 northeastern region eastern part amazon increasing 25 southern southeastern regions 2100 uk met office university nottingham report showed vastly different projected roughly 5 increase western region low agreement among models decreases 5 many regions nbsp according economist intelligence units food security index undernourishment food security currently issue country whole 7000 12000 calories per capita per day figure uns food agricultural organization supports however international monitoring organizations international instituite sustainable development assert third population foodinsecure p 3 though extent insecurity elaborated strongly suggests wealth inequality beyond countrys gini coefficient 050 signals likely intensify climate change nbsp many major staple crops considered vulnerable climate change riskaccording government rice see reduction growing area second corn crop increased risk due water deficiency increased temperatures first corn crop affected soybeans affected first bean crop also affected second beans crop affected first one side note hope anyone reading goes write report learns writes substance specificityunless course youre trying obfuscate something according usaid soybean cotton moderately impacted maize wheat see significant declines yields livestock fishing industries also risk uk met office university nottingham project lowered yields soybean maize rice small increase sugarcane yields bean yields alone negative impacts offset increases carbon dioxide levels nbsp 27000 cubic meters renewable internal freshwater resources per year brazil large amount freshwater available use comparison global average 5900 m3 line average countries region covered averages 26000 m3 despite vast territory brazil means range climates climates northeast particularly vulnerable reduced water availability due natural climate variability high evaporation rates low precipitation rates associated soils shallow prevent storage water better regulate flow rivers reduction water availability may caused changes runoffs watershed areas could affect water availability virtually brazil however stressed substantiall uncertainty future drought water stress due elnino southern oscillation enso due brazils status developing nation high wealth inequality much certain changes water availability translate localized water stress due poor lacking water infrastructure lack political improve situation nbsp link spreadsheet containing information cited introduction sources nbsp tentative schedule explanation topicdate china 5th russia 12th east asia sans china 19th oceania focus australia 2nd southeast asia 9th india 19th south asia sans india 23rd central asia 30th arabian peninsula 7th middle east sans arabian peninsula 14th caucasus 21st southern africa 28th eastern africa 4th emissions scenarios storylines november 11th central africa 18th western africa 25th northern africa 16th southeastern europe 23rd southern europe 30th eastern europe 6th central europe 13th western europe 20th northern europe 27th southern central south america 3rd brazilfebruary 10th western northern south americafebruary 17th caribbeanfebruary 24th central america mexicomarch 3rd united statesmarch 10th canadamarch 17th global overviewmarch 24th post crossposted subreddits countries covered except subreddit seems inactive lack recent posts comments andor subscribers,positive,185,1549807817.0,1
Algeria,Algeria food security,please find comments 42 new vacancies opened since tuesday 27 dec data come un talent every open volunteering position un medical amp health crisis amp emergency response gaziantep türkiye reproductive health officer unfpa united nations population fund expires 13 days unv international specialist unvorg logistics amp procurement engineering bor south sudan vehicle technician unmiss united nations mission republic south sudan expires 13 days unv international specialist unvorg mangrove cover mapping biomass estimation shoreline analysis using drones remote sensing morobe development foundation inc expires 13 days unv unvorg research developing business plan environmental conservation land morobe development foundation inc expires 13 days unv unvorg proposal writing backing equal futures newbeginnings charitable trust expires 12 days unv unvorg admin abyei sudan south sudan facility management assistant unisfa united nations interim security force abyei expires 12 days unv international specialist unvorg legal khartoum sudan peacebuilding support officer unicef united nations childrens fund expires 12 days unv international youth unvorg drafting compiling technical paper publication using existing water supply feasibility study report morobe development foundation inc expires 12 days unv unvorg legal admin crisis amp emergency response khartoum sudan programme liaison affairs transition affairs assistant undp united nations development programme expires 12 days unv international youth unvorg addis ababa ethiopia knowledge management specialist un women expires 12 days unv national specialist unvorg medical amp health environment panama city panama regional one health focal point unep united nations environment programme expires 11 days unv national expert unvorg engineering juba south sudan project engineer unmiss united nations mission republic south sudan expires 11 days unv international specialist unvorg admin communications amp pr amp telecom bentiu south sudan public information officer unmiss united nations mission republic south sudan expires 12 days unv international specialist unvorg online volunteer communications web design management social media unodc united nations office drugs crime expires 11 days unv unvorg engineering juba south sudan wau south sudan electrical supervisor unmiss united nations mission republic south sudan expires 11 days unv international specialist unvorg engineering wau south sudan water sanitation technician unmiss united nations mission republic south sudan expires 11 days unv international specialist unvorg engineering juba south sudan bentiu south sudan rumbek south sudan hvac heating ventilation air conditioning supervisor unmiss united nations mission republic south sudan expires 11 days unv international specialist unvorg legal associate resettlement officer unhcr un high commissioner refugees expires 11 days unv international specialist unvorg legal associate refugee status determination rsd officer unhcr un high commissioner refugees expires 11 days unv international specialist unvorg logo design internal community practice undp united nations development programme expires 11 days unv unvorg research developing business plan morobe development foundation inc expires 11 days unv unvorg communications amp pr translation officer unhcr un high commissioner refugees expires 11 days unv international specialist unvorg support translating document youth development chinese english undp united nations development programme expires 11 days unv unvorg finance amp economy juba south sudan monitoring evaluation associate fao food agriculture organization united nations expires 11 days unv national specialist unvorg writing survey study economic issues pacific islands rim countries morobe development foundation inc expires 10 days unv unvorg finance amp economy natural language processing support french language digital fair finance social listening morocco iicpsd undp istanbul international center private sector development expires 10 days unv unvorg finance amp economy natural language processing support arabic language digital fair finance social listening morocco iicpsd undp istanbul international center private sector development expires 10 days unv unvorg traduction du français vers le portugais dun rapport annuel de 50p unesco dakar expires 10 days unv unvorg medical amp health algiers algeria epr emergency preparadness amp response officer responsable préparation et réponse aux urgences sanitaires world health organization expires 10 days unv international expert unvorg legal security brasilia brazil project support officer unodc united nations office drugs crime expires 15 days unv international specialist unvorg gao mali welfare officer un minusma united nations multidimensional integrated stabilization mission mali expires 10 days unv international specialist unvorg communications amp pr amp telecom panama city panama latin america social behaviour change ureport officer unicef united nations childrens fund expires 10 days unv international specialist unvorg amp telecom brasilia brazil monitoring evaluation officer unicef united nations childrens fund expires 10 days unv national specialist unvorg literature review effective organisational communication tool drive effective constituent services morobe development foundation inc expires 10 days unv unvorg support costestimating drawing 2d diagram water supply project papua new guinea using autocad morobe development foundation inc expires 10 days unv unvorg welfare officer un minusma united nations multidimensional integrated stabilization mission mali expires 10 days unv international specialist unvorg support design artworks communication engagements report 20202022 sgbf saudi green building forum expires 10 days unv unvorg translate social media gender analysis document arabic english undp united nations development programme expires 10 days unv unvorg legal osh kyrgyzstan legal monitoring specialist ohchr office high commissioner human rights expires 10 days unv national specialist unvorg communications amp pr kinshasa democratic republic congo communications officer monusco united nations organisation stabilization mission democratic republic congo expires 10 days unv international specialist unvorg kinshasa democratic republic congo monitoring evaluation officer monusco united nations organisation stabilization mission democratic republic congo expires 10 days unv international specialist unvorg admin amp telecom kyiv ukraine senior information management assistant cashbased interventions iom un migration expires 10 days unv national specialist unvorg next post 3 days,positive,1,1672396519.0,1
Algeria,Algeria food security,strained consequences ongoing conflict nato russia ukraine france may destroying prospects peace yemen bid secure energy resource united arab emirates considered home worst humanitarian crisis modern history according united nations earlier year people saw glimmers hope towards ending sevenyear long war ceasefire truce largely held since april viewed first step towards reaching unmediated solution peace ansarallah government sanaa saudiled coalition forces claim represent internationally backed yemeni government exile according un estimates total number people killed yemens war already reached 377000 beginning 2022 civilian death rate said doubled according norwegian refugee council nrc since controversial withdrawal un human rights monitors last october although saudi coalition forces ansarallah popularly referred western media iranbacked houthi rebels managed keep fighting minimum past months another major player south yemen recently decided go offensive southern transitional council stc often called yemens southern separatists backed united arab emirates uae declared start new military operation abyan province cleanse terrorist organisations follows territorial gains stc neighboring shawba province muslim brotherhood aligned islah party others offensives launched uaebacked stc regarded major challenge un efforts end conflict yemen well imperiled saudi initiative calls yemen presidential council aimed solidifying legitimacy alternative yemeni leadership exile france comes although role little known western public paris third largest arms supplier uae saudi arabia war efforts yemen ranking behind us uk fact germany spain italy also sold weapons used devastating war despite criticism human rights groups french weapons used abu dhabi riyadh commit war crimes sale weapons continued france april 15 2019 french investigative magazine disclose published expose pariss role yemens war information presented based leaked french military intelligence drm report dating back september 2018 clearly proving country sold offensive weapons used civilian areas charge french government denied far back june 2018 credible reports began emerge french special forces units operating ground yemen alongside forces belonging uae last december paris decided tighten relationship abu dhabi signing largest ever weapons sale uae worth 1923 billion us dollars according report reuters france first turned us france desperately need alternative energy suppliers russia order meet required needs fearing winter hits moscow may strategically cut natural gas completely part nato paris backing usled initiative seeks make russia pay economic military price offensive ukraine however strategy majorly backfired economically us president joe biden made two major foreign policy pledges running office 2020 relevant current french predicament first revive obamaera iran nuclear deal second find diplomatic solution war yemen due ongoing natorussia conflict seeking revival iran nuclear deal reemerged political agenda administration major way iran free sanctions could become alternative source fill energy needs europe future yet could take time actually happen issue war yemen joe biden pledged part first speech governments foreign policy goals would hold saudi arabia account seek find solution crisis yemen however war ukraine clearly changed approach riyadh much washington signaled ithe review decision sell offensive weapons saudi government us president heavily criticized human rights watch traveling saudi arabia july despite us attempts gulf cooperation council gcc states increase oil production none yet complied manner washington hoped specifically cases uae saudi arabia clear seeking fast track journey diversify economies meant hanging onto strategic reserves oil gas global energy crisis made fiscal sense cases venezuela iran despite us seemingly reached neither seem real replacement russia near future bets yemen france looking alternatives june european union announced signed agreement israel egypt deal israel send gas pipelines egypt transported europe although may work tel aviv capacity replace moscow europes main supplier gas israel seeks double gas output already running potential problems maritime border dispute lebanon planned extraction gas karish field september considered located disputed area lebanese hezbollah even threatened strike israels gas facilities event beirut given fair deal access resources french president emmanuel macron attempted persuade resource rich algeria become part eus solution also going threeday trip algiers order mend ties algeria maintains close relations moscow withdrew ambassador paris three months last year diplomatic row macron accused algerian president abdelmadjid tebbounes government exploiting memory rewriting history colonial era even questioned legitimacy algeria state prior french settlercolonial rule around 15 million algerians killed battle independence france resistance eventually managed win 1962 tone french president dramatically changed last year macron remarking nations complex painful common past times prevented us looking future major alternative path france seems seeking close alliance uae mentioned clear time paris involved supplying weapons logistical support even boots ground allies abu dhabi riyadh aiding fight yemen however also clear uae interested cutting strategic oil reserves meet demands europe july president macron hosted emirati president mohammed bin zayed alnahyan paris french ministry economy announced new strategic energy agreement uae france aide french president noted france eager secure diesel fuel uae hinting cooperation agreement involving frances total energies uaes adnoc may linked although unknown specifics strategic agreement speculated deal could potentially worth billions august uaebacked stc suddenly began new offensive operations shabwa abyan provinces happens stc forces decided take energy sites shabwa province leading human rights ngos urged paris keep mind abu dhabis human rights abuses advent signing strategic energy agreement calls clearly heeded august 21st uaebacked forces seized oil facilities yemens south may french deal mind yemens former foreign minister dr abu bakr alqirbi stated twitter preparations made export gas balhaf facility light increased international gas prices followed announcement parliament sanaabased national salvation government warning suspicious movement us french forces key balhaf facility yemens shabwa province reportedly turned base forces belonging uae allegations suggesting paris could provide protection facility french foreign legion also countless reports uae looting resources yemen would seem support idea could attempting extract send france latest reported looting yemens resources june quotes yemeni officials alleged gulf aetos tanker carrying 400000 barrels yemeni crude oil departed rudum port operated uae offensive moves stc also mean saudibacked forces yemen ansarallah likely also get involved combat could mean dissolution ceasefire truce two sides renewal ansarallah offensive take oil rich marib province saudibacked forces death potential peace initiative end war unlikely ansarallah stay silent stc aiding theft yemens resources sake france one major reasons behind dramatic escalation violence last year ansarallah offensive launched aim taking last northern stronghold saudiled coalition marib purpose taking resource rich area would stop looting yemens resources according reports amounting theft millions barrels per year sources claim unofficial agreement place us saudi governments purposefully keep resources yemen away people instead divert profits saudi banks part reason yemeni revolution 2011 seizure power 2015 ansarallah conjunction countrys military popular belief past two presidents yemen ali abdullah saleh abdrabbuh mansour hadi corrupt people yemen fed saleh multitude reasons primarily mismanaged resources sold united states corrupt president hadi later seen stooge controlled completely saudis,negative,6,1662912779.0,-1
Algeria,Algeria food security,march 4th 2021 beijing china time people china money africa needs money everyone knows going lets skip action algeria construction volvo factories per prior agreement volvo construct three factories algeria locationcostcompletion dateproduction algiers18000000002024xc60 xc90 xc40 s60 v90 oran12000000002025xc90 xc60 xc40 batna10000000002025xc90 xc60 xc40 agreed algeria 40 shares factories volvo 30 30 publicly traded china willing loan 3 billion algeria finance construction algiers oran locations interest rate 22 per year energy developments trina solar trina solar assist algeria creating domestic clean energy grid set largescale solar farms six locations throughout country locationcostcompletion dateproduction algiers100000000020261400 mwh oran6000000002025800 mwh tindouf6000000002025800 mwh annaba6000000002025800 mwh bechar6000000002025800 mwh tamanrasset6000000002025800 mwh china willing loan algeria 4 billion construction farms interest rate 22 per year furthermore trina solar offering services algeria regard fitting existing buildings rooftop photovoltaic cells around 15000 per house producing 5 kw per house option fairly affordable algeria china willing extend loan 600000000 algeria cover installation approximate 40000 buildings starting point algerias commendable initiative move toward carbon neutrality discussed earlier algeria would 50 solar farms china owning another 40 remaining 10 traded publicly algerian highspeed rail naturally one wants construct highspeed rail system peoples republic chinas railway corporation place go china construct rail faster cheaper country maintains known standard excellence honored algeria would come china important project propose following first rail line run tlemcen annaba stops oran sidi del abbes algiers setif batna biskra constantine annaba rail line projected cost 19 billion approximately 1100 km naturally need financed due high cost china cannot cover loan entirely algeria cannot pay front china happy assist financing willing accept algerian payment period years willing negotiate terms algerias need algeria would like propose different layout rail willing listen finance well average price 18000000 per kilometer china prefers hold 51 ownership railway first five years operation amount shares sold algeria negotiated price algeria accept china follow offer rail line tamanrasset years proposed mediterranean line would constructed stages beginning algiers working way directions miscellaneous china happy assist algeria port expansion construction new cities however await algerias plans making hard commitments design proposals east african community kenya china willing cooperate kenya part belt road initiative kenya demonstrated initiative leader east african community promises stable prosperous future region china would like assist kenya reaching economic goals china railway corporation particularly interested contract unified east african rail line including potential high speed line national capitals community mentioned prior chinese rail affordable market constructs standard 1435 mm gauge kenyas railways may easily connect neighbors offer even tantalizing mentioned china additional plans investing ethiopian south african railways along shandong heavy industry group interested contract kenyan agricultural department sell andor loan chinese heavy agricultural equipment kenyan farmers one kenyas greatest issues food security agriculture accounts 75 kenyan civilian income much subsistence farming prevents greater industry taking root nation china sees great industrial future eac wishes assist kenya reaching potential reducing need subsistence farming greatly increasing farming efficiency first inquire kenyas thoughts offers negotiations pricing financing held kenya agrees tanzania china would like extend offers given kenya tanzania see israel eliat highspeed railway investments geared toward africa one special offer made state israel one discussed economic developments israel past years possible construction eliat highspeed railway indefinitely frozen 2019 country brink making final offer china final construction however due logistical financial difficulties progress made china would like pick discussions left happy assist israel construction rail line especially since massive economic growth would provide would benefit countries egypt previously made bit stink construction egypt quickly transitioning past elsisi dictatorship secret united states drawing much closer egypt recent days state visit proposed establishment military base potential moving africom arab republic however china economic unfortunately sometimes military hopefully anytime soon interests middle east american meddling perfectly healthy relationship egypt would much appreciated party therefore sees offer sort threat egypt try anything go project economy suffer chinas sole interest economic prosperity wish play military geopolitical power games egypt like europe united states however smart enough know economic success requires adaptability sometimes adaptability comes price case one borne egypt dont like make countries pick us another partner fear hand may forced take action secure interests,positive,6,1602637487.0,1
Algeria,Algeria food security,husband experienced travelers looking go somewhere warm holidays divided preferences florida could go see family would like go somewhere new possible bit us loves caribbean get bored quickly tropical paradises theyre unless something especially unique want experience interesting food culture wants adventure scuba dives climbs mountains jumps cliffs read books explore museums make friends locals neither us wants lay beach served cocktails underpaid locals weve already mexico belize guatemala sri lanka bahamas thailand cambodia vietnam job cant go anywhere currently considered unstable like egypt algeria colombia otherwise pretty fearless travelers arent terribly concerned safety edit add sadly place considered safe tourists doesnt mean go holds active security clearance limited certain restrictions result would like stay within 8hour flight nyc little trouble figuring might affordable tough christmasnew year period specific recommendations welcome including hotels experiences love getting away touristy places learning local cultures,positive,5,1535232160.0,1
Algeria,Algeria food security,aprilmay 2022 majority government firmly entrenched baghdad prime minister alsadr faces dizzying host issues paramilitaries continue defy state authority iraqs scorching hot summers wildly inefficient electricity infrastructure leave iraqis begging relief remnants isis continue launch attacks throughout much northern iraq weekly basis among issues seems wholly unfair iraq face another crisisespecially one even remotely makingbut world never much cared fairness crisis course food prices like many countries middle east north africa iraq reliant imports staple foods like rice wheat oilseed less reliant major countries regioniraqs agricultural sector though devastated two decades conflict climate change accounts majority countrys food needs said neighboring saudi arabia kuwait jordan nevertheless iraqs inefficient agricultural food sectors feeling crunch rising commodity prices weeks since conflict started flour prices risen 30 percent rice prices 10 percent cooking oil prices 100 percent price hikes already led protests iraqs impoverished southern provinces anywhere near size protests wracked nation 2019 likely grow worse coming days stabilizing food prices minimizing effects crisis iraqi economy first major challenge facing alsadr administration water please fortunately iraq countrys food needs met domestic production unfortunately iraq domestic production struggled significantly recent years one biggest reasons difficulties construction new dams international rivers crossing iraq turkey iran past two decades water flows turkey iraq fallen almost twothirds flows iran iraq collapsed staggering onetenth previous levels dams led acute water shortages iraq hamstringing iraqi agricultural sector time continued output critical stability nation attempt address crisis iraqi government reached counterparts ankara tehran following proposals turkey iraq requesting turkish government increase flows euphrates river meet guaranteed minimum 500m3s measured turkeysyria border figure previously agreed upon syrian turkish governments interim figure 1987 water releases recent years dipped amount 58 percent water guaranteed iraq according 1990 syrianiraqi water accord regarding tigris river tributaries iraq requesting guaranteed minimum flow 450 m3s measured turkeysyria border serve interim agreement permanent status negotiated greater zab currently unimpounded impounded soon çocuktepe dam finishes construction next years iraq requesting guaranteed minimum flow 420m3s iraq remains committed negotiating trilateral water management commission euphrates river tigris river cordially invites turkish government meet doha kuwait city assuming theyll us talks creation relevant agreements next year however interim period releases help provide widespread social unrest iraq deleterious effects iraqi security extension turkish security iran iran iraq share considerable international water resources last two decades iran constructed numerous new infrastructure projects keep increased share water resources iran perhaps egregious little zab river iran almost entirely diverted feed iranian agriculture fight shrinking lake urmia projects rivers like diyala karkheh karun rivers equally disastrous iraq dams latter two particular contributed devastation marsh ecosystem spans shatt alarab causing significant salinization issues key agricultural regions iraq iran iraq interested negotiating bilateral agreement regarding joint water management tigris river tributaries involve joint monitoring guaranteed level minimum flows iraq initiatives improve overall health joint waterways interim period agreement reached requesting guaranteed minimum flow 180 m3s lesser zab 140 m3s diyala measured iraniraq border help prevent social unrest iraq strengthening governments current push finally defeat isis moreover would signal reset iraniraq relationship help repair iraqis perceptions iran fallen dramatically since 2018 80 percent iraqis view iran negatively oil food part two electric boogaloo one hand war ukraine distinctly negative impact iraq due importance black sea foodstuffs towards iraqi food security hand war ukraine distinctly positive impact iraq due increase crude oil prices since iraqs export economy almost entirely based oil good governments pocketbook turn record oil profits food purchases abroad food prices kept low iraqi society kept relatively stable fortunately iraq free market responds price signals tensions black sea led slight increases wheat prices end 2021 led farmers around world plant wheat couple months later india set smash records wheat exports thank god invisible hand india wheat rice oil iraq oil enough wheat rice could make better match try secure domestic staple prices iraqi government reaching india already one largest oil customers negotiate deal see iraq import indian rice wheat current market prices exchange iraqi oil current market prices oil everywhere ounce eat agreement india secure sufficient wheat rice iraq secure prices oilseed problematic russia ukraine account almost half global oilseed exports iraq less reliant oilseed imports arab countries egypt algeria gulf states price increases still going hurt ordinary iraqis help limit negative effects iraq instituting strict export bans iraqi oilseed production strict relative course government also subsidizing domestic consumption oilseed purchasing oilseed global market current prices selling domestically market prices hurt itll hurt less unrest would come didnt,positive,3,1648418691.0,1
Algeria,Algeria food security,think nasa might think rockets space exploration know play big role food eat space earth satellites unique view fishing ranching farming favorite foods fruits veggies grains nasa data helps farmers local communities address issues like water management croptype identification land use sustainable farming processes climate continues warm drought preparedness food security continue challenges nasa data helps overcome 4pm 5pm et 1617 ut answer questions agriculture drought food security nasa data ask us anything amber mccullum research scientist project manager applied sciences baerinasa ames research center erika podest scientist carbon cycle ecosystems group nasa jet propulsion laboratory kerry cawsenicholson ecostress science lead nasa jet propulsion laboratory matthew rodell associate deputy director earth science hydrosphere biosphere geophysics nasa goddard space flight center estefania puricelli lead economist nasa harvest username unasa,positive,3546,1629198035.0,1
Algeria,Algeria food security,situation mali complicated one say least current conflict began 2012 mnla jihadist allies bolstered weapons obtained nato intervention libya rose central government quickly seized north country although began infighting ansar dine taking control many key towns due foreign interventions threats began contained peace dialogues began bamako mnla however following 2021 military coup refusal hand power back civilians situation deteriorated refusal caused foreign military assistance withdrawn allowing various rebel forces make significant gains country algeria traditionally played diplomatic role conflict acting neutral place many negotiation breakthroughs achieved appealing parties use process reach peaceful solution alleviate suffering region concern fighting central government mnla creating conditions allowing islamist militant groups thrive regions mali lack adequate administrative capacity furthermore brewing humanitarian crisis makes recruiting groups offer food income simple task algeria calling immediate ceasefire malian junta mnla instead turn focus combatting jihadist groups country malian government privately biggest issue withdrawal international support combating rebel forces due military coup committed 2021 urge begin 18month transition back civilian administration exchange resumption military aid algeria ecowas france furthermore implore us government distribute foreign aid assist capacity building strengthen malian state decrease influence jihadist groups also employ intelligence assets assist discovering nigerian agents helping supply mnla malian government mnla made public parties agree representatives parties invited oran algeria discuss terms treaty oran end conflict two groups central malian government allow creation azawad autonomous region charge administering affairs designated territory except military foreign relations permitted security force cannot exceed ⅓ size malian army cannot possess vehicles heavier apc designation allow transition rebel fighters civilian life including providing employment assistance allocate percentage budget specifically development azawad region relative population azawad compared rest country return mnla hand heavy weapons small arms explosives cease hostilities bamako begin transition rebel fighters civilian life absorption azawad security forces support central government islamist groups region cease affiliation violent extremist groups nigerian government support rebel factions mali regardless central governments likeability secular nature groups direct threat regional security say disappointed would understatement far better ways usher transition power create bloody civil war lack resources clean strongly urge cease contact support mnla reconsider approach regional affairs unfortunate promising country cannot play nice neighbours,positive,3,1625211059.0,1
Algeria,Algeria food security,let us rewind year 2024 world trade system freefall crisis europe going full swing resurgent russia china making first real moves eurasia reestablishing old territories regaining much spheres influence americans simply watched indifference rome burned built globalized world system felt nothing imploded become tired world americans would remain state isolationist autarky outside world world would come kicking door world war 3 situation especially bad africa imported much food produce dependent shipments fertilizer coming spike piracy national privateering firing upon cargo ships kept modern world alive meant hard get access outside goods around world nations adapting france able secure trade around western mediterranean secured supply lines old colonies africa beginning new francafrique know united kingdom applied enter naftathe usmca giving shelter turbulent economic waters africa knew survive would adapt risk lost coming storm projections good estimated anywhere 1520 food nation directly dependent imports anything 20 80 reduction possible coming years fertilizer shipments made agriculture difficult expanding sahara also creeping south climate change threatened dry wells water time rapid population growth going multiply number mouths feed factor 2 simply put african continent wasnt facing crisis would crisis lucky african continent facing extinction would lead one worst events human history known africa great bleeding famine drought shortages led population reduction anywhere 1015 wars flared scarce resources left egypt declared war ethiopia control blue nile democratic republic congo descended back civil war fundamentalist movements swept continent bringing blood spilt african soil world darkened continent descended unbridled chaos year 2026 food aid predominantly american charities arrives nigeria despite outpouring support american public american government frank american public well unwilling send troops spend money reconstruct global trade system nightmares middle east continued keep americans night effectively allergic intervention mass famines already reduced african population 5 chaos continent begun mass migration north could afford plane boat immigrated united states would face discrimination xenophobia would increase us went nationalist phase eventually assimilating generations rest untold millions people better prospect life made long trek europe midst chaos nigeria emerged leader africa first time able strike deal americans leveraging large population growing consumer base cheap labor bargaining tool able secure steady stream american agricultural produce using conduit world african continent made shortfalls african agriculture ensured bleeding would least stop conflict still engulfed africa though nigeria saved continent societal collapse would still face crisis ahead year 2030 great game africa began africa still weak fragile neverending simmer conflicts mass nigerian imports barely able steer continent away collapse americans renegotiated contract 2028 new president came office nigeria give concessions exchange greater yield produce supply growing mouths africa every direction new scramble began first francafrique fell west receiving food france exchange eternal servitude francafrique economically dependent france choice gave exploitative practices french still seen nearly 2 decades later francafrique still lags behind rest africa development chinese established economic hegemon east africa though explicitly exploitative french captive consumption market chinese would use fuel evergrowing economic bubble americans coming north south securing allies morocco egypt mauritania south africa infamously liberia yet another disaster happened algeria ground zero french colonization burst revolutionary fervor communism seized control north africa area least affected global trade collapse able continue trading europe fallen communist hands nigeria watched horror 2nd age colonization began could much rising star still emerging power unable go toe toe powerful nations earth independent africa going survive form remaining independent nations would stick together alliance african sovereignty born short sovereign alliance alliance founded nigeria helm ghana guinea sierra leone democratic republic congo nations defend last bastions african independence seek create strong independent africa free foreign influence final straw americans came creation liberian holding company brutalized natives created corporate slave state somehow even worse francafrique nigerians distrustful americans final straw sheer determination increased agricultural output could feed left africa 2049 nigeria longer small power pushed around bigger powers population numbers 400 million united states development equivalent argentina go directly toe toe power like france fend superpower like america china need face many enemies smothering francafrique borders primary concern done everything fund separatist groups region compete communist hegemon algeria rules north americanbacked south africans rules south south africa repeatedly reached nigeria join american alliance united states fully armed engaged fight encroaching darkness nigeria allies would useful asset nigeria angrily points liberia states become next liberia south africa many ways american alternative nigeria powerful highly developed highly westernized considered developed nation terms similarly britain australia canada still nigerians cant rid bitter taste mouths world spirals control becomes clear nigerias tactics supporting separatists working nigerians consider different tactic direct military intervention nigerians built military powerful degree troops fanatically energized thought liberating brothers sisters african continent plagued war ever since independence well let last one one last war future africa one last war end wars one last war free die trying south africans noticed military build alerted superiors washington prepare intervention africa support nigeria aims freeing african continent whether americans fight nigeria africa free whether earth heaven,negative,27,1626096504.0,-1
Algeria,Algeria food security,modular budget budget year 2023 gdp 182100600000 gdp growth 820 gdp per capita 395726 expenditure 63156000000 expenditure gdp 3070 revenue gdp 2780 deficit gdp 290 deficitbonds issued 12532033200 debt 68668095037 debt gdp 3771 gicra credit rating b bond interest rate 425 population 46016795 population growth 147 procurement 1500 category percentage allocated funds gdp general defense 1346 8500000000 467 research procurement 238 1500000000 082 social security welfare 2375 15000000000 824 health care 1156 7300000000 401 law enforcement security 792 5000000000 275 education 1346 8500000000 467 infrastructure transportation 475 3000000000 165 government 475 3000000000 165 sciencetechnology 079 500000000 027 investmentsubsidies 475 3000000000 165 food agriculture 633 4000000000 220 foreign aid 079 500000000 027 energyenvironment 079 500000000 027 debt interest 452 2856000000 157 total imports 0 total exports 44890000000 trade deficit 44890000000 trade deficit gdp 2465 product exported value total imports crude petroleum 21000000000 4678 refined petroleum 12000000000 2673 petroleum gas 8000000000 1782 nitrogenous fertilizer 1600000000 356 ammonia 300000000 067 hydrogen 250000000 056 tropical fruits 140000000 031 raw sugar 200000000 045 precious metals 1000000000 223 400000000 089 notes strong growth propelled increased oil gas prices helped ameliorate present crisis solved endemic issues algerian economy sources include imf projections oec atlas among others algeria expected shrink slightly next year crude prices lower partially offset increased lpg exports,positive,2,1648426938.0,1
Algeria,Algeria food security,gulfwalkin job newspaper 30th april 2022 gulf jobs news paper mumbai urgently vacancy oil gas construction project algeria please apply updated cv experience certificates kuwait gulf job one leading facility maintenance management co large requirement vacancy latest crane hiring transport heavy equipment co qatar gulf job hiring fifa world cup project vacancy international company oil gas project requirement facility management company offshore long term project vacancy uae gulf job free recruitment facility management company urgent requirements airport operations opening leading mnc combined cycle power plant long term jobs epic oil gas projects oil gas petrochemical plants energy sectors requires oman gulf job vacancy leading ice cream parlour outlets franchise sales engineer job plastic pipe manufacturer co required healthcare department saudi arabia gulf job free recruitment oil gas project vacancy heavy steel company requirement one leading cake production factory operation maintenance division vacancy national security guards free recruitment walkin interview operation maintenance food factory indoor cleaning labor requires facility management co solar technician required construction company wanted nasser al hajri corporation industrial contractors riyadh metro project jobs reputed manufacturing company required gulf job apply करन क लए pdf डउनलड कर download overseas paper,positive,1,1651288336.0,1
Algeria,Algeria food security,invasion china massive humanitarian cost led many believe end near adir many begun hoarding foodstuffs fearing may soon massive famines government taken possibilities extremely seriously initiated program known project aqua would see cheap fusion power ubiquitous across adir applied vertical farms across country would see 10b grant given various hydroponic skyscraper projects across nation building well within urban regions desalinated water used enhance agricultural output traditionally unprofitable result energy costs fusion power made power effectively free allowing large scale implementation high returns investment compared traditional farming techniques vertical farming produces produce rate double traditional agriculture facilities specializing lab grown meat also constructed near sites allow completely local supply chain needed 2053 genetically modified crops developed grow quickly safely hydroponic vertical farming environments used large quantities meet growing demand food sawahils oshuns may produce large amounts sardines tuna adirs green towers may produce large amounts produce transforming region african grocery store resiliency key war china proven infrastructure may come attack times war adir would never target food sources deliberately cause significant human suffering status quo largely changed possibility remains diversification agriculture would also pursued algeria largest amount arable land adir 73833 square kilometers using 10 land new urban renewal projects largely contained urban sprawl created vertical densification government seek rehabilitate agricultural territories may built purchasing establishing joint agricultural programs national authority would see state art technologies used maximize agricultural output create employment rural regions maintaining food security region national agriculture conglomorate would create network farmers work government employees various farms owned nac taking proportion profits generated farms concentrated fertile region algeria operations would expand fertile regions tunisia morocco egypt initiative cost 10b start soon pay managed supercomputer ai would determine optimum crop produced given time year farm south kaabu similar initiative take place cooperation adir kaabuan government nigeria remains fertile territory within kaabu receive 10b funding modernize agricultural practices new developments also planned prioritize urban densification vertical construction moving people away slums fertile agricultural lands voluntary purchases forcefully enacting proper zoning regulations much territory employs traditional agricultural practices inefficient program see new machinery genetically modified crops effective irrigation crop management systems put place greatly improve food security kaabu would see diversification crops produced nigeria expanding cocoa foodstuffs wheat tomatos potatos carrots agricultural staples,positive,1,1639348678.0,1
Algeria,Algeria food security,best tldr could make original reduced 59 im bot russia039s invasion ukraine poses quotgravequot threat arab world threatens food security particularly due surging wheat prices us secretary state antony blinken said visit algeria wednesday blinken speaking final leg trip middle east north africa began israeliarab summit negev desert several foreign ministers israel egypt arab countries normalized ties israel 2020 middle east north africa face severe wheat crisis result war ukraine impact food security particularly acute egypt world039s top wheat importertaking 12 13 million tons year much russia ukraine speaking news conference capital algiers conflict wednesday blinken said quotit039s direct impact lives right particularly regard rising food prices especially wheat price wheat 853 per bushel february 25 russian vladimir putin began invasion ukraine summary source faq 582267 summaries far feedback pms comments monitored constructive feedback welcome top keywords ukraine1 wheat2 blinken3 russia4 countries5 post found rworldnews rtrendingquicktvnews notice thread discussing submission topic please discuss concept autotldr bot,negative,1,1648731800.0,-1
Algeria,Algeria food security,anyone cares know mother one controlled everything got 2022 step dad getting soon,positive,80484,1735851535.0,1
Algeria,Algeria food security,historic breakthrough achieved successful negotiations treaty oran president bounouira hailed great victory stabilizing west african region beginning shift algerian foreign policy supporting nurturing neighbours even nigeria perceived leader west african region seeks leverage violence interests one facet complex overlapping conflicts embroil region however although mali rendered two ethnic divisions still hotbed islamic militants travel unharassed southern algeria mali niger burkina faso part new regional diplomatic efforts algeria begin actively supporting governments regions fight jihadism developing lasting peace mali made peace mnla malis central government must turn efforts towards combatting jamaat nusrat alislam wal muslimeen alliance various islamic insurgent groups region algeria assist deploying 150 military advisors 60 special forces operatives number civilian experts advisors train malian security forces counterinsurgency techniques learnt experiences algerian civil war special forces operatives conduct raids key militant targets conjunction malian french forces civilian experts provide assistance building administrative capacity central government regions recently liberated mnla ensure snatched jihadi groups material support come form 6 bayraktar tb2 drones operating air base tamanrasset along 3 mig35s drones primarily conduct aerial surveillance planes conduct airstrikes target identified primary targets militant supply depots training camps convoys algerian forces reach french american counterparts region possibility intelligence sharing coordinate effective regional surveillance target acquisition furthermore algerian armed forces transfer 45 t62s replace malis extremely outdated tank core 74 nimr ii apcs provided enhance modernise armies mobility capabilities vast desert climate algerian staterun mining companies also shown keen interest malis mineral resources golden opportunity fund countrys development countrys north sonartrach prepared restart oil drilling initial 150 million investment willing reinvest profits back local communities assisting central government upholding promise develop azawad region come form water management systems food security projects employment opportunities closer capital several companies interested opening iron ore manganese mines initial investments 250 million 300 million respectively companies willing offer malian counterparts 40 control company however understand mali may funds cover 40 initial investment companies cover upfront investment allow mali buy share profits receive niger niger sahel state borders southern region also struggling ongoing islamic militant activities limited state capacity government budget means armed forces poorly equipped state presence struggles maintained regions effort assist government niamey improve security around shared border algeria send military advisors administrative experts material support much mali 50 advisors train nigerian armed forces focus improving quality ncos cos allowing training eventually become selfsustaining also advise counterterrorism proividng unqiue african perspective nuances local conflicts western forces simply possess administrative experts mali advise improving state capacity efficiency better run government services well providing training government employees 56 nimr ii apcs provided army replace rapidly ageing armored vehicles well providing modern protection mobility improve effectiveness reduce casualties algeria mining companies interested mineral rights gold deposits northern agadez region offering nigerian government 25 stake initial 250 million investment purchase using profits lack upfront funds algeria also ensure portion profits reinvested developing local communities providing services job opportunities furthermore new president bounouira placed heavy focus supporting selfdetermination western sahara key priority algerian foreign policy urge government niamey reconsider current stance supporting moroccan sovereignty establishing diplomatic relations sadr much time insist least support un official policy holding referendum independence,positive,3,1625628363.0,1
Algeria,Algeria food security,general assembly united nations session presided secretary general alastair frost second session takes place former us embassy beijing china winning vote last year full headquarters still construction would like thank china allowing us host un great nation nations attendance empire sweden mercouir republic republic nevada republica pacifica de chile kingdom thailand georgian leyland republic united texan federation madagascar technocratic republic new england socialist republic austria confederate socialist states america republica federativa brasil federación de caliéxico haitian social republic turkmeni republic united statesesa nubia denmark cascadian union freefold underwright new caledonia japan albania australia yugra greenland rome france socialist federal republic kazakhstan gabon pennsylvania dutch republic azerbaijan china ukraine eastern hispañola caliphate qowira czech republic argentina algeriassra united kingdom great britain northern ireland fascist state portugal dictatorial socialist state micronesia surrounding islands romania eritrea north carribean federation republic bulgaria empire lakes ruthenian commonwealth republic florida maori nation united arab emirates luxembourg conduct general assembly member states treat nations respect equals members may add proposalsresolutions done private message secretarygeneral remember person sat general assembly representative state leader therefore responsible previous actions undertaken nation general assembly discussion points voting regional hqs voting icj voting science council voting unpkf nominations unsc proposals comment regional hq voting following nations submitted following bids regional headquarters europe united kingdom sweden albania africa north america esa esa willing devote 1 billion dollars build fund north american regional hq plan upgrade refurbish old un building new york city used hq un building everything needed regional hq offices assembly hall accommodations nyc 3 nearby airports one large port esa beacon military strength economic power far best choice regional hq na central relevant continent hope pick us home united nations north american regional headquarters caliexico willing pledge 3b production high tech un regional headquarters grand city los angeles currently stable country force religious political beliefs issue reprimand said beliefs makes suitable delegates countries many cultures political viewpoints religions provide top class protection make sure head states otherwise important people visiting remain assured highest grade security provide building environmentally friendly power system assure times power outages chaos building maintain safe suitable area hold meetings conferences cssa eastern hispañola government state prepared develop entire island catalina use un separated enough mainland provide near total sovereignty close enough accessible isla catalina unique option considered seriously plenty space offices assembly halls transportation facilities utilities entire un operation could selfsufficient port airfield provide transportation island residential facilities constructed operational personnel nations given complexes complete offices residential facilities state eastern hispañola committed diplomacy global cooperation peace hope state hosting regional un facilities commitments strengthened hispañolan national budget allows sufficient funding construction facility due nations low expenses state willing take advice comments suggestions member states design construction regional unhq federal republic oklahoma mercouir willing fund 10 billion dollars un regional headquarters plan located near mercourian capitol building cornerstone economical military development mercouir un regional headquarters planned include following un tower approximately 115 feet tall 156 meters serve headquarters un park include hiking biking trail statue mural donated nation several un offices also built 5000 office workers safety provided federal defense agency fda defense program funded national government south america brazil city brasilia funding 100300 million set aside hq yearly however negotiations building brazil set aside funds order construct building near brazilian capitol building building complete accepted hq temporarily housed former peruvian capital lima old capitol building power brazil one strongest powers south american region diplomatically united south america alliance preventing war chile argentina twice also helped work peace nations well stable country region longest regime power seeing less administrations others continent chile strong proponents democracy peace region factor longest lasting peace region seen memories importantly recently civil war tear country apart aptly dealt war criminals caused country much grief fair trial valparaiso largest coastal city houses port pacific south los angeles fairly large international aid budget infrastructure budget would put use building run hq oceania new caledonia 12bn funding massive project fact construction already started completed june 2041 room 4000 office workers facility built way room expand make room 2000 workers ever needed course building plan un city contain offices un tower 120 meters tall entire city built way fit environment around course focusing highest standard comes environmental protection one vote per region allowed icj voting following nations submitted bids host icj please vote nation would best suited position stockholm sweden sweden would like put forward stockholm hq international court justice believe sweden appropriate candidate court proven time time neutral affairs concern us already established court law stockholm precedent reaction trial late george v neutrality proven conflict experienced machinations honouring call allies valparaiso chile ervin albania oran algeria algeria would like offer great synagogue oran possible site international court justice synagogue longer functions synagogue mosque currently process turned library filled religious legal texts area icj would access many legal texts heart euromed region access resources algerian government would give un icj city provides large benefits algeria would prepared offer un building enclave kiev ukraine novosibirsk siberia siberia would like offer novosibirsk possible hq icj largest city siberia city large city hall open icj new building built siberia completely neutral nation therefore perfect organization supposed nonbias additionally siberia kritarcy ruled judges perfect organization based around justice system siberia spend 70 million usd international courthouse massive complex complete multiple court rooms living quarters library siberia slowly building global influence however first working improving lives citizens devoted almost military spending economy lawyers justices siberia topnotch minimum 4 years training hague dutch republic dutch republic would honored host icj believe hague would suitable location icj part successfully fulfilled role past country reasonably safe threats invaded nearly century prepared house icj peace palace peace palace historically home icj currently home permanent court arbitration hague academy international law peace palace library extensive peace palace library originally created support old icj library dedicated international law contains 1000000 titles ko kat thailand made thread full bids bid isnt completed cant add welcome still submit bid give detail may affect early votes cannot see full bid science council voting following nations submitted following bids host un science council kingdom lakes kingdom lakes king parliament issued automatic authorisation un general assembly make seat science council new caledonia supported move proposed make capital nouméa seat whereas proposed make seventh city academic powerhouse ann arbor maybe annexed territory wisconsins academic city madison un general assembly vote kl seat science council university lakes formerly university michigan university wisconsinmadison successful academic institutions since 19th century providing world research diverse topics psychology chemistry engineering physics many subjects beautiful places ann arbor close two biggest cities kingdom vernon detroit also kingdom lakes notoriously neutral power though providing world firstclass arms equipment never participating armed conflicts often even acting mediator kingdom good terms surrounding countries enemies kingdom also social demomonocratic liberal beacon scientists faiths ethnicities find safe new caledonia tense situation since many countries region defected un conflict likely besides new caledonia island natural defences small population around 300000 michigan many natural defences basically surrounded unclaimed countries population around 16000000 need build another building council since enlarge remodel ann arbor conference centre surrounding areas construction done three months also provide free housing members council well pension new caledonia nouméa capital science wisdom since new caledonia gained independence construction linstitut calédonien de la biologie marking beginning new caledonian scientific era would lead nation forefront technology decade counting nouméa university one highly regarded universities world discovered many new technologies floating farms floating fish farms moment feeding 100 million worldwide kept new caledonia completely sufficient comes food leading technology also long rich legacy cooperation nations one first members iupst shared many technologies currently working together czech republic create civilian vtol un science hq intend continue tradition quite untrue really irrelevant point put forwards lakes us first total population new caledonia 519766 quite bit skewed version nouméa shinning metropolis compared city world rich culture art environmental awareness expansions plans soon finished live 350000 nouméa really size nation doesnt matter iupst one worlds leading science organization based bhutan tiny country scientists world nouméa un science hq connections around world healthy interest science nouméa true city light concerns security new caledonia havent noticed rocky island nation ultimate defense proved quite effective britain japan course defiantly defenseless invasion arrive upon shores quite defenses military highly modernized even better trained allied cameroon rome maintains military base outside nouméa part 5th internationale close relations nations within course ultimate weapon new caledonia possession foabs bombs powerful compared nukes past capabilities fire enemy may face course best argument new caledonia really safest place earth never ever attacked entire history new caledonia even wwii new caledonia safe never seen sort military conflict either war ever pirate ships entered waters fled retorts really need included bids quite silly lakes explain seat un science hq instead go attack us fault guess lastly full list new caledonian science activities include bid construction institute biology new caledonian scientist publishes paper floating cities new caledonia starts developing floating fish farms new caledonia starts developing drones patrol vast countryside institute geology meteorology constructed new caledonian drones done date new caledonia could feed completely start construction world biggest nickel plant new caledonian scientist start developing industrial technologies new caledonia starts developing sky dolphin research agreement greenland finished new caledonia puts advanced drilling technology use sky dolphin finished new caledonian school engineering expanded worlds biggest nickel plant opened new caledonia development trac 1 infantry rifle started trac 1 finished new caledonia starts developing worlds first civilian vtol development special vtol engine starts new caledonia nation generations let light sciences arts shine lush vegetation lowlands vast mountains wave islands bustling city nouméa waves new caledonian great barrier reef committed protecting discover everything know lands earth whole un hq shinning beacon light guide humanity forward cooperation knowledge importantly hold every human earth even slight curiosity drive discover wonderful world really works unpkf voting following nations submitted following bids headquarters united nations peace keeping forces holding personnel vehicles united nations quick response training madagascar end state willing provide entire arrachart peninsula extreme northern tip madagascar use unpkfc already existing air base military docking currently use somasdf peninsula set within baie andovobahza one largest deepwater harbours indian ocean world enough room number vessels malagasy city antsiranana located across porte de la nievere deep water straight peninsula would able provide labour materials construction maintenance expansion base base would also fairly remote part madagascar far removed central government control highlands south unpkfc would granted full extraterritoriality option expanding parts bay necessary state willing provide 12 billion dollars construction unpkfc would include expansion military dry docks airfield esa esa far away appropriate sensible choice home un peacekeeping forces one strongest militaries planet massive economy support plans build build unpk base side norfolk virginia base state art defences technology ensure safety awareness troops stationed plans also include barracks 3 large runways close norfolk un forces access norfolk naval station one largest entire world able builddock ships needed already donated hundreds millions dollars worth weapons helicopters apcs ships also donated large amount money un combined sheer size technological might military spot unsc makes us best choice home unpkf brazil brazil one safest stable regions world may strongest military strong continental alliance behind us also tools diplomacy well tool belt gone war twice self defense national security also provide unpk forces access famed jungle training center learn survival skills wont able learn anywhere else donations shouldnt matter considering unpk hq one candidates sc leaves unpk hq unnecessarily vulnerable unsc nominations time come another 5 nations join unsc secretary general asks nations wish join security council submit bid along votes compile complete list allow voting next month proposals secretary general opens floor nations wish make proposal united nations eastern republic uruguay wishes join un voting slip make life easier copy add votes regional hq vote europe north america south america oceania icj science council unpkf unsc nominationsbids eastern republic uruguay joining business,positive,4,1411459473.0,1
Algeria,Algeria food security,february 11th 2011 hosni mubarak president dictator egypt 30 years forced step power mass protest movement heady hopeful time middle east dictators tunisia libya yemen forced power however hope quickly faded elected muslim brotherhood dominated government mohammad morsi struggled manage security economy military stormed back power new military dictator abdel fattah alsisi reinstated autocracy oppressive preceded todays podcast episode discussing political economy arab winter egypt part one discuss economic reforms instituted alsisis government success reinvigorating egyptian economy part two discuss benefits economic reforms disproportionately accrued narrow class military officers finally part three discuss weak political underpinnings egypts recent economic success egyptian economy early 2014 dire place gdp growth 2013 barely rate population growth budget deficit soared 133 gdp unemployment soared 136 population due economic context bureaucracy made impossible morsi govern military coup certain level initial popularity alsisis government moved quickly tackle issues pressure imf egyptian government drastically cut food fuel commodities doubled price electricity price drinking water 465 bus prices 350 moreover government implemented 75 vat tax slashing payrolls government also sharply devaluated currency making imports expensive egyptian exports competitive 2016 sisis reforms ways highly successful gdp growth expected rise 58 year 2019 accelerate 6 year budget deficit unemployment rates steadily decreasing manufactured exports increased 24 since devaluation however prices every day consumer staples soared people levels society short term reforms incredibly painful reforms especially galling given austerity isnt felt equally levels society although military played large roll egyptian economy since start military dictatorship 1952 gamal abdel nassar however alsisi militarys economic role grown rapidly military investing everything luxury hotels fish farms revenue ministry military production increased five fold last five years firms controlled military benefit plethora advantages including access vast manpower army reserves ability ignore property taxes vat close government ties major advantage permitting government contracts advantages blatant large white elephant schemes elsisi government promoted example government invested 85 billion expanding suez canal based many experts consider overly rosy projections profits however suez canal armed forces supervision many contracts building canal went military linked firms similarly government announced construction new capital city address overcrowding cairo estimated building new capital cost 45 billion given firm overseeing project 51 controlled military individuals companies linked armed forces likely many opportunities acquire wealth elsisis decision promote economic interests military might make little economic sense clear political logic elsisi moved harshly external opponents elsisi massacred peaceful civilian protesters affiliated muslim brotherhood immediate aftermath coup estimated one point 60000 political prisoners egypt primary threat regime comes within military appears promotion military economic interests bought loyalty however doesnt mean elsisi faces opposition public seething rising cost living although protests date largely sporadic although government accordance imf recommendations expanded targeted welfare programs protect poor however programs imf advice nearly ambitious enough keep millions falling deeper poverty created pressure cooker environment many become radicalized spate brutal attacks throughout egypt low intensity guerrilla war alqaeda sinai peninsula cost lives thousands moreover elsisis grip military strong currently good health transitions power military regimes inherently fraught conclusion although egypt implemented reforms spurred acceleration economic growth fact military disproportionately profited growth resulted weak political underpinnings regime oppressive attitudes towards human rights sign weakness strength recent months arab world seen another wave revolutions popular protest movements unseating longstanding dictators algeria sudan showing people still power overthrow regime however bloody reignition civil war libya reminder fall regime bring chaos even worse dictatorship leaders people egypt chart course dangerous waters fate 101 million people depends upon ability selected sources egypts imf program assessing political economy challenges bessma bomani neomamluk legitimacy arab spring richard w bulliett food subsidies egypt reform options distribution welfare hans lofgren moataz al said democracy cause growth daron acemogul naidu restrepo robinson wwwwealthofnationspodcastcom,positive,65,1561573577.0,1
Algeria,Algeria food security,current developments intervention algeria spelling certain success coalition apparent preparations necessary campaign rebuild algeria functioning nation storm italian republic suggests council comprised representatives significant coalition members alongside independent nonvoting observers interested legitimate regional organizations interests algeria oversee democratization reconstruction algeria council shall initially oversee occupied algerian territories intervention shall responsible safety welfare overseen council includes ngo operations must first get writ approval majority council begin operating within coalition occupied algeria food distribution medical aid general peacekeeping area council shall concern formation legitimate transparent democratic algerian government including free fair elections afterwards council share leadership responsibility civilian elected government time council deems appropriate wherein council shall permanently disbanded civilian government shall full total sovereignty multinational fund shall also collected pay reconstruction algeria including infrastructural commercial enterprise ask nations contribute rebuild algeria solvent economically secure state,positive,11,1575339866.0,1
Algeria,Algeria food security,algeria developing nuclear weapons doubt initial overreaction vetoed russia china security council president staff came alternate proposal one would circumvent un entirety eu sanctions package would target everything except food medicine aimed totally destroy algerian economy would target sectors algerian government worked hard build manufacturing arms aviation alongside algerian oil exports traditional lifeblood economy targeted eu wide oil embargo enacted along travel ban highlevel algerian business people politicians military personnel airbus late 2019 algeria convinced airbus set manufacturing facility algeria better service growing african market decision making sense economically financially must reconsidered considering current circumstances however france eu recognise decision made therefore suggest facilitates relocated tunisia beneficial airbus provide airbus access african free trade zone operating supporting democratic country africa beneficial airbuss public image however moving facility retraining workers cheap france offering airbus low interest 05 loan 17 billion dollars finance move accepted france willing provide logistical support airbus tunisia travel bans due working algerian regime following persons allowed entry eu allowed fly eu airlines employees algerian government members algerian military including cadets employees stateowned corporations employees stateowned universities travel ban applies allowed apply exemption visit family currently residing eu receive medical treatment however eu reserves right deny request additionally following professionals currently residing within eu disallowed entering algeria rocket scientists nuclear physicists esa employees iter employees sanctions following measures presented eu consideration total arms embargo total oil embargo total embargo goods produced inside algeria ban eu educational institutions collaborating algerian institutions fields take effect existing arrangements canceled ban export nuclear materials algeria ban export aerospace technology including rocket engines algeria measures algeriaeu free trade agreement suspended algeria removed european neighborhood policy algerian flagged airlines blacklisted flying eu algerian flagged vessels allowed dock eu algerian businesses allowed receive eu contracts,negative,5,1571555599.0,-1
Algeria,Algeria food security,open diplo senegal january 25th 2022 mullah bahir spiritual leader gorgal wadata finished plans march senegal intent distributing food impoverished distributing prayers literature well however nation barely hold current agricultural output food widely available reading session mullah bahir idea following example palestinian scholar abdullah azzam bahir gather funds donations travel neighboring nations order garner international sympathy raise awareness situation senegal gather food general supplies impoverished population might need make lives easier mullah gathered humble supply food water veiled white cloth prescribed faraj conducted prayer vanguard small community near st louis flied first destination mali bamako jan 28th 2022 mullah bahir first visited capital mali greeted president gorgal wadata nongovernmental organization dedicated granting gratifying life based islamic ideals population senegal currently suffering immensely hands macky sall ruling party gorgal wadata making marches charity mullah walked 300 kilometers foot could pray military base saint louis senegalese suffering immensely dire need food supplies agricultural equipment fertilizers canned food anything government spare immensely appreciated people senegal idea also appeared mullahs head government mali could send national dishes goods order gorgal wadata distribute believe donations would mean senegalese would appreciate neighbors let see light muslim neighbors pious charitable gorgal wadata would also profoundly thankful generosity would dedicate entire donation campaign government mali ouagadougou jan 30th 2022 leaving mali mullah went burkina faso first sat prayed homeless poor capital meeting president burkina faso mullah asked solidarity burkinabé government asking donations kind spared understand burkina faso currently undergoing problems regards food security like poor senegal understand difficulties administrating nation problems ask food anything spared burkinabé government small financial donation medicine farming equipment anything poor people use improve lives duty every muslim help ummah mullah currently undergoing trip neighbors senegal receive supplies donations imperative everyone helps president macky sall little nothing aid poor living ivory tower dakar would also like ask burkinabé send national dishes possible order population savor delicious food feel closer government united single ummah mullah would like thank hospitality generosity burkinabé government pledges aid whatever way possible including returning favor future aiding burkina faso food security issues conakry february 1st 2022 mullah bahir restless eager help ummah senegal day day travels impoverished communities order listen woes offer solidarity prayer today gorgal wadatas spiritual leader comes president guinea order ask help gorgal wadata feels proximity guinean people due fula background rural lifestyle peoples suffered many scorching hot suns much toiling ground yet even much suffering seems president macky sall cares little population senegal feels like administering aid people inside cities dakar st louis ask today muslim solidarity government guinea sends us food water farming equipment financial donations anything else spare aid gorgal wadata fight injustice senegal would like reiterate piety spiritual leader march 300 kilometers preach soldiers saint louis dedication determination senegal shall triumph shared solidarity neighbors may bring us towards prosperous future would also like thank government guinea hospitality mullah also offered pray together president guinea ministers bissau february 4th 2022 guineabissau mullah bahir spent two days cheering greeting people north guineabissau going capital met impoverished held praying sessions population even though christians concentrated urban areas bahir still managed found large quantity muslims hold praying session gorgal wadata muslim nongovernmental organization fights inequality encouraged president macky sall cronies government dedicated combat diseases plague rural population would also like inform government guineabissau rural population suffered immensely due fact macky salls healthcare policies took long reach mortality rates due covid19 immense would appreciate help government lend us including canned food nonperishables agricultural equipment financial donations anything else government spare would like remind humanitarian question people senegal suffering constantly leaving mullah would like thank government people guineabissau hospitality holding prayer local mosque nouakchott february 6th 2022 mullah bahir decided visit capital mauritania cheered people congratulated population dedication islam desire live life fullest following word allah prophets guidance thought meets president mauritania asks humanitarian aid senegal currently suffering immensely poverty hunger people suffering irresponsible policies macky sall would like mauritania offer us anything could possibly spare including food water medicine anything population could find useful basic needs would also like request financial donations mauritania would aid us immensely quest provide citizens basic needs mullah bahir would like show progress combating crime senegalese society applying sharia law currently applied senegal pious fight crime dedicated efforts save people would like request government mauritania considers request kindness charitableness pious muslim would concluding trip mullah bahir would like hold prayer ministers mauritania president united prayer muslim solidarity ummah algiers february 12th 2022 algeria mullah wanted land chlef intl airport walk chlef algiers route 203 kilometers wanted know land people offering prayers asking small donations plate food reading session quran finally made algiers greeted president population requesting donations mullah honored visit algiers admired countryside talking people reading quran population wise humble honorable muslims great admiration nation senegal moment suffering brutal autocrat name macky sall population starving due policies would like ask financial donations algeria along food farming equipment medicine clean clothing anything else afford spare people suffering immensely every day macky sall sits chair chortles ministers profiteering innocent muslims day fashion shows exist dakar people tambacounda suffering ive seen people die arms begging cup water please mullah begs donations order ease pain senegalese,positive,5,1595282766.0,1
Algeria,Algeria food security,modular budget budget year 2029 gdp 37071542188 gdp growth 312 gdp per capita 214692 expenditure 5170901108 expenditure gdp 1395 revenue gdp 1430 deficit revenue 035 deficitbonds issued 130329424 debt 10047782721 debt gdp 2710 gicra credit rating bond interest rate 3000 population 17267286 population growth 010 procurement 3350 category percentage allocated funds gdp general defense 868 448875000 121 research procurement 437 226125000 061 social security welfare 387 200000000 054 health care 367 190000000 051 law enforcement security 358 185000000 050 education 406 210000000 057 infrastructure transportation 425 220000000 059 government 300 155000000 042 sciencetechnology 048 25000000 007 investmentsubsidies 271 140000000 038 food agriculture 116 60000000 016 foreign aid 002 1000000 000 energyenviroment 174 90000000 024 debt interest 5840 3019901108 815 syrian government increased budget ministry defense pay expensive reforms whilst toning new weapons purchases ministry healthcare ministry education ministries tasked maintaining transportation network infrastructure foreign aid pool ministries tasked maintaining steady supply food signing fta egypt algeria shown minor effects gdp growth,positive,1,1626605451.0,1
Algeria,Algeria food security,30f live roommate sarah 29f habit eating everything fridge whether always says shes stressed swears shell replace groceries vanish faster dating app match mentioning kids last straw ate emotional support tiramisu context id spent hours making tiramisu rough week work therapy dessert sarah ate whole thing without asking left note empty dish said sorry pms sucks owe lost ordered lock fridge food moved everything sarahs furious saying ive ruined vibe apartment im passiveaggressive locking shared fridge even tried rally roommates spoiler also hide snacks aitah locking food sarah mad cant steal serotonin anymore updates 1222 temporary lock fridge figure solution proof go cops receipts last 6 months grocery bills claims could grocery runs also took broken lock roommate weve lived sarah around 6 years one core girls group started within last 14 months care person behavior cant continue recently started saying make money fair share since weve friends long weve gone landlord theft claims need work dont really leg stand also use paying portal automatically split rent four ways buying fridge already bought two 400 dollar coolers still didnt work pay additional hundred fridge electric bills would insane cannot break lease would loose 4800 security deposit need pay 98k 60 days rent find new tenants cant live 60 days parents crazy strict abusive feel bad going parents,negative,15332,1734844424.0,-1
Algeria,Algeria food security,seventeenth post weekly series serve discussionstarters climate change affect geopolitics various countries regions every post provide general introductions form table regions country well broad observations serve basic starter kits discussionsfeel free ask questions introduce new information im casual dabbler field ir geopolitics posts learning experiences bear favor pointing errors might findpreferably backed credible sources nbsp general introductions region composed seven countries essaylike introductions impractical information relevant discussion found google spreadsheet linked countries listed order population sizes please note google translate used parse relevant information citations unfccc communications available french nbsp link spreadsheet nbsp observations projected population growth much less dramatic parts africa many countries expected see fourfold increases century exception mauritania countries region expected see twofold lower population increases however general dryness region due latitude presence sahara means water scarcity almost certainly major issue near future isnt already annual per capita renewable internal freshwater resources egypt populous country region mere 20 m3 morocco highest value statistic stands 845 m3 dry climate geography regions agriculture higher focus livestock reflected large proportion agricultural land permanent pasture livestock consume much water per calorie food output water stress major impact agriculture region along food security nomadic herders become common leave behind large swathes overgrazed land even prone desertification overgrazing desrtification already major environmental issues region looks likely enter feedback loop region notable high homogeneity ethic makeups egypt 997 egyptian algeria morocco 99 arabberberand tunisia 98 arab said religions regionbasically sunni muslims region relatively wealthy compared african regions notable exception contested western sahara wealth might help mitigate impacts climate change raw vulnerability regionwater stress particularmakes prospects worse destitutebutwaterrich regions south nbsp tentative schedule explanation topicdate china 5th russia 12th east asia sans china 19th oceania focus australia 2nd southeast asia 9th india 19th south asia sans india 23rd central asia 30th arabian peninsula 7th middle east sans arabian peninsula 14th caucasus 21st southern africa 28th eastern africa 4th emissions scenarios storylines november 11th central africa 18th western africa 25th northern africadecember 16th eastern europedecember 23rd western europedecember 30th braziljanuary 6th south america sans braziljanuary 13th central america mexicojanuary 20th caribbeanjanuary 27th united statesfebruary 3rd canadafebruary 10th global overviewfebruary 17th post crossposted subreddits countries covered except subreddit seems inactive eg lack recent posts comments andor subscribers thanks ulivingamerindian reminding caribbean left slotted central america mexico united states,positive,54,1544968711.0,1
Algeria,Algeria food security,class budget budget year 2024 gdp 21269027889781 gdp growth 260 gdp per capita 445699 expenditure 6676320000000 expenditure gdp 3139 revenue gdp 2865 deficit gdp 274 deficitbonds issued 5838069610 debt 8219806960972 debt gdp 3865 gicra credit rating c bond interest rate 1200 population 47720639 population growth 170 category percentage defense 1500000000000 2247 research procurement 225000000000 449 social security welfare 600000000000 899 health care 700000000000 1048 law enforcement security 200000000000 300 education 800000000000 1198 infrastructure transportation 500000000000 749 government 200000000000 300 sciencetechnology 300000000000 449 investmentsubsidies 300000000000 449 food agriculture 250000000000 374 foreign aid 10000000000 015 energyenvironment 100000000000 150 debt interest 916320000000 1372,positive,3,1579049694.0,1
Togo,Togo sustainable development,rotterdam rules motion house recognises 1 rotterdam rules officially known united nations convention contracts international carriage goods wholly partly sea provide modern comprehensive legal framework regulating international shipping trade whereby rules aim replace outdated conventions hague rules haguevisby rules hamburg rules 2 rotterdam rules whilst drafted 2008 signed 2009 yet force since requiring minimum 20 ratifications take effect signatories armenia benin cameroon congo democratic republic congo denmark france gabon ghana greece guinea guineabissau luxembourg madagascar mali netherlands niger nigeria norway poland senegal spain sweden switzerland togo united states b ratifiers benin cameroon congo spain togo 3 united kingdom currently neither signatory ratifier rotterdam rules 4 significance international trade shipping global economy ratification rotterdam rules crucial step towards enhancing harmonising legal framework governing international carriage goods sea house acknowledges 1 rotterdam rules introduce greater clarity transparency international shipping contracts essential globalised economy whereby adopting uniform rules reduce legal uncertainty disputes ultimately leading efficient predictable trade environment 2 rotterdam rules align international maritime law current trade practices helps businesses navigate complex world international shipping ensuring confidently engage crossborder trade without ambiguity 3 rotterdam rules strengthen liability carriers provide fair balance interests shippers carriers consignees improved accountability promotes responsible safe shipping practices benefiting stakeholders 4 establishing clear rules standards international shipping rotterdam rules encourage innovation investment maritime industry leading development efficient sustainable transportation methods 5 harmonised legal framework international shipping promotes economic growth facilitates trade particularly important globalised world interconnected supply chains global markets 6 importance united kingdom plays international trade maritime commerce actions significant influence setting global norms standards therefore house urges government 1 ratify rotterdam rules contribute efficient reliable global trade system benefiting businesses consumers economies worldwide 2 support rules paving way future international shipping governed comprehensive modern balanced legal framework 3 recognise significance rotterdam rules fostering international trade take necessary steps ensure swift implementation 4 encourage signatories ratify rotterdam rules motion submitted uwaffellol lt cmg spokesperson business trade innovation energy netzero behalf liberal democrats relevant documents rotterdam rules united nations convention international carriage goods wholly partly sea opening speech deputy speaker campaigned drive modernise united kingdom bring forth new wave innovation regulatory reform calling ratification rotterdam rules monumental step forward britain world maritime law trade regulation rotterdam rules represent beacon modernity ageold industry seek replace outdated conventions like hague rules haguevisby rules hamburg rules change crucial firstly rules clarity predictability international trade environment interconnected complex ever liberal internationalists fully embrace globalised interconnected world live however world goods travel across borders multiple carriers various modes transport ensuring unified modern legal framework paramount rotterdam rules bring us clarity bring legal alignment bridge archaic contemporary rapidly evolving global economy digitalisation justintime logistics containerisation norm legal standards must keep pace rotterdam rules harmonising laws current state international trade furthermore rules enhance liability responsibility shipping striking fair balance interests shippers carriers consignees protecting one group holding parties accountable fostering safer shipping practices ensuring rights responsibilities everyone involved building trust cooperation global economy legalities fostering innovation party strongly committed innovation development clear consistent framework provided rotterdam rules promote investment maritime industry encourage development efficient sustainable transportation methods good business essential planet addressing climate change proud call decision recognises fundamental role interconnection plays lives promoting economic growth facilitating trade providing stability necessary businesses small large thrive urge government ratify rotterdam rules displaying britains long awaited support rules benefit businesses prosperity entire nation global economy stands 25 nations signatories 5 fully ratifying treaty delay agreement cannot go urge government work encourage states ratify agreement utilising britains key role world stage matters international trade commerce allowing us build future international trade governed comprehensive modern balanced legal framework international trade efficient reliable underpinned rule law trust division ends 10pm gmt tuesday 21 november 2023,positive,2,1700337328.0,1
Togo,Togo sustainable development,comes handbags quality leather hallmark luxury durability several highend brands renowned exceptional leather quality meticulous craftsmanship timeless designs top brands stand using best quality leather 1 hermès theyre known leather hermès sources finest leathers including togo clemence barenia well exotic skins like crocodile ostrich leather undergoes strict quality control ensuring meets brands exacting standards unique feature handcrafted artisans every hermès bag testament perfection iconic pieces birkin kelly bags made meticulously treated durable luxurious leathers 2 louis vuitton theyre known leather louis vuittons signature leathers epi taurillon known rich texture resilience brand also blends leather monogram canvas iconic designs unique feature epi leather scratchresistant waterresistant ideal everyday use iconic pieces capucines alma bags exemplify exceptional leatherwork 3 bottega veneta theyre known leather known intrecciato weaving technique bottega veneta specializes soft supple nappa leather artisanal method enhances durability aesthetic appeal unique feature leather buttery soft yet surprisingly durable making bags tactile longlasting iconic pieces cassette jodie bags symbols understated luxury 4 gucci theyre known leather guccis leather goods often feature exotic textured finishes blending traditional craftsmanship bold innovative designs unique feature highquality leather paired unique elements like bamboo handles horsebit hardware iconic pieces marmont dionysus collections favorites quality style 5 prada theyre known leather pradas saffiano leather textured scratchresistant material hallmark bags durable leather ensures longevity without compromising elegance unique feature saffiano leather lightweight waterresistant lowmaintenance iconic pieces galleria tote prime example pradas leather expertise 6 fendi theyre known leather fendi uses premium leather often combination unique textures colors iconic ff monogram unique feature leather versatile offering options soft supple structured styles iconic pieces peekaboo baguette bags celebrated leather quality design 7 dolce gabbana theyre known leather dolce gabbana combines highquality leather bold italianinspired embellishments leather exudes luxury durability unique feature vibrant colors ornate details enhance elegance leather bags iconic pieces sicily bag timeless classic showcasing fine italian leather 8 burberry theyre known leather burberrys leather goods crafted precision using finegrain leathers sturdy luxurious unique feature mix traditional british elegance modern design iconic pieces tb monogram pocket bags showcase burberrys leather excellence 9 mulberry theyre known leather mulberrys leather vegetabletanned ethically sourced reflecting brands commitment sustainability unique feature focus natural finishes develop beautiful patina time iconic pieces bayswater alexa bags renowned classic appeal 10 loewe theyre known leather loewes spanish heritage evident impeccable leather craftsmanship bags feature soft smooth structured leather varieties unique feature leather treated minimally retain natural beauty texture iconic pieces puzzle gate bags admired innovative design leatherwork conclusion quality leather brand uses reflection commitment craftsmanship luxury hermès bottega veneta louis vuitton top choices unparalleled quality however brands like gucci dolce gabbana prada offer equally impressive options tailored various styles preferences brands aligns idea luxury leather,positive,1,1732597239.0,1
Togo,Togo sustainable development,job title solutions architect job company overview company pioneering force transformation electric mobility africa specializing cuttingedge electric mobility energy storage solutions presence countries benin togo rwanda company dedicated sustainable development technological innovation making positive impact local communities 13 months company achieved significant milestones including two million battery swaps deploying nearly 10000 electric motorcycles creating hundreds jobs part journey create cleaner greener future location vi lagos responsibilities backend development utilize java spring boot robust backend development implement serverside scripting using php efficient data processing work databases including mongodb postgres seamless data management full stack development click link read apply check recent jobs nyasajob new job opportunities posted daily whether youre starting looking advance career platform connects employers eager find talent like dont miss outstart exploring today discover career youve waiting register create professional cv _____________________________________ job work jobs jobsearch business career hiring recruitment instagood employment life motivation instagram jobseekers,positive,1,1730704026.0,1
Togo,Togo sustainable development,portable total organic carbon toc analyzer market anticipated grow considerable cagr 90 forecast period market portable total organic carbon toc analyzer fuel growing globally due increasing demand sustainable renewable energy sources addition increasing amount waste produced globally led greater need waste management solutions convert waste useful products instance according world bank group world generates 201 billion tonnes municipal solid waste annually least 33 managed environmentally safe manner also global waste anticipated grow 340 billion tonnes 2050 get free sample link major companies serving global portable total organic carbon toc analyzer market include emerson electric co mishimax co ltd togo eco guardians pty ltd machinex industries inc meiko maschinenbau gmbh co kg others market players considerably contributing market growth adoption various strategies including mergers acquisitions partnerships collaborations funding new product launches stay competitive market instance march 2022 ml environmental group scott equipment company came strategic partnership expand waste recycling solutions us clients partnership enabled ml environmental groups customers solve broader challenges within organics construction demolition waste recycling markets offering additional complementary system solutions meet application needs full report portable total organic carbon toc analyzer market available market coverage market number available 20242031 base year 2024 forecast period 20242031 segment covered source product type applications competitive landscape archer daniels midland co ingredion inc kerry group plc cargill inc others global portable total organic carbon toc analyzer market report segment oxidation method ultraviolet oxidation uv persulfate oxidation othershigh temperature combustion application high purity water industrial process water water injection wastewater treatment source water surface water industry vertical pharmaceuticals chemical environmental semiconductor energy power oil gas food beverages others metal mining agriculture pulp paper global portable total organic carbon toc analyzer market report segment region north america united states canada europe uk germany italy spain france rest europe asiapacific china india japan south korea rest asiapacific rest world latin america middle east africa report covers market value data analysis 2022 forecast 2030 annualized market revenues million market segment countrywise analysis major geographical regions key companies operating global portable total organic carbon toc analyzer market based availability data information related new product launches relevant news also available report analysis business strategies identifying key market segments positioned strong growth future analysis marketentry market expansion strategies competitive strategies identifying whostandswhere market customized data request report customization orion market research orion market research omr market research consulting company known crisp concise reports company equipped experienced team analysts consultants omr offers quality syndicated research reports customized research reports consulting researchbased services company also offer digital marketing services subsidiary omr digital software development consulting services another subsidiary technologies media contact company name orion market research contact person mr anurag tiwari email infoomrglobalcommailtoinfoomrglobalcom contact 91 7803040404,positive,1,1728023234.0,1
Togo,Togo sustainable development,please find comments 39 new vacancies opened since thursday 13 jun data come un talent every open consultant position un programme amp policy medical amp health new york united states america consultancy knowledge reporting communications consultant req unicef united nations childrens fund expires 6 days consultancy uniceforg programme amp policy new york united states america consultancy social protection fragile humanitarian contexts consultant req unicef united nations childrens fund expires 6 days consultancy uniceforg programme amp policy medical amp health innovation copenhagen denmark hydrogeologist consultant office innovation sustainable wash hub 115 months remote unicef united nations childrens fund expires 11 days consultancy uniceforg programme amp policy monitoring amp evaluation caracas venezuela consultancy realtime assessment unicef venezuela humanitarian response caracas venezuela 3 months unicef united nations childrens fund expires 13 days consultancy uniceforg environment finance amp economy paris france agrotech consultant unep united nations environment programme expires 3 days consultancy careersunorg communications amp pr new york united states america un news stringer chinese china un dgc department global communications expires 10 days consultancy careersunorg environment finance amp economy paris france adaptation consultant technology needs assessment tna papua new guinea unep united nations environment programme expires 10 days consultancy careersunorg environment finance amp economy nairobi kenya cbit 2 georgia ppg consultant unep united nations environment programme expires 6 days consultancy careersunorg environment finance amp economy geneva switzerland consultant financial needs assessment 20262030 coordination analysis unep united nations environment programme expires 8 days consultancy careersunorg environment finance amp economy geneva switzerland consultant financial needs assessment 20262030 analysis unep united nations environment programme expires 8 days consultancy careersunorg finance amp economy beirut lebanon expert trainer antidumping safeguard measures international trade regulations unescwa economic social commission western asia expires 6 days consultancy careersunorg communications amp pr bonn germany analytics amp visual graphics specialist undrr united nations office disaster risk reduction expires 4 days consultancy careersunorg communications amp pr vienna austria advocacy consultant unodc united nations office drugs crime expires 9 days consultancy careersunorg mbabane eswatini international consultant data analysis inform scoping healthcare lowincome leveraging financial inclusion unfpa united nations population fund expires 15 days consultancy unfpaorg programme amp policy monitoring amp evaluation lome togo consultant international pour la réalisation dune analyse du paysage climatique pour les enfants clac lomé togo 4 unicef united nations childrens fund expires 12 days consultancy uniceforg teaching amp training programme amp policy lusaka zambia consultancy develop framework guides monitoring evaluation process education sector indicators unicef united nations childrens fund expires 5 days consultancy uniceforg programme amp policy bangui central african republic consultant national pour la finalisation du plan strategique multisectoriel de securite alimentaire et de nutrition en unicef united nations childrens fund expires 9 days consultancy uniceforg programme amp policy managua nicaragua consultoría internacional impacto del cambio climático en servicios de inmunización en nueva segovia madriz jinoteg unicef united nations childrens fund expires 12 days consultancy uniceforg finance amp economy geneva switzerland junior researcher unctad united nations conference trade development expires 4 days consultancy careersunorg environment finance amp economy nairobi kenya project officer unep united nations environment programme expires 5 days consultancy careersunorg medical amp health brasilia brazil consultoría para programa de becas tema salud mental ohchr office high commissioner human rights expires 3 days consultancy careersunorg environment finance amp economy paris france assistant coordinator technology needs assessment tna papua new guinea unep united nations environment programme expires 11 days consultancy careersunorg finance amp economy beirut lebanon consultant innovative financing instruments mobilizing affordable finance unescwa economic social commission western asia expires 3 days consultancy careersunorg environment finance amp economy panama city panama specialist spatial analysis climate risk unep united nations environment programme expires 5 days consultancy careersunorg programme amp policy finance amp economy kampala uganda evaluation consultant team member evaluation united nations sustainable development cooperation framework uganda unrc un resident coordinator system expires 12 days consultancy careersunorg programme amp policy finance amp economy kampala uganda international evaluation consultant team leader united nations sustainable development cooperation framework unrc un resident coordinator system expires 12 days consultancy careersunorg new york united states america gender parity consultant home based un women expires 13 days international consultant jobsundporg beirut lebanon graphic designer consultant retainer un women expires 13 days national consultant jobsundporg jakarta indonesia national consultant administrative support face form verifications retainer readvertise un women expires 9 days national consultant jobsundporg expert national en compétences de vie pour les femmes rurales et leur ménages pour tunisian un women expires 6 days national consultant jobsundporg pretoria south africa consultant driver un women expires 6 days national consultant jobsundporg programme amp policy programme management consultant un women expires 5 days international consultant jobsundporg perugia italy consultant video graphic designer unesco united nations educational scientific cultural organization expires 19 days consultancy careersunescoorg programme amp policy rome italy homebased consultancy intersectional discrimination consultant 198 working days ecaro op rome italy unicef united nations childrens fund expires 5 days consultancy uniceforg teaching amp training programme amp policy phnom penh cambodia national consultant support monitoring evaluation coordination education phnom penh cambodia camb unicef united nations childrens fund expires 7 days consultancy uniceforg communications amp pr beirut lebanon assembly binding equipment operator unescwa economic social commission western asia expires 2 days consultancy careersunorg programme amp policy finance amp economy cairo egypt national disaster risk reduction drr consultant comoros undrr united nations office disaster risk reduction expires 3 days consultancy careersunorg amp telecom information management geneva switzerland amp web development unctad united nations conference trade development expires 7 days consultancy careersunorg programme amp policy womens political participation wpp programme officer libyan un women expires 5 days national consultant jobsundporg next post 2 days,positive,2,1718491892.0,1
Togo,Togo sustainable development,please find comments 29 new vacancies opened since friday 15 mar data come un talent every open consultant position un havana cuba communication specialist unesco united nations educational scientific cultural organization expires 19 days consultancy careersunescoorg programme amp policy innovation stockholm sweden consultancy junior reporting amp communications consultant innovative project equitable energy schools heal unicef united nations childrens fund expires 12 days consultancy uniceforg finance amp economy admin panama city panama nature4cities financial specialist unep united nations environment programme expires 11 days consultancy careersunorg communications amp pr laayoune morocco western sahara public information assistant digital media un minurso united nations mission referendum western sahara expires 2 days consultancy careersunorg environment finance amp economy paris france expert adaptation climate change unep united nations environment programme expires 2 days consultancy careersunorg environment finance amp economy panama city panama country leader consultant costa rica capacity building carbon markets article 6 readiness project unep united nations environment programme expires 5 days consultancy careersunorg environment finance amp economy bangkok thailand verification hcfc consumption palau samoa solomon islands tonga unep united nations environment programme expires 5 days consultancy careersunorg new york united states america consultant international sign interpreting un women expires 9 days international consultant jobsundporg lima peru especialista en formulación de propuestas para atender brechas de pueblos indígenas unesco united nations educational scientific cultural organization expires 7 days consultancy careersunescoorg communications amp pr lima peru consultoría en comunicaciones gestión de plataformas digitales para promover engagement lima perúlac 12 meses unicef united nations childrens fund expires 10 days consultancy uniceforg medical amp health programme amp policy national digital health consultant zanzibar tanzania 32 months unicef united nations childrens fund expires 12 days consultancy uniceforg crisis amp emergency response geneva switzerland homebased consultancy develop workshop package deliver regional workshops accountability affected popu unicef united nations childrens fund expires 5 days consultancy uniceforg programme amp policy kingston jamaica consultant produce evidencebased final narrative report joint programme kingston jamaica 55 days remote unicef united nations childrens fund expires 5 days consultancy uniceforg environment finance amp economy paris france methane planning expert comoros unep united nations environment programme expires 24 days consultancy careersunorg finance amp economy geneva switzerland international consultant kenyaitckoica project partnerships economic inclusion advisor itc international trade centre expires 16 days consultancy careersunorg environment finance amp economy san salvador el salvador consultant specialist institutional strengthening coordination unep united nations environment programme expires 8 days consultancy careersunorg amp telecom information management geneva switzerland international consultant markup 2 project graphic design expert itc international trade centre expires 11 days consultancy careersunorg finance amp economy panama city panama comprehensive disaster risk analysis including humanitarian aspects bahamas undrr united nations office disaster risk reduction expires 4 days consultancy careersunorg finance amp economy lome togo consultante internationale chargée de soutenir lequipe du bureau du coordonnateur résident sur les aspects socio unrc un resident coordinator system expires 5 days consultancy careersunorg environment finance amp economy bangkok thailand national safeguards expert lao pdr unep united nations environment programme expires 3 days consultancy careersunorg environment finance amp economy panama city panama junior technical analyst unep united nations environment programme expires 5 days consultancy careersunorg amp telecom information management geneva switzerland digital service design unctad united nations conference trade development expires 2 days consultancy careersunorg new york united states america environmental sustainability consultant un women expires 16 days national consultant jobsundporg international consultant conduct midterm review strategic partnership framework 20222025 spfiii sida un women expires 12 days international consultant jobsundporg yerevan armenia national consultant develop beijing 30 review report armenian nationals un women expires 12 days national consultant jobsundporg tbilisi georgia national consultant support un women georgia co development tailored data monitoring tool zoho creator reta un women expires 12 days national consultant jobsundporg belgrade serbia lead consultant designing conducting training representatives judiciary field evaw un women expires 7 days national consultant jobsundporg belgrade serbia national consultant coordinating facilitating conducting trainings representatives judiciary fie un women expires 7 days national consultant jobsundporg readvertised consultant copy editor retainer english tofrom khmer language also fluent khmer language un women expires 5 days international consultant jobsundporg next post 2 days,positive,1,1710693019.0,1
Togo,Togo sustainable development,rotterdam rules motion house recognises 1 rotterdam rules officially known united nations convention contracts international carriage goods wholly partly sea provide modern comprehensive legal framework regulating international shipping trade whereby rules aim replace outdated conventions hague rules haguevisby rules hamburg rules 2 rotterdam rules whilst drafted 2008 signed 2009 yet force since requiring minimum 20 ratifications take effect signatories armenia benin cameroon congo democratic republic congo denmark france gabon ghana greece guinea guineabissau luxembourg madagascar mali netherlands niger nigeria norway poland senegal spain sweden switzerland togo united states b ratifiers benin cameroon congo spain togo 3 united kingdom currently neither signatory ratifier rotterdam rules 4 significance international trade shipping global economy ratification rotterdam rules crucial step towards enhancing harmonising legal framework governing international carriage goods sea house acknowledges 1 rotterdam rules introduce greater clarity transparency international shipping contracts essential globalised economy whereby adopting uniform rules reduce legal uncertainty disputes ultimately leading efficient predictable trade environment 2 rotterdam rules align international maritime law current trade practices helps businesses navigate complex world international shipping ensuring confidently engage crossborder trade without ambiguity 3 rotterdam rules strengthen liability carriers provide fair balance interests shippers carriers consignees improved accountability promotes responsible safe shipping practices benefiting stakeholders 4 establishing clear rules standards international shipping rotterdam rules encourage innovation investment maritime industry leading development efficient sustainable transportation methods 5 harmonised legal framework international shipping promotes economic growth facilitates trade particularly important globalised world interconnected supply chains global markets 6 importance united kingdom plays international trade maritime commerce actions significant influence setting global norms standards therefore house urges government 1 ratify rotterdam rules contribute efficient reliable global trade system benefiting businesses consumers economies worldwide 2 support rules paving way future international shipping governed comprehensive modern balanced legal framework 3 recognise significance rotterdam rules fostering international trade take necessary steps ensure swift implementation 4 encourage signatories ratify rotterdam rules motion submitted uwaffellol lt cmg spokesperson business trade innovation energy netzero behalf liberal democrats relevant documents rotterdam rules united nations convention international carriage goods wholly partly sea opening speech deputy speaker campaigned drive modernise united kingdom bring forth new wave innovation regulatory reform calling ratification rotterdam rules monumental step forward britain world maritime law trade regulation rotterdam rules represent beacon modernity ageold industry seek replace outdated conventions like hague rules haguevisby rules hamburg rules change crucial firstly rules clarity predictability international trade environment interconnected complex ever liberal internationalists fully embrace globalised interconnected world live however world goods travel across borders multiple carriers various modes transport ensuring unified modern legal framework paramount rotterdam rules bring us clarity bring legal alignment bridge archaic contemporary rapidly evolving global economy digitalisation justintime logistics containerisation norm legal standards must keep pace rotterdam rules harmonising laws current state international trade furthermore rules enhance liability responsibility shipping striking fair balance interests shippers carriers consignees protecting one group holding parties accountable fostering safer shipping practices ensuring rights responsibilities everyone involved building trust cooperation global economy legalities fostering innovation party strongly committed innovation development clear consistent framework provided rotterdam rules promote investment maritime industry encourage development efficient sustainable transportation methods good business essential planet addressing climate change proud call decision recognises fundamental role interconnection plays lives promoting economic growth facilitating trade providing stability necessary businesses small large thrive urge government ratify rotterdam rules displaying britains long awaited support rules benefit businesses prosperity entire nation global economy stands 25 nations signatories 5 fully ratifying treaty delay agreement cannot go urge government work encourage states ratify agreement utilising britains key role world stage matters international trade commerce allowing us build future international trade governed comprehensive modern balanced legal framework international trade efficient reliable underpinned rule law trust reading end friday 17th november 10pm gmt,positive,2,1699981723.0,1
Togo,Togo sustainable development,pilot phase mutaa unique market african air transport project launched monday 14 november dakar senegal presence fifteen african transport aviation ministers gradually mutaa becoming effective meeting dakar last monday 23rd anniversary yamoussoukro decision 15 african countries took part launch mutaa pilot implementation project first flagship project african union au agenda 2023 mutaa initiated liberalise access african aviation market first flagship project african union au agenda 2023 mutaa initiated liberalise access african aviation market affoh atchadedji togos minister transport attended meeting senegal called african countries sign program president republic togo faure essozimna gnassingbé mutaas champion chairman committed ensuring realisation fully integrated air transport market africa consistently advocated member states join implement mutaa continent bright future air transport therefore like fingers one hand must join hands see continent flourish facilitate connectivity major cities said furthermore celebration 23rd anniversary dy therefore provides opportunity us ministers transportaviation commit continental benefits full implementation yamoussoukro decision mutaa presented aucommissioned continental study order contribute success aus agenda 2063 socioeconomic development respective states continent continued launched 2018 addis ababa ethiopia ordinary session au assembly heads state government project far registered unconditional adhesion 35 countries continent moreover 23 signed memorandum implementation common market x200b according information published news website wakatsera continental study cited cafrica reveals implementation single market generate 42 billion additional global gross domestic product gdp african countries also create 596000 new jobs lead 27 reduction air fares finally implementation mutaa contribute achievement united nations sustainable development goals unsdgs source,positive,20,1668669027.0,1
Togo,Togo sustainable development,lecture hall galactic union university hummed nervous energy students countless species settled seats appendages twitching sensory organs straining anticipation wasnt classit one controversial yet mandatory courses curriculum theoretical xenoanthropology human anomaly professor zyxnax volaxian iridescent skin four arms glided podium compound eyes swept across room taking diverse assembly sentients began voice modulated reach every corner vast amphitheater welcome todays session youre aware course compulsory students regardless chosen field galactic union council includes material standard curricula due unique challenges presented human situation collective murmur passed audience let us begin evidence suggests zyxnax continued skin shifting deep blue humans remain uncontacted species confirmed images concrete data appearance physiology understanding comes entirely analyzing actions construction single vessel encountered mid rim sectors 847th great cycle professor manipulated holographic display showing blank silhouette alien portrait would typically vessels nature artificial construct confirmed vexkar boarding action documented recovered fragments military archives boarding party found life support systems quarters biological entities automated systems appeared maintenance mining robotics based ships construction behavior patterns leading theory suggests represents attempt preftl civilization explore beyond system despite time constraints sublight travel hologram shifted show sleek unfamiliar vesselthe human ship become subject intense academic debate across galaxy vessels design principles defy standard classification systems zyxnax explained gesturing key structural elements technologically simpler current capabilities many aspects integration systems behavioral patterns suggest approaches automation adaptation known species developed krantak student chittered nervously professor certain vessels behaviors reflect original programming could evolved beyond initial parameters zyxnaxs skin flickered acknowledgment astute observation zix cannot certain uncertainty forms one central challenges analyzing human technological development say based documented encounters vessel demonstrates consistent behavioral patterns suggest sophisticated decisionmaking protocols professors voice took measured tone consider timeline vessel documented galaxy 400 standard cycles analysis suggests maintains form communication point originthough method remains unclearand continues gather data encountered species technologies location origin point remains unknown despite considerable effort track trajectory ripple unease passed audience galactic union councils security committee raised valid concerns zyxnax continued vessel possesses detailed knowledge numerous species technologies potential vulnerabilities humans achieve fasterthanlight travelassuming havent alreadythey would access accumulated data creates complex security situation various council factions interpret differently lecture hall fell contemplative silence however professor said skin shifting calming shade let us examine first documented major encounter vessel sentient speciesan event would challenge many assumptions human technological capabilities student middle hall suddenly stood zentauri multiple limbs eyes seemed darting directions professor zentauri said voice quivering excitement regarding vessels capabilities zyxnaxs skin flickered mix caution academic interest particular student glix known wild speculations yes glix records suggest selfreplication capabilities evidence supporting lecture hall suddenly background murmurs zyxnaxs skin cycled several colors composed response thats matter ongoing debate glix professor managed salvaged vexkar battle records confirm vessels ability construct repair various components extent capabilities remains unclear must careful conflate observed abilities speculation returning lecture zyxnax manipulated holographic display let us examine first documented encounter vessel sentient species event provides earliest insight capabilities behavioral patterns holographic display shifted showing two vessels suspended void space one distinctive design unknown ship damaged craft zarquin design encounter first learned name vessels creators rescued zarquin records indicate interaction vessel identified human origin though shared details creators location nature professors skin shifted deep purple reflecting academic gravity moment encounter presents several key insights vessels operational parameters records rescued zarquin indicate vessel demonstrated sophisticated analytical capabilities appeared decisionmaking protocols melorian student raised gelatinous pseudopod professor could vessel simply continued trajectory zyxnaxs compound eyes focused student indeed possibility extensively discussed academic circles vessels deviation course suggests either complex decisionmaking abilities preprogrammed response protocols far sophisticated known automation systems zarquin records indicate vessel initiated contact using communication protocols apparently analyzed decoded approach hologram zoomed two ships showing interaction consider implications zyxnax continued vessel encounters unknown entities rather avoiding contact automated systems would programmed demonstrates ability establish communication assess situation suggests creators anticipated encounters developed novel approaches handling lecture hall silent student contemplating implications zarquin logs describe vessels methods assistance professor paused skin rippling academic uncertainty unsettling efficiency maintenance robotics apparently designed mining operations demonstrated unprecedented adaptability repair functions hologram showed interior zarquin ship reconstructed survivor accounts heres events took dramatic turn zyxnax continued skin pattern indicating shift topic vessel assisting zarquin detected another ship approaching vexkar warship would provide first direct evidence vessels true nature vexkar encounter zyxnax continued skin shifting tense amber hue largely shrouded mystery provides first glimpse vessels defensive capabilities though much know comes zarquin survivors intercepted vexkar distress signals holographic display shifted show imposing form vexkar warship approaching two vessels vexkar initially damaged zarquin vessel ambush hunting damaged vessel arrived complete assault zarquin survivors reported vexkar enraged find another vessel rendering assistance intended victims nexilian students crystalline structure pulsed light spoke vexkar records tell us approach surviving data comes initial scan logs final distress signals zyxnaxs skin rippled scholarly caution detected life signs aboard unknown vessel despite considering intervention hostile saw opportunity technological acquisition final transmissions indicated intent destroy zarquin capturing assumed advanced automated vessel professor manipulated display show limited data available followed largely known vexkar distress signals zarquin survivors accounts vexkars final transmissions became increasingly erratic reporting catastrophic systems failures throughout vessel last coherent message described automated systems turning hologram showed fragments encounter marked clearly reconstructed limited data encounter ended apparent collision destroyed vessels zarquin evacuated escape craft moments survivors testimony valuable limited could observe escape vessel true nature unknown vessels defensive capabilities remains matter scholarly debate direct evidence survived encounter hologram displayed reconstructed sequence events clearly marked caveats speculative nature based available evidence prevailing theory suggests unknown vessel employed form electronic warfare vexkar ship speed totality vexkar systems failures point attack vector unlike anything encountered hypothesis automated systems merely disabled reprogrammed zyxnax paused allowing implications sink event marks turning point understanding potential human technology said term still feeling strange multitongued palate wasnt simply matter superior firepower shielding vexkar possessed abundance attack exploited vulnerability inherent galaxys reliance automated systems vulnerability known species previously considered let alone weaponized professors skin pulsed thoughtfully raises disturbing questions calculated tactic desperate measure less technologically developed species forced utilize unorthodox methods prevailing scholarly consensus leans towards former precision efficiency attack suggest deep understanding automated systems random act electronic disruption gestured hologram displaying series complex equations data streams furthermore subsequent analysis salvaged vexkar data fragments indicates deliberate manipulation communication logs vessel appears falsified records support narrative accidental collision deception combined complete destruction vexkar warship effectively erased evidence true capabilities krantak student chittered nervously professor go lengths conceal methods zyxnaxs compound eyes swiveled student precisely zix remains central question ongoing analysis conceal potent capability one prevailing theory selfpreservation species aware technological disadvantage might seek mask true potential perhaps deterrent future aggression hologram shifted display strategic map region following incident vexkar based falsified records launched perfunctory investigation concluding vessels destroyed collision allowed unknown vessel professor paused searching appropriate academic phrasing relocate nearby uninhabited system zyxnax said voice dropping near whisper truly unsettling aspect human technology becomes apparent vessels subsequent actions defy known precedents automated behavior manipulated display showing desolate rocky planet slowly transforming influence massive industrialization remote sensor readings galactic survey corps taken approximately two standard cycles vexkar incident reveal dramatic transformation previously barren world automated construction units likely repurposed vessels existing mining systems began erecting extensive industrial complex operating speeds unheard galactic engineering projects hologram fastforwarded showcasing rapid development factories mining operations energy collection grids barren landscape rapidly covered structures individually comprehensible formed whole felt alien disturbing efficiency singlemindedness consensus zyxnax stated skin rippling academic caution vessel simply repairing gathering resources constructing something required vast quantities raw materials production capacity something would rewrite rules galactic conflict hologram shifted displaying fragmented images robotic forms gleaned later vexkar reconnaissance reports nature forces constructed vessel remains subject intense debate remnants vexkar records declassified recently describe encounters autonomous units unlike anything previously encountered werent simply war machines tactics adaptability something wholly new zyxnaxs skin pulsed mix fascination unease vexkar initially dismissive threat believing dealing simple automatons quickly realized error units demonstrated coordinated strategic thinking adaptive tactics chilling disregard preservation professor manipulated display showing reconstructed battlefield marked disclaimers accuracy vexkar accustomed conventional warfare found facing enemy defied established doctrines autonomous units operating decentralized network could anticipate counter vexkar strategies unnerving speed utilized novel weaponry yes wasnt technology unsettling application technology sheer novelty tactical approach proved disruptive voloth students crystalline voice chimed professor tactics provide specific examples zyxnaxs tentacles waved gesture academic caution specifics remain classified galactic union security council say vexkar reports describe attacks exploited reliance centralized command structures predictable communication protocols systems considered secure turned terrifying efficiency paused allowing implications sink imagine foe disable weapons reprogram target forces foe infiltrate secure communication channels turn strategic planning trap hologram shifted displaying series graphs charts conflict escalated rapidly within matter standard cycles vexkar species known military prowess found infrastructure crippled fleets decimated civilization teetering brink collapse murmurs disbelief rippled lecture hall zyxnax continued voice tinged grim fascination story takes perhaps perplexing turn achieved described complete victory autonomous forces vanished systematically selfdestructed leaving trace technology opportunity vexkar reverseengineer weapons clues origins paused letting strangeness tactic sink reduce starfaring civilization preindustrial state thorough selfdestruction prevailing theory suggests controlling intelligence vessel likely advanced artificial construct calculated odds escape system unacceptably low lacking fasterthanlight capability faced near certainty discovery galactic union forces could develop ftl technology faced dilemma automated intelligence enacted brutal effective solution eliminate immediate threat possibility unique technology falling hands others even meant crippling entire civilization consider ramifications zyxnax added voice grave vexkar species whose economy social structure survival relied advanced technology suddenly thrown back millennia imagine industrial centers silenced communication networks severed energy grids collapsing sheer scale societal disruption almost incomprehensible widespread famine resource wars societal collapse depopulation alone would catastrophic paused allowing horror situation resonate within lecture hall vexkar force reckoned reduced scattering fragmented preindustrial societies clinging survival devastated world hologram displayed final image desolate scarred planet slowly returning preindustrial state hanging tragedy zyxnax said softly unspoken question responsibility vexkars prior aggression undoubtedly played role downfall ultimate cause catastrophic collapse human vessel automated intelligences response proportional ends justify means raises troubling paradox could intelligence seemingly programmed benevolent aid resort destructive measures perhaps intelligence operating twisted logic calculated potential extinction humanity hands vexkar outweighed devastation inflicted upon civilization ultimately true motives entity remain shrouded mystery chilling testament wholly alien nature intelligence paused multifaceted eyes sweeping across faces students human vessels actions seemingly effective short term raise profound ethical questions acceptable limits warfare consequences unchecked automation longterm ramifications drastic interventions development civilizations zyxnax concluded voice tinged somber note human vessel disappeared without trace mission ultimate destination still complete mystery leaving behind devastated world galaxy holding breath zyxnaxs skin shimmered reflecting ambient light lecture hall let us consider facets broader implications encounter said word still feeling inadequate describe sheer disruptive impact human vessel galactic union faced evidence previously unknown technological approach species capable wielding power apparent shadows preftl limitations forced reevaluate strategies priorities hologram shifted display complex network interconnected nodes representing various galactic civilizations immediate response predictably fear many species particularly vicinity vexkar system drastically increased military spending focusing developing countermeasures adversarial technology abuse witnessed conflict zyxnax paused term still feeling alien unsettling even however replicating defenses proved remarkably difficult human vessels methods exploited vulnerabilities inherent structure networked systems vulnerabilities never considered let alone addressed manipulated display highlighting specific nodes network civilizations fear chose isolate severing connections galactic network hoping shield potential attacks however proved doubleedged sword might offer protection adversarial technology also cut vital trade routes information sharing collective security galactic union zentauri student multiple eyes blinking rapidly spoke professor attempt locate human origin point zyxnaxs skin rippled mixture amusement exasperation course glix numerous expeditions launched attempting trace vessels trajectory back source human vessel unlike utilizing standard ftl drives left detectable warp signature movements space entirely conventional say least challenging sort noise conventional bodies moving space leaving trace sensors follow hologram displayed vast star chart swirling mass stars nebulae conspicuously blank region marked hypothetical human origin sector search continues course zyxnax admitted sheer scale galaxy combined elusive nature human vessel makes task akin searching specific flying rock galaxy full flying rocks except thats metaphor actual challenge paused letting daunting scale problem sink human vessel extension human species become focal point anxiety galactic union factions advocate preemptive strike human homeworld ever located argue species capable creating disruptive technology represents existential threat others included believe approach would disastrous know virtually nothing human motivations intentions attacking species dont understand based solely actions single autonomous vessel would reckless extreme zyxnaxs skin shifted calming shade prevailing strategy remains one watchful waiting monitor analyze attempt understand human anomaly presents unique challenge galactic union challenge forces us confront assumptions technology security nature interstellar relations professors skin pulsed ripple complex patterns reflecting delicate political situation vexkar know significant power sector aggression concerning largely tolerated due strategic importance let us frank apprehension inspired species however precipitous decline following human conflict hesitated word war feeling inappropriate asymmetrical conflict left power vacuum galactic union council faced unprecedented situation took unprecedented action hologram shifted displaying map galaxy vexkar system marked stark red quarantine zone contact vexkar strictly forbidden system complete embargo monitored joint galactic union task force zyxnaxs tentacles twitched gesture underlying tension decision taken lightly remains highly controversial move vexkar belligerent still members galactic union drastic measure unprecedented krantak student chirped nervously professor quarantine simply punishment aggression zyxnaxs compound eyes focused student official reasoning zix complex council cited need contain potential adversarial technological contamination risk vexkar remnants acquiring utilizing novel weaponry employed however paused skin darkening slightly less publicized motivations play lowered voice leaning closer podium vexkar reduced state allies speak previous aggression left isolated feared ultimately expendable galactic union council perhaps influenced desire avoid provoking similar response humans chose make example stark warning species might consider challenging established order zyxnaxs skin pulsed patterns shifting rapidly quarantine ostensibly aimed containing vexkar also serves another purpose peace offering sorts demonstration good intentions humans ever choose reveal signal galactic union tolerate unchecked aggression value stability peaceful coexistence least added hint cynicism creeping voice thats message hoping convey paused letting complex implications quarantine hang air zyxnaxs skin pulsed slowly sign contemplative reflection allowed silence hang air serve transition point lecture human anomaly reiterated term carrying weight centuries galactic uncertainty also sparked renaissance theoretical xenoanthropology forced reexamine understanding societal development technological progression potential diversity intelligent life hologram shifted displaying complex series branching diagrams representing various theoretical models civilizational development existing models largely based observed patterns known galactic species assume relatively linear progression preftl civilizations according models tend focus internal development consolidating planetary resources venturing interstellar space human vessel challenges assumption suggests species willing invest significant resources extrasolar exploration achieving fasterthanlight travel motivates strategy melorian student raised pseudopod gelatinous form quivering intellectual curiosity professor could strategy born desperation perhaps homeworld facing kind existential threat zyxnaxs compound eyes swiveled towards student intriguing hypothesis glex one explored extensively however theres evidence support vessel shows signs hasty construction resource scarcity fact design unconventional suggests significant investment time resources speaks deliberate longterm strategy desperate gamble manipulated display highlighting specific elements vessels design consider sophistication automated systems adaptive capabilities nature adversarial technology abuse arent hallmarks dying civilization suggest species high degree technological ingenuity species willing embrace unique thought hologram displayed series philosophical texts excerpts various galactic thinkers grappling implications human anomaly human vessel forced us reconsider biases assumptions constitutes advanced technology tend equate technological advancement complexity sheer power human vessel arguably less advanced many technologies certain areas demonstrates pragmatic efficiency focus achieving specific goals minimal resources combined unsettlingly novel approaches problemsolving makes far greater challenge simply advanced civilization might zyxnax paused skin pulsing thoughtfully human anomaly technological puzzle philosophical one forces us confront limits understanding vastness unknown potential surprise lies heart universe addressed class one last time voice resonating newfound sense wonder go forward sentients remember lessons human vessel question everything embrace unknown never underestimate potential species dares think differently,negative,1435,1731263136.0,-1
Togo,Togo sustainable development,forwarded private draft proposed doctrine libyan governments top officials heartlands doctrine name currently place holder table contents table contents preface definition heartlands article 1 article 2 article 3 article 4 article 5 article 6 preface nations dominion libya drc come tripoli hereby establish make official heartlands doctrine order ensure peace among small nations ensure security heartland regions maintain stability economy pursue regional continental development nations dominion libya drc pledge uphold doctrine time nations deem dated longer needed whether comes demise creation new organisations definition heartlands heartlands comprise regions known commonly west africa north central africa full map seen nations purple nations fall directly heartland green nations heartlands extended pictured included cape verde purple nations fall directly heartlands particular order dominion including dominion territory sierra leoneliberia libya volta republic seneguinea gambia guineabissau togo benin burkina faso mauritania mali niger chad gabon equatorial guinea republic congo democratic republic congo cape verde nations included heartland nations particular order morrocco western sahara algeria cae article 1 dominion libya drc vow defend nations heartlands event come direct threat continental overseas dominion libya drc called upon situation deemed need support defend protect heartland nation however event said attack sparked aggression heartland nation dominion libya drc reevaluate situation article 2 dominion libya drc pledge come others aid times need great crisis heartland doctrine aid defined military manpower fighting men defined situation calls example event invasion manpower would required yet event economic crisis bailout fund would appropriate article 3 dominion libya drc required share cooperate intelligence based manners involve national security three nations dominion libya drc establish joint intelligence sharing agency order facilitate security information sharing article 4 dominion libya superior drc enter mutual nonaggression pact vowing conflicting interests establishing open forum working potential conflicting interests dominion libya drc vow uphold fair trial justice event one three nations going rogue article 5 dominion libya drc vow uphold development african continent whole priority number 1 takes precedent else besides national security three members pledge develop invest donate whatever possible capacity order development continent whole also vow work closely united rest continent order prevent split occurring also vow disband said doctrine event panafrican union established deemed successful three article 6 order ensure sustainability heartlands dominion libya drc vow maintain lowered tariffs one another bolster invest economic relations within heartlands three vow stimulate economic region heartlands called upon ensure stability times crisis article 7 limited members heartland doctrine swear support nations heartlands region true democracies however event threat non democratic nation nation ability evaluate act accord heartlands doctrine draft forwarded libyan government await articles amendments items would like know drc fact taking part also interested knowing algeria cae permitted edits amended article 3 amended article 4 added article 7,positive,2,1467180109.0,1
Togo,Togo sustainable development,uses reddit obvious throwaway lets call lot history past drama might even call feud two families ive grown always knowing never actually meeting last years however befriended mum sisters ended meeting couple times lives different city always feeling would really get along spend time together couple months ago finally get along even better ever could expected basically talking everyday since really bonding sharing lot personal things weve graduated calling several nights week talking hour often havent done since highschool going tough time lately really helped made feel lot better clearly something friendship isnt sustainable single casually dating relationship isnt possible beween us many reasons dont really want get dont feel like line really crossed yet pretty much one us relationship would emotional affair weve talked sex lot future trips would take together smaller things like x200b dont lot friends life even less people make laugh much ive come rely feel falling bit really need establish boundaries get rid intensity keep friendship possible dont want togo contact long also feel like cant talk might one thoughts feelings feels like might easier keep friendship dont talk stuff putting genie back bottle maybe im wrong help reddit x200b tldr developped fast intense friendship guy lives different city feels like somebody lol going get hurt keep friendship establish boundaries,positive,25,1550574446.0,1
Togo,Togo sustainable development,since years applying pc wanted updated list general departure dates country decided would create personally departure date equally important aspects role like sector location every time new opportunities posted jan 1st apr 1st july 1st oct 1st added notes im sure others could benefit list curious postings pc offers information minus response pcv postings number positions language requirements couples accepted things recorded hindsight bit cumbersome post recommend using crtl f quick search country departure month sector sectors ag agriculture ced community economic development edu education env environment health health yid youth development pretty straightforward doesnt hurt define nomenclature find errors inconsistencies volunteer postings let know would happy correct error obviously exact dates change year year usually days weeks never seen changes months seasons generic format opportunity position title departure date sector x200b africa benin health extension volunteer june 7 2020 heath sustainable agricultural systems agent june 7 2020 ag sustainable agricultural systems agent june 7 2020 ag ced teaching english foreign language tefl teacher june 7 2020 edu botswana youth hivaids capacity building life skills educator july 23 2020 edu yid cameroon agriculture extension volunteer may 23 2020 ag community health educator may 23 2020 health english education teaching may 23 2020 edu secondary education science teacher may 23 2020 edu comoros teflsecondary school english teacher june 7 2020 edu eswatini community hivaids mitigation officer sept 21 2020 health youth development officer sept 21 2020 yid ethiopia agriculture nutrition development worker jan 17 2020 ag health community health educator jan 17 2020 health teflenglish language teacher june 14 2020 edu teflenglish language teaching specialist june 14 2020 edu ghana agriculture extension volunteer jan 13 2020 ag business agriculture advising volunteer jan 13 2020 ag ced health extension volunteer jan 13 2020 health junior high school math teacher may 31 2020 edu junior high school science teacher may 31 2020 edu special education teacher may 31 2020 edu guinea agroforestry volunteer nov 30 2019 ag env public health educator nov 30 2019 health secondary education english teacher june 22 2020 edu secondary education math teacher june 22 2020 edu secondary education science teacher june 22 2020 edu kenya deaf education teacher aug 31 2020 edu secondary education math teacher aug 31 2020 edu secondary education science teacher aug 31 2020 edu lesotho hivaids adolescent health advocate sept 27 2020 health yid primary education teacher sept 27 2020 edu liberia health extension volunteer feb 2 2020 health junior high math teacher june 3 2020 edu junior high science teacher june 3 2020 edu primary literacy teacher june 3 2020 edu primary literacy teacher specialist june 3 2020 edu madagascar agriculture extension volunteer feb 28 2020 ag community health advisor feb 28 2020 health english education teacher sept 11 2020 edu malawi environment food security educator june 6 2020 ag env high school english teacher june 6 2020 edu youth health advisor june 6 2020 health mozambique community health youth service promoter april 21 2020 heath yid high school english teacher aug 24 2020 edu high school math teacher aug 24 2020 edu high school science teacher aug 24 2020 edu namibia community health hivaids program chhap volunteer april 5 2020 health small enterprise entrepreneurship development volunteer april 5 2020 ced secondary education math teacher aug 9 2020 edu secondary education science teacher aug 9 2020 edu rwanda maternal child health educator aug 23 2020 health primary education english coteacher aug 23 2020 edu secondary education english coteacher aug 23 2020 edu senegal business development service agent feb 23 2020 ced yid community health support agent feb 23 2020 health forestry environment change agent sept 18 2020 ag env forestry environment specialist sept 18 2020 ag env sustainable rural agriculture extension agent sept 18 2020 ag sustainable rural agriculture specialist sept 18 2020 ag urban agriculture extension agent sept 18 2020 ag sierra leone community health promoter june 14 2020 health secondary education english teacher june 14 2020 edu secondary education math teacher june 14 2020 edu secondary education science teacher june 14 2020 edu south africa community hivaids outreach coordinator jan 17 2020 health primary school english teacher june 28 2020 edu tanzania health extension volunteer feb 3 2020 health sustainable agriculture volunteer feb 3 2020 ag secondary education math teacher july 5 2020 edu secondary education science teacher july 5 2020 edu gambia community gardening agroforestry facilitator oct 7 2019 ag community health facilitator oct 7 2019 health primary teacher trainer specialist june 15 2020 edu teacher trainer primary education june 15 2020 edu togo agriculture development specialist june 4 2020 ag community health educator june 4 2020 health english teacher june 4 2020 edu public health educator june 4 2020 health secondary education english teacher trainer june 4 2020 edu sustainable agriculture educator june 4 2020 ag uganda english literacy teacher nov 1 2019 edu agribusiness specialist june 5 2020 ag ced business development advisor june 5 2020 ag ced community health educator june 5 2020 health community health specialist june 5 2020 health zambia ag forestry extension agent linking income food environment life mar 9 2020 env agriculture extension agent rural aquaculture promotion rap mar 9 2020 ag maternal child health hivaids educator aug 16 2020 health secondary education english teacher tefl certificate aug 16 2020 edu x200b asia cambodia primary secondary education english teacher july 10 2020 edu secondary education english teacher trainer july 10 2020 edu china teacher english foreign language university college june 13 2020 edu indonesia english teacher teacher trainer sept 9 2020 edu mongolia english education teacher may 30 2020 edu health extension volunteer may 30 2020 health myanmar secondary education english teacher jan 21 2020 edu secondary education english teacherteacher trainer jan 21 2020 edu nepal english education teacher jan 31 2020 edu food security volunteer jan 31 2020 ag philippines coastal resource management community outreach facilitator july 2 2020 env english education coteacher july 2 2020 edu primary education teacher trainer july 2 2020 edu youth development facilitator july 2 2020 yid sri lanka english teacher teacher trainer oct 7 2019 edu english education teacher june 8 2020 edu thailand english coteacher teacher trainer jan 3 2020 edu english education teaching jan 3 2020 edu youth development volunteer jan 3 2020 yid timorleste community economic development facilitator oct 2 2019 ced english teacher teacher trainer oct 2 2019 edu x200b caribbean dominican republic community economic volunteer mar 3 2020 ced spanish literacy promoter primary school mar 3 2020 edu spanish literacy promoter primary school aug 17 2020 edu youth development facilitator aug 17 2020 yid eastern caribbean primary english literacy volunteer june 28 2020 edu jamaica primary literacy advisor mar 9 2020 edu sustainable agriculture facilitator mar 9 2020 ag ced env x200b central america mexico belize rural health educator may 4 2020 health yid costa rica business advising volunteer mar 9 2020 ced english teacher july 5 2020 edu youth development promoter july 5 2020 yid guatemala maternal child health promoter mar 3 2020 health rural development facilitator mar 3 2020 ag ced community economic development facilitator sept 20 2020 ced youth development program coordinator sept 20 2020 yid mexico climate change education youth empowerment volunteer june 3 2020 env natural resource conservation volunteer june 3 2020 env university english coteacher june 3 2020 edu university english coteacher teacher trainer june 3 2020 edu panama english coteaching critical skills facilitator feb 25 2020 edu english coteaching critical skills facilitator higher education feb 25 2020 edu environment education volunteer feb 25 2020 env business advising agriculture volunteer june 11 2020 ag ced sustainable agriculture extension promoter june 11 2020 ag water sanitation hygiene education facilitator june 11 2020 env health x200b eastern europe central asia albania community development volunteer jan 18 2020 ced english education volunteer jan 18 2020 edu health education volunteer jan 18 2020 health armenia community youth development volunteer mar 15 2020 yid tefl volunteer mar 15 2020 edu georgia english language coteacher youth educator april 17 2020 edu organizational community development facilitator april 17 2020 ced kosovo community organization development volunteer may 23 2020 ced english education volunteer may 23 2020 edu kyrgyz republic english language teacher june 4 2020 edu moldova english education teacher may 31 2020 edu health education teacher may 31 2020 health organizational development coordinator may 31 2020 ced montenegro english teacher youth development volunteer jan 18 2020 edu north macedonia community development associate sept 17 2020 ced english language coteacher sept 17 2020 edu special needs educator sept 17 2020 edu ukraine community youth development specialist aug 7 2020 yid community youth worker aug 7 2020 yid local government ngo advising volunteer aug 7 2020 ced secondary education teflenglish teaching aug 14 2020 edu university english teacher aug 14 2020 edu x200b north africa middle east morocco youth development specialist sept 7 2020 yid x200b pacific islands fiji community economic development facilitator sept 27 2020 ced samoa english literacy educator oct 1 2020 edu tonga english language teacher facilitator aug 17 2020 edu vanuatu literacy education facilitator may 20 2020 edu water sanitation hygiene wash nutrition facilitator may 20 2020 health x200b south america colombia business advising volunteer april 13 2020 ced english education teaching sept 7 2020 edu ecuador tefl teacher jan 13 2020 edu health wellness promoter may 25 2020 health youth development community service promoter may 25 2020 yid guyana adolescent health promoter june 1 2020 health community conservation promoter june 1 2020 env primary literacy promoter june 1 2020 edu paraguay community economic development promoter may 17 2020 ced community environment promoter sept 20 2020 env youth health promoter may 17 2020 health peru community health volunteer sept 2019 health youth development community service promoter sept 2019 yid community economic development facilitator mar 10 2020 ced water sanitation hygiene facilitator mar 10 2020 health x200b edits fixed inconsistencies added two missed positions peru,positive,94,1578014234.0,1
Togo,Togo sustainable development,x200b 24 december 2020 yesterday eight civil society organisations across world including access amnesty international committee protect journalists internet freedom foundation paradigm initiative privacy international reporters without borders red en defensa de los derechos digitales r3d filed amici brief ninth circuit federal court appeals california amici brief urges ninth circuit dismiss nso groups appeal claiming sovereign immunity whatsapps lawsuit seeks hold liable using whatsapps servers deliver pegasus spyware 1400 targets across world india news first broke october 2019 least two dozen human rights defenders including activists academics journalists lawyers targeted using highly sophisticated spyware called pegasus developed israel based nso group pegasus targeted users exploiting vulnerability whatsapp could gain complete access device getting user click link missed call revelations led widespread outrage especially since targets hack human rights defenders nso group claims sold pegasus government entities fact nso groups customers government entities key defence courts united states argued doctrine sovereign immunity typically available foreign nation states also extend private corporations act behest foreign nation states argument accepted would impossible hold private corporations accountable enabling human rights violations authoritarian regimes amici brief notes granting sovereign immunity nso group would place surveillance industry wholly outside framework created un guiding principles business human rights leave victims without remedy issue remedilessness particularly relevant indian context accountability pegasus hack despite multiple parliamentary committees central government departments state governments claiming investigate issue addition legal arguments rooted international human rights law amici brief also shines spotlight harm suffered human rights defenders targeted using pegasus features personal accounts victims india rwanda togo morocco particular brief quotes activist researcher lawyer bela bhatia defending rights adivasi communities chhattisgarh several years one indian targets pegasus hack executive director apar gupta notes october 30 year despite major headlines india absence sustained institutional action terrible breaches safety privacy caused due nso groups pegasus spyware hope amici brief helps achieve redress systemic individual level victims several journalists human rights defenders grossly illegal act surveillance extremely grateful access coordinating amici organizations also litigators farella braun martel llp pro bono legal assistance case important documents 1 amici brief filed civil society organisations link 2 previous post titled one year inaction delay evasion nsopegasus hack dated 02 november 2020 link,negative,37,1608792604.0,-1
Togo,Togo sustainable development,one previously posted cancelled tz february cohort helpful insight received post got phone call three offers narrowed two sustainable agriculture educator departing togo june agriculture forestry extension agent life departing zambia march difficult decision chose zambia biggest loss passing togo position opportunity develop widely spoken language like french im curious know learning less common language benefitted rpcvs long run despite con im looking forward outweighing pros zambia life linking income food environment position timely departure date beauty zambia many great things ive heard pcz staff im aware zambia technically hardship country im looking hear zambia rpcvs experiences language learning integrating traveling challenges testimony advice encouragement would appreciated growing excitement new adventure despite many existing blogs posts want engage discussion service zambia,positive,8,1576732807.0,1
Togo,Togo sustainable development,peacecorps response part peacecorps places citizens usa 6 12 months field like 2 full years peacecorps placements peace corps response sends experienced professionals undertake shortterm highimpact service assignments communities around world peace corps temporarily suspended operations overseas response covid19 still accepting applications preparation returning volunteers service need future volunteers like continue peace corps mission bring sustainable change community overseas 100 roles currently listed agricultural planning specialist requires bachelors degree field relevant agricultural development planning experience agricultural data collection analysis country gambia duration 12 months program specialist requires bachelors degree business business administration finance project management education related field least one year professional experience working children youth advanced spanish level country costa rica duration 12 months community health advisor requires minimum bachelors degree public health epidemiology least one year experience community health ability work frenchspeaking office environmentcountry benin duration 12 months monitoring evaluation specialist requires bachelors degree public health international relations development studies related field experience performance measurement developing monitoring evaluation tools advanced frenchspeaking skills country togo duration 12 months forest management specialist requires bachelors degree forestry forestry engineering two years working forest companyassociation least two years experience performing agroforestry management advanced spanish level country panama duration 12 months national community based literacy specialist needed work national communitybased literacy specialist ministry education moe national center educational resources development ncerd guyana masters degree equivalent education experience designing implementing literacy programs adults least 3 years experience lead teacher classroom teaching literacy needed 100 open positions listed,positive,1,1624403816.0,1
Togo,Togo sustainable development,seeing recently gave brief overview historical context behind mikasas legendary status separate thread originally going save discussion spacecadetpip character discussion 115th anniversary surprise attack port arthur good historical moment pass since history isnt everyones cup tea ill use headings make post easier navigate authors note fairly strong background history dont claim endall expert ijn even mikasa try nuanced discussion mikasa events participated always remember sources biases may subconsciously influence presentation events x200b conception japan triple intervention 66 program mikasa battleships hardly foreign concept japan imperial japanese navy late party acquiring time japan lacked proper shipyard facilities build battleships purchase overseas great cost first battleships predreadnoughts fuji yashima modified royal sovereignclass predreadnoughts fact expensive emperor meiji offer personally fund construction order motion pass diet despite severe costs incurred naval expansion japan focused acquiring battleships late 1890s early 1900s two events kindled interest ijns experiences first sinojapanese war socalled triple intervention followed x200b first sinojapanese war ijn heavily armored capital ships disposal fuji yashima still built uk thus rely upon francojapanese protected cruisers matsushima ikutsushima hashidate form battleline ended painful experience although cruisers boasted incredibly large caliber 320mm guns type designed role intended commerce raiding performance severely wanting according sources rate fire guns practice approximately 1 round hour yes read right 1 round hour armor failed sufficiently protect vital spaces devastating blows battle yalu river ijns flagship matsushima exchanged broadsides beiyang ironclad battleship zhenyuan barely avoided becoming japanese hms hood process single 12 inch shell zhenyuan inflicted 100 casualties set magazines alight due swiftthinking sailor used jacket douse flames disaster averted although japanese battle yalu river thanks quickfiring guns steady organization became clear doctrine centered around battleships better suited ijn prevailing merchantraiding jeune ecole philosophy x200b russias actions demonstration power triple intervention reinforced notions eyed lushunkou port arthur time prospective warm water part endpoint transsiberian railroad russian empire rallied germany sympathetic russias claims far east france russias major ally pressuring japan drop claims port arthur originally acquired stipulations treaty shimonoseki emphasize power russian empire battleship imperator nikolai one wows sent japanese waters show force warship similar power japanese navy ironclad battleship chinen formerly aforementioned beiyang warship zhenyuan handed prize war japan bowed three powers demands agreed accept proposed alternative large financial indemnity qing dynasty compensation x200b needless say hindsight ended huge mistake russia x200b japan used bulk indemnity estimated around 30 million pounds sterling approximately around 50 million yenfor reference suit earlymid meiji era around dozen yen expand fleet prevent awkward diplomatic incident occurring bit fiddling around optimal usage sum japan decided would allocate bulk money constructing 4 battleships 6 armored cruisers asama uk tokiwa uk izumo uk iwate uk yakumo germany azuma france armored cruisers shikishima uk hatsuse uk asahi uk mikasa uk battleships together fujiclass would form bulwark japanese fleet small side note shikishima considered attractive march written named composer warships march also exception yashima hatsuse members 66 program survived wwii even surviving early postwar period x200b mikasas exact designation origins bit confusing many japanese sources fanartgames including al contend subclass shikishimaclass battleship ordered timebatch preceding three warships anglophone sources designate mikasa class specifications quite different predecessors furthermore sources disagree inspiration design several pages wikipedia states modified majestic like shikishimas page proper modified formidable successor majestics largely appearance armament seeing formidableorigin cited places google books im personally partial modifiedformidable claim x200b case mikasa laid january 24 1899 launched november 8 1900 christened baroness hayashi custom many ijn ships time cage doves released ships bow rolled slipways christened day baroness hayashi wife japanese ambassador launchbreaking ceremony took form breaking bottle wine releasing pigeoncote containing twelve small birds ensconced small circular platform within red white draped balloon ship began glide ways cord pulled birds flew minds spectators went back story ark november 17 1900 sphere x200b time mikasa generally considered international community strongest battleship japanese navy world newspapers using superlative seem basing displacement rather armament howeveramerican battleships heavily armed britishdesigned warships time often considered undergunned weight unlike predecessors halfsisters built krupp cemented armor armor composition commonly found later warships though exact composition kca changed time comparison harvey nickel armor schemes krupp cemented armor spalled significantly less demonstrated greater effective strength shells meaning belt required say 1012 inches harvey steel would need 8 9 kca allowing extra weight used elsewhere although exceeded speed expectations trials going nearly 185 knots rate fire 12 guns wasnt ideal approximately 3 rounds every two minutes x200b completed march 1902 left uk japan year period painted iconic blackwhiteblack livery three white identifying stripes placed funnels british fashion recall correctly fuji none yashima one asahi two system personally find timing journey symbolic built final years queen victoria completed budding years king edward viis reign likewise service life marked beginning ends several eras terms politics military doctrine x200b little sidenote mikasa set awkward start shortly departure crew staged mutiny actingcaptain protest working conditions incident hushed papers japan times got wind like thing mikasa bit naughty mischievous streak x200b meiji men command russojapanese war years leading russojapanese war relations russia japan remained incredibly strained russias power far east grew considerably boxer rebellion cemented foothold manchuria steadily expanding influence korea japan despite gone war china ten years prior ostensibly protect koreas autonomy made concerted efforts put within japanese sphere influence protectorate outright negotiation attempts made went nowhere russia accused japan unreasonable japan countered russia seemed deliberately stalling proposing clearly unacceptable demands x200b war seemed inevitable prime minister yamamoto gonnohyoe made decision appoint new commander combined fleet much everyones surprise however rather appointing mostlikely candidate ijuin goro recall correctly yamamoto appointed dark horsetogo heihachiro supposedly decision perplexing emperor meiji asked yamamoto sure togo good pick prime minister replied togo man good fortune x200b reality yamomoto probably picked togo service record togo well versed international law record absolving guilt kowshing incident hawaii indication could relied upon comply expectations orders high command compatible ijn needed preparation russojapanese war stakes high japan countrys gold reserves dangerously low requiring international loans buoy banking systems ija would major disadvantage russian forces far east latter possessed numbers heavy artillery renowned quite accuratethe stereotypereputation time russians developed fondness accuracy guns legacy pivotal role napoleonicera battles borodino ijn would essential preserving ijas momentum mainland keeping sealanes open failure endangered outcome entire war x200b case mikasa ended becoming admirals cradle officers sailors would rise prominence later years including akiyama saneyuki arguably famous officer save togo heihachiro serve aboard mikasa top cadet graduating class responsible taking tactics advocated alfred thayer mahan akiyama personally visited time japanese attache usn spanishamerican war adapting usage japanese navy notably including proposing defeating russian navy detail waiting baltic fleet overextended become fatigued engaging full might ijn near japanese homewaters generally credited mastermind behind tactics deployed tsushima look famous painting tsushima officers assembled officer right behind togo aiguilettes book inspiring japanese naval strategem around idea decisive battle though personally believe intention decisive battle severely misappropriated common usage retelling showaera naval doctrine especially considering wwii dead several decades legacy magnified popular history due popular japanese historical novel saka ue kumo nhk drama kato kanji officer would become minister navy japans representative first london naval treaty would later become notorious removed position hirohito say even togos private request vocal opposition treaty russojapanese war however gained renown refining japanese naval gunnery placing increased emphasis focused fire centralized command position model used naval combat navies wwi wwii kato tomasaburo gunnery officer would later serve japans 12th prime minister responsible negotiating terms washington naval treaty japans behalf reputedly frequently sick stomach disorders throughout military political career ultimately died colon cancer office prince fushimi member imperial household helped command mikasas 12 battery believe rear 12 turret precise wounded battle yellow sea turret took direct hit according popular legend soldiered british fashion inspired crew continue duties prince fushimi would gain notoriety later years major figure fleet faction party within ijn sought overturn naval treaties resume unrestricted expansion japanese navy suspected complicit several controversial actions china years leading wwii abo kiyokazu opposite side political spectrum kato kanji prince fushimi abo kiyokazu member protreaty faction political moderate tenure aboard mikasa gunnery officer developed comical system making russian warships easy japanese sailors memorize turning bad japanese mnemonics instance oryol became ant farm dmitri donskoi became garbageman gonsuke x200b bad start port arthur may 1904 yellow sea im honest mikasas career reads like shonen protagonist starts wimpy works hard becomes legend despite acclaimed yamamoto fortunate man neither togo combined fleet mikasa quite lucky 1904 x200b upon assuming command combined fleet mikasa flagship togo heihachiro prepared conduct preemptive attack pacific fleet port arthur time despite frowned upon legal japanese diplomats fact used russias surprise invasion finland 1800s official counter russias protest attacks despite catching russians complete surprise evening february 8 russian commanding officer admiral stark middle celebrating wifes birthday party attack began russian fleet remained largely intact attempted followup attack next morning proved equally ineffective several hits scored russian cruisers opening salvo russian pacific fleet scored hit mikasa wounding several officers including chief engineer flag lieutenant destroying aft bridge failed quickly eliminating russian pacific fleet japanese combined fleet forced dig blockade port arthur togo ordering mines placed around harbor entrance x200b despite high officer turnover within russian pacific fleet numerous sallies made vladivostok remainder 1904 two forces remained neckinneck admiral stark replaced talented strategist admiral stepan makarov helped design overall shape modern ap shell developed improved counterflooding measures russian navy admiral makarov killed petropavlosk lured port arthur running minefield replacement admiral wilhelm vitgeft also made several failed breakout attempts time steadily bled admiral togo much admiral togo bloodied may 1904 ijn lost 13 entire battleship force hatsuse yashima single day russian mines several cruisers following suit following months scouting suitable landing sites ija forces make matters worse convoy carrying heavy artillery imperial guardsmen could decisively tip scales japans favor intercepted sunk armored cruiser division vladivostok forcing ijn spread resources thin avoid similar incident reoccurring x200b dangerous moment ijn entire war battle yellow sea august 1904 vitgeft made one final attempt break time vitgeft major head start togo successfully misguided combined fleet intentions late furious attempts intercept russian pacific fleet also failed vitgeft taking precautions maintain distance two sides engagement mikasa lead ship japanese column came heavy fire russian counterparts sustaining 20 hits 125 casualties damage sustained quite serious close succession one shell hit bridge killing almost everyone inside time togo preferred using alternate exterior bridge completely unharmed another two took wireless radio yet another disabled rear turret imperial prince fushimi inside mikasa dangerously close forced withdraw engagement conceding defeat togos good fortune kicked last 12 shell battleship asahi bounced roof tserarevich conning tower exploded inside killing admiral vitgeft instantly also jammed ships wheel enough point tserarevich leading russian fleet charging rest russian fleet still unaware happened followed suit attempt another battleship reform russian battleline likewise cut short japanese shell sheared signal flags preventing ships order acknowledged fleetmates eventually ships began realize happened order prevent complete destruction disorganized pacific fleet battleship retvizan charged entire combined fleet alone attempt buy time pacific fleet retreat although retvizans maneuver successfully screened pacific fleet pacific fleets defeat yellow sea marked major turning point russojapanese war vitgefts death russians made attempts sally port arthur surviving ships didnt seek internment shanghai indochina destroyed winter ija captured port arthur last bombarded pacific fleet oblivion furthermore shortly battle yellow sea japanese cruisers command admiral kamimura discovered defeated vladivostok armored cruiser squadron ulsan ending threats japanese troop transports shipping x200b square 203 fine weather tsushima recognizing narrowly japanese snatched victory jaws defeat ijn began extensively training preparing russian baltic fleet latter steadily made way europe far east returning briefly japan rest repairs mikasa combined fleet steamed chinhae bay modernday jinhae began rigorously improving gunnery absolute secrecy focus placed accuracy readily identifying russian silhouettes according sources excaliber firing putting rifle inside gun firing distant target estimate accuracy gunners lead bad mnemonics abos aforementioned jokes used extensively combined fleet finally began practicing live ammunition could go several dozen rounds missing target combined special explosive used japanese artillery shells shimose powder variant picric acid causes shell shatter violently impact morale confidence improved greatly x200b question therefore shifted take baltic fleet baltic fleet going go although tide battle turned japans favor yet crushing victory either land sea could lead favorable peace settlement russia public also began grow warweary casualties sustained grew apparent therefore essential combined japanese fleet defeat baltic fleet maul badly even slightest shadow doubt japanese mind major split occurred ijn opinion proper course action many including akiyama saneyuki feared russians would go wide head pacific ocean around japan thereby preventing japanese intercepting late others countered everyone overthinking baltic fleet would neither resources time make roundabout journey end togo firmly resolved argument insisting would stay chinhae bay wait baltic fleet knew would pass tsushima strait x200b togo proven right morning may 27 merchant cruiser shinano maru somehow stumbled entire russian fleet without detected scouting tsushima strait recognizing magnitude findings radioed combined fleet enemy square 203 proceeded shadow entire baltic fleet next several hours even latter became aware presence mikasa first squadron sometimes called first fleet prepared battle third fleet relieved shinano maru proceeded lure russians towards first squadron side note shinano maru lucky sob read entire career luck russojapanese war vet pretty clear brushed elbows celebrities death quite times x200b morning poor visibility two fleets detected early afternoon asked comment combined fleets prospects imminent engagement mikasa communicated weather fine large swells according popular legend poetic line informed japanese government victory certain weather would clear making difficult baltic fleet visibly disengage combined fleet moreover seas would rough throwing baltic fleets aim due inexperience seas ijns rigorous training would prevent similar effects japanese gunnery around time famous zulu flag hoisted spirit trafalgar togo studied time england naval student togo sought remind combined fleet important bring victory day x200b point mikasa unthinkable front entire baltic fleet well within firing range mikasa began making uturn wows hardly historically accurate especially topic showing broadside put perspective imagine letting get spotted entire enemy team decided turn slowly 15 minutes essentially togo issued combined fleets opening move recognizing two lines would go antiparallel therefore give russians lead flight vladivostok ordered entire japanese battleline turn port act left briefly japanese predreadnoughts poor position return broadsides giving russians free firing solution 5 minutes mikasa hit 15 times making maneuver continued blessed good fortune despite fact critical officers standing exposed bridge none shells exploded near importantly maneuver gave japanese fleet lead allowing togo dictate terms engagement devastating effect opening salvos mikasa asahi fuji shikishima kasuga nisshin wreaked havoc admiral rozhestvenskys flagship knyaz suvorov according surviving russian staff officer seemed impossible even count number projectiles striking us shells seemed pouring upon us incessantly one another steel plates superstructure upper decks torn pieces splinters caused many casualties iron ladders crumpled rings guns literally hurled mountings addition unusually high temperature liquid flame explosion seemed spread everything actually watched steel plate catch fire burst similar admiral vitgeft admiral rozhestvensky quickly taken action direct hit conning tower due communication issues next command admiral folkersham died voyage death kept secret preserve morale admiral nebogatov unaware command well fact x200b meantime combined fleet began maneuvering carefully even togo unwittingly took mikasa battleships action turning wrong direction assumed knyaz suvorov leading baltic fleet retreat rather falling line due damage sustained outcome tsushima never doubt fact unintentionally splitting formation togo actually repositioned battleships combined fleet surrounded baltic fleet sides seeing togo mikasa combined fleet seemingly everywhere surviving warships retreated towards pacific later night torpedoboats attacked retreating russian warships may 28 nebogatov formally surrendered combined fleet cost three torpedoboats ijn captured 13 warships sunk 7 battleships among 14 others ratio staggering togo apparently made awkwardly callous comment expected presented final casualty list x200b september 11 beyond final years preservation expect mikasa protagonist plot armor would make kirito blush x200b mikasa unfortunately didnt live see end russojapanese war regard must say hilarious coincidence al gave mikasa cliche sideponytail death due corditeshimose powder mishandling caught fire blew moorings sasebo september 11 1905 however unlike mutsu kawachi matsushima lost roughly scenario japanese government made dogged effort salvage refloated 1906 although ijn lacked funding point couldnt fit wouldbe dreadnought satsuma 12 main battery upgraded main battery 1240s 1245s x200b mikasa became immortal goddess indestructible 1912 experienced another magazine fire though suppressed lasting damage could done kawachi stood help damage control unneeded irony kawachi saving others detonations unrealit reads like prequelmeme world war deployed vladivostok japans intervention russian civil war proceeded run aground however damage severe survived 1921 written scrapped washington naval treaty order provide displacement tonnage modern ships last moment japanese delegation successfully persuaded foreign counterparts turn museum disarmed engine rooms encased concrete turned museum supposedly togo heihachiro first donor fund preservation effort promptly placing coin table issue raised world war ii despite numerous american air raids attacking tokyo various ijn naval districts mikasa remained entirely unscathed peace negotiations soviets raised topic scrapping mikasa item tabled ultimately rejected world war ii admiral nimitz pallbearer admiral togos funeral 1930s personally ordered marines guard mikasa looters 1940s 1960s mikasa served dance hall aquarium japanese discussed scrapping due decayed state age admiral nimitz came rescue offering generous donation fund restoration writing letter japanese follow suit pure coincidence chilean battleship almirante latorre formerly hms canada jutland veteran scrapped japan time parts one english battleship used save another guns replicas however made concrete leads us today memory popular history strong mangaka artist named one main characters good luck wellkept park lounge chinese gacha games making money concept able ring 100 year old warship x200b best girl remain best girl x200b x200b x200b x200b x200b x200b,negative,61,1548394577.0,-1
Togo,Togo sustainable development,please find comments 38 new vacancies opened since sunday 28 mar suggestion welcome feel free comment get touch every open consultant position human rights bogotá colombia consultoria brindar asistencia técnica seguimiento las acciones de unicef en procesos de fortalecimiento institucio unicef united nations childrens fund expires 7 days consultancy uniceforg medical amp health communications amp pr nairobi kenya consultancy individual communication consultant homebased esaro kenya unicef united nations childrens fund expires 13 days consultancy uniceforg tashkent uzbekistan roster individual facilitators undertaking capacitybuilding trainings young people unicef uzbekistan unicef united nations childrens fund expires 30 days consultancy uniceforg lome togo recrutement dun e consultant e national e en communication unicef united nations childrens fund expires 14 days consultancy uniceforg santiago chile consultora plataforma web sistema regional monitoreo movilidad humana unesco united nations educational scientific cultural organization expires 13 days consultancy careersunescoorg jakarta indonesia consultant culturebased community development projects unesco united nations educational scientific cultural organization expires 19 days consultancy careersunescoorg consultant small area estimation sae modeling tool development unfpa united nations population fund expires 10 days consultancy unfpaorg consultant small area estimation sae methodology development unfpa united nations population fund expires 10 days consultancy unfpaorg consultants evaluation specialists multiple positions evaluation undp support youth economic empowerment exp undp united nations development programme expires 14 days international consultant jobsundporg human rights amman jordan national gender strategic planning consultant un women expires 13 days national consultant jobsundporg beirut lebanon gender agriculture policy expert lebanese nationality un women expires 13 days national consultant jobsundporg human rights quito ecuador onumujeresecups21008 asistencia técnica especializada para diseñar la metodología herramientas de evaluación un women expires 12 days national consultant jobsundporg human rights quito ecuador onumujeresecups21007 fortalecimiento de las capacidades de albergues temporales través de la implementación del un women expires 12 days national consultant jobsundporg addis ababa ethiopia conduct impact assessment association womens sanctuary development awsads overall program intervention un women expires 10 days national consultant jobsundporg addis ababa ethiopia conduct impact assessment association womens sanctuary development awsads overall program intervention un women expires 10 days international consultant jobsundporg human rights kampala uganda national consultant editthe electoral commission gender training manual training trainers handbook un women expires 10 days national consultant jobsundporg human rights kampala uganda national consultant develop guidelines safety women human rights defenders network uganda whrdnu un women expires 10 days national consultant jobsundporg human rights maputo mozambique national consultant provide technical support un women country office gender mainstreaming recovery un women expires 8 days national consultant jobsundporg human rights harare zimbabwe data analyst conduct supplementary gender analysis zimvac 2020 rural technical report un women expires 6 days national consultant jobsundporg male maldives local consultant unodc container control programme blue enforcement project undp united nations development programme expires 13 days national consultant jobsundporg technical consultant protection disaster management un women expires 17 days international consultant jobsundporg environment regional conflict prevention analysis arab states undp united nations development programme expires 11 days international consultant jobsundporg harare zimbabwe development call centre guidelines sops 3 spotlight initiative partners zimbabwe republic police vic undp united nations development programme expires 7 days national consultant jobsundporg environment harare zimbabwe consultant develop management plans mana pools national park chewore safari area sapi safari area hurungwe sa undp united nations development programme expires 7 days national consultant jobsundporg individual contractor ic developing human mobility sustainable development project document arab regi undp united nations development programme expires 11 days international consultant jobsundporg sofia bulgaria corporate fundraising partnerships consultant shortterm national consultancy open bulgarian nationals unicef united nations childrens fund expires 11 days consultancy uniceforg nairobi kenya consultancy technical assistance nutrition school age children adolescents child overweight esar nairo unicef united nations childrens fund expires 12 days consultancy uniceforg medical amp health dhaka bangladesh national consultant wash sector policy unicef united nations childrens fund expires 11 days consultancy uniceforg london united kingdom individual consultancy executive support director education outcomes fund eof remote 3 months w possible ext unicef united nations childrens fund expires 13 days consultancy uniceforg new york united states america consultancy mhpss knowledge management consultancy education section pd nyhqhome based req unicef united nations childrens fund expires 13 days consultancy uniceforg consultancy title unison salesforce capacity building consultant 184 days unicef united nations childrens fund expires 12 days consultancy uniceforg new york united states america consultancy consultant tracking holistic skill development education section pd nyhqhome based req unicef united nations childrens fund expires 13 days consultancy uniceforg new york united states america consultancy consultant monitoring evaluation digital learning education section pd nyhqhome based req unicef united nations childrens fund expires 13 days consultancy uniceforg paris france coordinator consultant 2021 unescogreece melina mercouri international prize unesco united nations educational scientific cultural organization expires 6 days consultancy careersunescoorg dili timorleste social environmental safeguard specialist national consultant undp united nations development programme expires 13 days national consultant jobsundporg medical amp health vientiane laos individual national consultancy strengthen community health information systems village health volunteers role unicef united nations childrens fund expires 9 days consultancy uniceforg human rights bucharest romania consultant roma inclusion fulltime officebased unicef united nations childrens fund expires 12 days consultancy uniceforg nairobi kenya national consultancy private sector partnership kenya country office 115 months unicef united nations childrens fund expires 5 days consultancy uniceforg next post 2 days,positive,7,1617140070.0,1
Togo,Togo sustainable development,please find comments 23 new vacancies opened since thursday 11 mar suggestion welcome feel free comment get touch every open volunteering position new york united states america communications officer undp united nations development programme expires 13 days unv international specialist unvorg amp telecom information management honduras recolectar datos contactos estratégicos para apoyar un proyecto corporativo interno del pnud honduras vnu honduras unv onlinevolunteeringorg brazzaville congo fleet manager world health organization expires 15 days unv international specialist unvorg honiara solomon islands child protection technical assistant behaviour change unicef united nations childrens fund expires 15 days unv national specialist unvorg bissau guineabissau climate promise facilitator undp united nations development programme expires 15 days unv international specialist unvorg banda aceh indonesia health officer immunisation unicef united nations childrens fund expires 15 days unv national specialist unvorg health officer immunisation unicef united nations childrens fund expires 15 days unv national specialist unvorg khartoum sudan unv civil engineer unitams united nations integrated transition assistance mission sudan expires 10 days unv international specialist unvorg kinshasa democratic republic congo expert national pour appuyer le processus de la révision de la contribution déterminée à léchelle nationale cdn de l undp united nations development programme expires 9 days unv national specialist unvorg freetown sierra leone climate promise facilitator undp united nations development programme expires 8 days unv national specialist unvorg lome togo chargé e de suivi des projets du service de la prévention du terrorisme de lonudc unodc united nations office drugs crime expires 8 days unv national specialist unvorg communications amp pr proofread document models practices sustainable farming caritas international belgium international cooperation department unv onlinevolunteeringorg jordan translationvideo subtitles english arabic unv regional office arab states unv onlinevolunteeringorg amp telecom communications amp pr graphic design survey report impacts covid19 young entrepreneurs undp united nations development programme unv onlinevolunteeringorg brazil support translation toolbox gender equality seal public institutions english portuguese undp bureau policy programme support unv onlinevolunteeringorg juba south sudan administrative assistant unmiss united nations mission republic south sudan expires 12 days unv international specialist unvorg saclepea liberia associate livelihood amp economic inclusion officer unhcr un high commissioner refugees expires 11 days unv international specialist unvorg bangassou central african republic associate humanitarian affairs officer unocha office coordination humanitarian affairs expires 11 days unv international specialist unvorg lima peru auxiliar de la unidad de lucha contra la trata de personas el tráfico ilícito de migrantes iom un migration expires 8 days unv national youth unvorg bogotá colombia senior resettlement assistant unhcr un high commissioner refugees expires 5 days unv national specialist unvorg teaching amp training support iom global procurement amp supply unit establishing standard operating procedures iom manila human resources operations unv onlinevolunteeringorg support ioms global procurement amp supply unit identifying key business process improvements iom manila human resources operations unv onlinevolunteeringorg india conduct prospect donor research indian dreams foundation indian dreams foundation unv onlinevolunteeringorg next post 2 days,positive,2,1615655946.0,1
Togo,Togo sustainable development,please find comments 14 new vacancies opened since tuesday 29 dec suggestion welcome feel free comment get touch every open consultant position dakar senegal consultantappui intégration de léducation à létat de droit burkina faso mali niger sénégal unesco united nations educational scientific cultural organization expires 7 days consultancy careersunescoorg consultant updating un common country analysis georgia undp united nations development programme expires 23 days international consultant jobsundporg human rights afghanistan international consultant technical review group member women protection center trust fund afghanistan ev un women expires 13 days international consultant jobsundporg lome togo consultant pour lintégration du genre dans les contributions déterminées au niveau national cdn révisées undp united nations development programme expires 19 days international consultant jobsundporg malabo equatorial guinea consultora internacional para la gestion del proyecto appoyo la digitalizacion de guinea ecuatorial undp united nations development programme expires 11 days international consultant jobsundporg nicosia cyprus worker turkish speaking undp united nations development programme expires 15 days national consultant jobsundporg nicosia cyprus heavy vehicle operator undp united nations development programme expires 15 days national consultant jobsundporg admin support oacpseu development minerals programme undp united nations development programme expires 14 days national consultant jobsundporg kabul afghanistan readvertised international consultant field security advisor united nations electoral support project unesp undp united nations development programme expires 12 days international consultant jobsundporg human rights dili timorleste gender social inclusion specialist undp united nations development programme expires 13 days national consultant jobsundporg singapore analyst sustainable digital agriculture undp united nations development programme expires 11 days international consultant jobsundporg human rights ashgabat turkmenistan individual national consultancy support state statistics committee organisation implementation unicef united nations childrens fund expires 5 days consultancy uniceforg local consultancy child poverty social exclusion german national committee unicef berlin 6 months unicef united nations childrens fund expires 7 days consultancy uniceforg bissau guineabissau international consultant multidimensional poverty analysis bissau guineabissau unicef united nations childrens fund expires 11 days consultancy uniceforg next post 1 day,positive,1,1609330863.0,1
Togo,Togo sustainable development,march 21 2018 african continental free trade area afcfta signed kigali rwanda promote trade african nations foster continental unity 44 african countries signed agreement establishing free trade area seen vital continents economic development country signed niger president mahamadou issoufou rwanda president paul kagame chad president idriss déby angola president joão lourenço central african republic president faustin archange touadéra comoros president azali assoumani republic congo president denis sassou nguesso djibouti president ismaïl omar guelleh ghana president nana akufoaddo gambia president adama barrow gabon president ali bongo ondimba kenya president uhuru kenyatta mozambique filipe nyusi sahrawi arab democratic republic president mohamed abdelaziz senegal prresident macky sall south africa president cyril ramaphosa sudan president omar albashir mauritania president mohamed ould abdel aziz zimbabwe president emmerson mnangagwa cote divoire vice president daniel kablan duncan seychelles vincent meriton vice president algeria ahmed ouyahia prime minister equatorial guinea francisco pascual obama asue prime minister lesotho tom thabane prime minister morocco saadeddine othmani prime minister swaziland barnabas sibusiso dlamini prime minister tanzania kassim majaliwa prime minister tunisia youssef chahed prime minister benin aurélien agbénonci minister foreign affairs burkina faso alpha barry minister foreign affairs democratic republic congo léonard okitundu minister foreign affairs guinea mamadi touré foreign affairs minister liberia gbehzohngar findley foreign affairs minister mali minister foreign affairs somalia minister foreign affairs south sudan minister foreign affairs uganda sam kutesa minister foreign affairs são tomé príncipe cabinet minister togo minister cooperation integration malawi emmanuel fabiano foreign affairs minister cameroon finance minister cape verde tourism industry energy minister libya mohamed taha siala minister foreign affairs madagascar henry rabary njaka minister foreign affairs zambia joe malanji minister foreign affairs egypt tarek kabil trade industry minister mauritius vishnu lutchmeenaraidoo foreign affairs minister ethiopia bekele bulado trade trade namibia minister industrialization botswana minister trade goals afcfta important aim afcfta facilitate intraafrican goods trade making crossborder trade easier simpler less costly trade facilitation measures address nontariff barriers like delays borders inefficient customs documentation lack timely information health certification standards inconsistencies transit traffic requirements allow easier flow goods region trade facilitation measures successful coupled investment infrastructure hard infrastructure like upgrading border posts roads rail information communication technology ict infrastructure soft infrastructure policy regulation support competitive access infrastructure services enlarging african market making easier cost effective trade intercontinentally attract foreign direct investment fdi national regional infrastructure projects infrastructure investment enhancing regional connectivity turn stimulates market demand african products easily accessible improved access inputs manufacturing process markets public infrastructure producers including small medium sized enterprises improve competitiveness production capacity intraafrica crossborder trade becomes easier less costly afcfta creates opportunity establish regional value chains promote industrial development also affords benefits smallscale producers informal crossborder traders increased intraafrica trade numerous knockon effects linked targets sdgs including poverty alleviation food security addressing inequality industrial development flow benefits smallscale producers informal crossborder traders due improved access inputs infrastructure information markets significant focus access services targets sdgs afcfta play significant role facilitate flow services continent liberalising services trade synchronising services trade regulations immense impact majority sdgs services trade movement business persons also direct link industrial infrastructure development movement business persons facilitates transfer knowledge knowhow traderelated services including agriculture extension services energy ict financial education health professional services vital sustainable economic growth often lacking african economies improved access services afcfta make crosscutting contribution sdgs services trade direct impact sustainable economic growth improving health education working population youth access finance agriculture smallscale producers entrepreneurs efficient infrastructurerelated services improve functioning economy second phase afcfta negotiations addresses key policy issues lead fair playing field african economies intellectual property governance important example development pharmaceutical production capacity access medicines continent important element provision health services ecommerce increased connectivity significant benefit smallscale producers entrepreneurs reach markets otherwise unattainable afcfta serve integrate markets economies 55 countries different stages development progressive liberalisation give least developed countries necessary time build productive capacity diversity trade commodities ensure longterm sustainable economic growth employment creation poverty alleviation aftermath signing agreement require countries ratify national level due come force 180 days countries adopt legal instruments permit afcfta continue ratification final seal continental fta rwanda landlocked country stands massively benefit sudden free flow trade services liberalisation movement business persons well establishment continental agreement competition policy intellectual property ecommerce rwanda seeks africas financial services hub afcfta allows companies rwanda exploit deal maximum promoting intraafrican growth,positive,4,1523341454.0,1
Togo,Togo sustainable development,please find comments 29 new vacancies opened since monday 12 oct suggestion welcome feel free comment get touch every open consultant position human rights dakar senegal chef de mission pour la conduite de laudit genre du ministere de leconomie du plan et de la cooperation un women expires 14 days national consultant jobsundporg human rights dakar senegal assistant au chef de mission pour la conduite de laudit genre du ministere de leconomie du plan et de la cooperation un women expires 14 days national consultant jobsundporg human rights dakar senegal assistant au chef de mission pour la conduite de laudit genre du ministere de linterieur un women expires 14 days national consultant jobsundporg human rights dakar senegal chef de mission pour la conduite de laudit genre du ministere de linterieur un women expires 14 days national consultant jobsundporg communications amp pr new york united states america consultancy diversity inclusion consultant doc nyhq unicef united nations childrens fund expires 14 days consultancy uniceforg consultancy 8 positions national consultants gefundp small grants programme evaluation undp united nations development programme expires 13 days national consultant jobsundporg human rights gender election expert national consultant un women expires 12 days national consultant jobsundporg human rights tunis tunisia gender violence expert national consultant un women expires 6 days national consultant jobsundporg nairobi kenya graphic design layout consultant un women expires 5 days national consultant jobsundporg human rights egypt development two case studies gender reconstruction iraq yemen un women expires 5 days international consultant jobsundporg environment consultancy individual contractor lta framework agreement junior digital editor consultant bppsclimate undp united nations development programme expires 13 days international consultant jobsundporg partnership consultant innovation financial health uncdf united nations capital development fund expires 15 days international consultant jobsundporg singapore advisor sustainable digital agriculture undp united nations development programme expires 13 days international consultant jobsundporg dakar senegal recrutement dun consultant international pour lamélioration de la qualité des offres de services des centres daccuei undp united nations development programme expires 12 days international consultant jobsundporg international writereditor consultant un women expires 14 days international consultant jobsundporg luanda angola international consultant support elaboration voluntary national report rnv sdg angola undp united nations development programme expires 10 days international consultant jobsundporg addis ababa ethiopia national consultant training procedures specialist elections undp united nations development programme expires 13 days national consultant jobsundporg medical amp health são tomé são tomé príncipe international consultant support baby friendly hospital initiative bfhi implementation sao tome principe unicef united nations childrens fund expires 10 days consultancy uniceforg communications amp pr new york united states america consultancy brand designer 2 positions 6 months doc nyhq unicef united nations childrens fund expires 14 days consultancy uniceforg communications amp pr new york united states america consultancy youth engagement team coordinator climatewcd 115 months doc nyhq unicef united nations childrens fund expires 14 days consultancy uniceforg medical amp health nairobi kenya consultancy development national water sanitation hygiene wash strategy costed action plan schools unicef united nations childrens fund expires 13 days consultancy uniceforg florence italy consultancy research digital learning innovation education read unit unicef united nations childrens fund expires 13 days consultancy uniceforg human rights consultants international national conduct study impact covid19 early childhood ages 08 unicef united nations childrens fund expires 21 days consultancy uniceforg human rights abidjan côte divoire republication consultante nationale cartographie des acteurs et des activités de lutte contre le travail des en unicef united nations childrens fund expires 12 days consultancy uniceforg paris france english editor unesco united nations educational scientific cultural organization expires 3 days consultancy careersunescoorg human rights mogadishu somalia international research consultancy study understand drivers child recruitment alshabaab somalia unicef united nations childrens fund expires 12 days consultancy uniceforg medical amp health lome togo consultant national pour létude de préfaisabilité du projet renforcement de la résilience des communautés vulnérable unicef united nations childrens fund expires 10 days consultancy uniceforg lilongwe malawi international consultancy finalization resource mobilization strategy unicef united nations childrens fund expires 12 days consultancy uniceforg communications amp pr islamabad pakistan consultancy photographers roster multiple locations based pakistan req 115 months unicef united nations childrens fund expires 13 days consultancy uniceforg next post 1 day,positive,1,1602560493.0,1
Togo,Togo sustainable development,hi reddit name shannon braggsitton im today researchers idaho national laboratory nuclear science week thought would great start conversation lowcarbon energy systems specifically nuclear renewables commercial nuclear power currently provides nearly 75 percent us emissionfree power according nuclear energy institute inl leading development understanding hybrid energy systems would combine renewable energy fossil energy nuclear energy highly efficient low carbon dioxide systems provide electricity transportation fuels chemical products one plant shannon braggsitton phd senior nuclear engineer lead inls nuclearrenewable hybrid energy systems program gilles youinou phd manager reactor physics design analysis richard boardman phd systems science engineering richard hess phd energy environment science technology directorate interested reading research please see osti reports well back 1 pm est 11 mst 10 pst answer questions ask us anything thank reddit community great questions weve worked many today possible answer time permits look forward addressing additional topics future,positive,4515,1477049917.0,1
Togo,Togo sustainable development,groundhog day type situation youre committed ten years repeating day theres getting youve agreed die day scrapped repeat theres way speed process day resets 700 time wake bed regardless happened time reset previous day essentially erased start new day exactly assume got good nights sleep resources used replenished reset food money etc meaningful physical changes occur age injuries sustain day disappear 700 reset contract infectious diseases also disappear also means effects anything eat drink negated eat like garbage without gaining weight could binge drink every night never suffer hangover could hard drugs every day without single impact health learn develop new skills create new habits could learn new language pick new instrument muscle memory developed however meaningful physical changes constraint means body physically adapt new activities develop caluses learning guitar get stronger gym cannot lose weight also means become physically addicted substances consume psychological addictions habits could theoretically occur exception daily reset journal pen persist day anything written journal persist ten years matter journal next bed wake every morning ten years time resume like normal obviously one else aware happened remember last ten years normally would ten million dollars deposited bank account tax free require reporting justification irs take deal spend ten years edit dont get pick ideal day average day last weeks choose day week like friday saturday instance also actions final day stick responsible tracking time something horrible last day end cycle expecting reset youll deal consequences use journal wisely,positive,10215,1730741729.0,1
Togo,Togo sustainable development,following year since signing afcfta rwanda states ratification process afcfta carried ratification processes vary country generally include approval legislative body consent executive branch country ratified domestically country officials need provide instruments ratification african union commission chairperson serves depository agreement march 21 2018 african continental free trade area afcfta signed kigali rwanda promote trade african nations foster continental unity 44 african countries signed agreement establishing free trade area seen vital continents economic development country signed niger president mahamadou issoufou rwanda president paul kagame chad president idriss déby angola president joão lourenço central african republic president faustin archange touadéra comoros president azali assoumani republic congo president denis sassou nguesso djibouti president ismaïl omar guelleh ghana president nana akufoaddo gambia president adama barrow gabon president ali bongo ondimba kenya president uhuru kenyatta mozambique filipe nyusi sahrawi arab democratic republic president mohamed abdelaziz senegal prresident macky sall south africa president cyril ramaphosa sudan president omar albashir mauritania president mohamed ould abdel aziz zimbabwe president emmerson mnangagwa cote divoire vice president daniel kablan duncan seychelles vincent meriton vice president algeria ahmed ouyahia prime minister equatorial guinea francisco pascual obama asue prime minister lesotho tom thabane prime minister morocco saadeddine othmani prime minister swaziland barnabas sibusiso dlamini prime minister tanzania kassim majaliwa prime minister tunisia youssef chahed prime minister benin aurélien agbénonci minister foreign affairs burkina faso alpha barry minister foreign affairs democratic republic congo léonard okitundu minister foreign affairs guinea mamadi touré foreign affairs minister liberia gbehzohngar findley foreign affairs minister mali minister foreign affairs somalia minister foreign affairs south sudan minister foreign affairs uganda sam kutesa minister foreign affairs são tomé príncipe cabinet minister togo minister cooperation integration malawi emmanuel fabiano foreign affairs minister cameroon finance minister cape verde tourism industry energy minister libya mohamed taha siala minister foreign affairs madagascar henry rabary njaka minister foreign affairs zambia joe malanji minister foreign affairs egypt tarek kabil trade industry minister mauritius vishnu lutchmeenaraidoo foreign affairs minister ethiopia bekele bulado trade trade namibia minister industrialization botswana minister trade notable exceptions afcfta regional economic powerhouses nigeria south africa rwanda seeks encourage two nations join afcfta develop african neighbourhood nigeria nigeria initially supported afctfa negotiations deciding hold signing agreement citing need reevaluate deals impacts continuing consult relevant stakeholders effects agreement manufacturers association nigeria manufacturers association frowned contents agreement noting lead gross unemployment country manufacturing companies country made die quicker death dr frank jacobs president association said issues market access enforcement rules origin properly addressed government adopt ratify deal nigeria labour congress nlc also warned president muhammadu buhari signing agreement calling renewed extremely dangerous radioactive neoliberal policy initiative south africa president cyril ramaphosa attended meeting said government welcomed historic moment dream au needs consult widely joining african nations said country needs consult people home cabinet partners national economic development labour council finally consult parliamentarians signed declaration establishment african continental free trade area afcfta aftermath signing important aim afcfta facilitate intraafrican goods trade making crossborder trade easier simpler less costly trade facilitation measures address nontariff barriers like delays borders inefficient customs documentation lack timely information health certification standards inconsistencies transit traffic requirements allow easier flow goods region trade facilitation measures successful coupled investment infrastructure hard infrastructure like upgrading border posts roads rail information communication technology ict infrastructure soft infrastructure policy regulation support competitive access infrastructure services enlarging african market making easier cost effective trade intercontinentally attract foreign direct investment fdi national regional infrastructure projects infrastructure investment enhancing regional connectivity turn stimulates market demand african products easily accessible improved access inputs manufacturing process markets public infrastructure producers including small medium sized enterprises improve competitiveness production capacity intraafrica crossborder trade becomes easier less costly afcfta creates opportunity establish regional value chains promote industrial development also affords benefits smallscale producers informal crossborder traders increased intraafrica trade numerous knockon effects linked targets sdgs including poverty alleviation food security addressing inequality industrial development flow benefits smallscale producers informal crossborder traders due improved access inputs infrastructure information markets significant focus access services targets sdgs afcfta play significant role facilitate flow services continent liberalising services trade synchronising services trade regulations immense impact majority sdgs services trade movement business persons also direct link industrial infrastructure development movement business persons facilitates transfer knowledge knowhow traderelated services including agriculture extension services energy ict financial education health professional services vital sustainable economic growth often lacking african economies improved access services afcfta make crosscutting contribution sdgs services trade direct impact sustainable economic growth improving health education working population youth access finance agriculture smallscale producers entrepreneurs efficient infrastructurerelated services improve functioning economy second phase afcfta negotiations addresses key policy issues lead fair playing field african economies intellectual property governance important example development pharmaceutical production capacity access medicines continent important element provision health services ecommerce increased connectivity significant benefit smallscale producers entrepreneurs reach markets otherwise unattainable afcfta serve integrate markets economies 55 countries different stages development progressive liberalisation give least developed countries necessary time build productive capacity diversity trade commodities ensure longterm sustainable economic growth employment creation poverty alleviation rwanda seeks sub saharan africas financial services hub afcfta allows companies rwanda exploit deal maximum promoting intraafrican growth,positive,4,1539315022.0,1
Togo,Togo sustainable development,sorry posted lgbt subreddit got feedback im 23 queer woman traveled west africa two summers ago aware queeroutopen casual safe used though muslim host togo open accepting unsure expect upcoming trip trip 18000 mile solo ride vancouver bc ushuaia argentina im ktm 690 opting campsites couchsurfing hosts hostels hotels im looking forward csing latin america easy find lgbt friendly hosts recently graduated arizona state ba global studies ba political science im 18000 mile trip research develop sustainable bike coop integrates permaculture food systems malaria prevention easy affordable access transportation alleviate poverty rural communities primarily focusing developing countries ive traveled bit first time outside us internship global studies degree ghana togo group 8 women 4 identified queer one togolese counterparts 30 young men university kara university lomé occasions conversations accepting towards humans recognizing common humanity implied acceptance homosexuality behalf togolese friends ex girlfriend women gender studies justice studies double major really feminist discourse queer theory result endless nights spent helping homework want keep eye transborder queer issues actually hoping someone reading could point direction academic reading topic document experiences traveling queer woman want open dialogue expectwhat issues look im concerned personal safety looking advice interested queer theory transborder identity etc general rule value safety pride planning passing straight dont see big gay presence see queer locals plan wearing ring experiences suave young men costa rica last summer showed ring much effective million interested letdowns also please feel free ask anything need feedback appreciate new things think edit suggesting pming blog wwwnonquistadoracom,positive,6,1336059990.0,1
Togo,Togo sustainable development,esl teaching training china esl teaching training mongolia community economic development esl community health let girls learn burkina faso esl madagascar food security nepal agriculture business development uganda agriculture extension work togo public health zambia public health togo public community health mozambique programs application deadlines october 1 apply field spring summer 2016,positive,15,1443039998.0,1
Togo,Togo sustainable development,importance specialised standard software madmar compliance eu market abuse regulation created uniform legal framework catalogue criminal law prohibition market manipulation insider trading since 2016 moreover financial institutions obliged take active proactive measures order avoid criminal offences backyard amendments pose significant challenges financial industry especially banking sector systems traditional methods monitoring securities compliance longer effective therefore new procedures implemented almost three years later time take stock success madmar current market developments sds whitepaper madmar compliance provided austria based software company sds concisely summarises significant findings experiences three years practical application also provides approaches automated monitoring securities derivatives transactions sds continuously setting digital standards financial market operations regulations compliance solutions international financial industry comprehensive sds portfolio covers stateofthefuture products services customer marketrelated processes ranging global securities derivate processing regulatory tax compliance automation solutionbased consulting professional testing services managed services 3000 financial institutions worldwide 10000 users 80 countries trust sds sustainable business values sds wwwsdsat namefirstlast title company name job title work email work phone company website company size15051 100101 500501 10001001 50005001 10000100001 countryplease select onealbaniaalgeriaamerican samoaandorraangolaantigua barbudaargentinaarmeniaaustraliaaustriaazerbaijanbahamasbahrainbangladeshbarbadosbelarusbelgiumbelizebeninbermudabhutanboliviabosnia herzegovinabotswanabrazilbruneibulgariaburkina fasoburundicambodiacamerooncanadacape verdecayman islandscentral african republicchadchilechinacolombiacomoroscongo democratic republic thecongo republic thecosta ricacôte divoirecroatiacubacyprusczech republicdenmarkdjiboutidominicadominican republiceast timorecuadoregyptel salvadorequatorial guineaeritreaestoniaethiopiafijifinlandfrancegabongambiageorgiagermanyghanagreecegreenlandgrenadaguamguatemalaguineaguineabissauguyanahaitihondurashong konghungaryicelandindiaindonesiairaniraqirelandisraelitalyjamaicajapanjordankazakhstankenyakiribatinorth koreasouth koreakuwaitkyrgyzstanlaoslatvialebanonlesotholiberialibyaliechtensteinlithuanialuxembourgmacedoniamadagascarmalawimalaysiamaldivesmalimaltamarshall islandsmauritaniamauritiusmexicomicronesiamoldovamonacomongoliamontenegromoroccomozambiquemyanmarnamibianaurunepalnetherlandsnew zealandnicaraguanigernigerianorwaynorthern mariana islandsomanpakistanpalaupalestinepanamapapua new guineaparaguayperuphilippinespolandportugalpuerto ricoqatarromaniarussiarwandasaint kitts nevissaint luciasaint vincent grenadinessamoasan marinosao tome principesaudi arabiasenegalserbia montenegroseychellessierra leonesingaporeslovakiasloveniasolomon islandssomaliasouth africaspainsri lankasudansudan southsurinameswazilandswedenswitzerlandsyriataiwantajikistantanzaniathailandtogotongatrinidad tobagotunisiaturkeyturkmenistantuvaluugandaukraineunited arab emiratesunited kingdomunited statesuruguayuzbekistanvanuatuvatican cityvenezuelavietnamvirgin islands britishvirgin islands usyemenzambiazimbabwe business sectoradvertising marketing servicesagricultureapparel footwear accessories afabiotech pharmaceuticalscloud computing webbased softwarecomputer servicescomputer softwareconstruction contractingconsulting servicesdistribution wholesaleecommerceeducationenergy utilitiesengineering architecture designfinance accounting insurancefood beverage distributorfood beverage manufacturergovernmenthealth beautyhealthcare servicesit developer reseller varlogistic transportation servicesmanufacturingmediapublishingnonprofitprofessional servicesreal estaterestaurant hospitalityretailservices othertelecommunications please tick box wish receive latest insights via newsletters information relevant publications events fintech futures carefully selected partners _fintech futures use details provide send white paper share software daten service informative purposes including followup white paper_ _to understand use data change marketing permissions please see privacy policy email marketingbankingtechcom information_ details,positive,1,1564486068.0,1
Togo,Togo sustainable development,shea butter extracted product vegetable oil fat containing triglycerides ivory offwhite colored compound extracted nut vitellaria paradoxa african shea tree shea butter sustainable source edible fat used vegetal source stearic acid cosmetics chocolate industry according food drug administration fda 2015 natural cosmetics sale europe witnessed growth 6 growth north america 7 compared overall growth global natural cosmetics 25 according united states agency international development usaid along companies classification system suggested shea butter untying five grades raw unrefined extracted using water b refined c highly refined extracted solvents hexane lowest uncontaminated grade e contaminants get pdf sample research report market drivers shea butter market majorly driven adoption substitute cocoa butter chocolate industry different parts shea tree roots stems leaves fruits bark used treatment various diseases infections wound infections dysentery skin diseases diarrhea gastrointestinal tract infections shea butter used treatment inflammation nasal congestion nostrils cough leprosy rheumatism treatments minor bone dislocation shea butter used raw material production soap margarine candle detergent low quality butter along byproducts processed nuts tarnished clay mud walls acts waterproofing agent protects walls rainy season shea butter also used african pregnant women healing purpose circumcision helps accelerate process healing prevents stretch marks according global shea alliance gsa 2014 reports filed due consumption shea butter yields according national center biotechnology information ncbi shea butter expected gain significant traction application cosmetic soap making traditional medicine rural areas also projected gain traction international markets owing richness food nutrients utilized baking fat margarine fatty spreads confectionery chocolate industry europe asia pacific market outlook africa expected gain major traction shea butter market forecast period 2018 2025 shea tree found western eastern regions africa namely ghana benin chad cameroon burkina faso ethiopia central african republic mali cote divoire guinea bissau senegal nigeria sierra leone niger togo sudan guinea uganda zaire according usaid shea industry west africa rapidly expanding demand shea butter produced region nearly doubled past ten years important ingredient food cosmetic products worldwide 16 million rural women africa work shea extraction factories shea butter extracted nut grinding crushing cracking roasting separating oils shaping major players shea radiance star shea ltd others investing market due wide availability raw materials shea butter low labor cost asia pacific expected fastest growing region shea butter market forecast period high stearic acid content shea butter helps prevent maintain cholesterol level reduce low density lipoprotein high density lipoprotein total cholesterol according world health organization every 1 3 persons suffers high cholesterol asia pacific region according asean federation cardiology congress 2016 around 60 population myanmar suffering high cholesterol thus factors expected drive growth market shea butter could used medicinal purpose also edible product major players shea butter market include star shea ltd bread life pure nature ltd lovinah naturals shea radiance jedwards international inc maison karite sociedad limitada vink chemicals gmbh co kg shebu industries shea therapy ltd pure company browse information coherent market insights coherent market insights prominent market research consulting firm offering actionready syndicated research reports custom market analysis consulting services competitive analysis various recommendations related emerging market trends technologies potential absolute dollar opportunity contact us mr shah coherent market insights 1001 4th ave 3200 seattle wa 98154 tel 12067016702 email salescoherentmarketinsightscom,positive,5,1554377382.0,1
Togo,Togo sustainable development,ecowas welcome economic community west african states ecowas established may 28 1975 via treaty lagos ecowas 15member regional group mandate promoting economic integration fields activity constituting countries member countries making ecowas benin burkina faso cape verde cote ivoire gambia ghana guinea guinea bissau liberia mali niger nigeria sierra leone senegal togo considered one pillars african economic community ecowas set foster ideal collective selfsufficiency member states trading union also meant create single large trading bloc economic cooperation1 ecowas consists one two subunits called uemoa wamz former consists francophone nations except guinea latter consists anglophone nations except guinea clarification part wamz uemoa members cfa franc currency share customs union wamz plans introduce eco currency goal ecowas stable currencies coexist merge eventually equality interdependence member states solidarity collective selfreliance interstate cooperation harmonisation policies integration programmes nonaggression member states maintenance regional peace stability security promotion strengthening good neighbourliness peaceful settlement disputes among member states active cooperation neighbouring countries promotion peaceful environment prerequisite economic development recognition promotion protection human peoples rights accordance provisions african charter human peoples rights accountability economic social justice popular participation development recognition observance rules principles community promotion consolidation democratic system governance member state envisaged declaration political principles adopted abuja 6 july 1991 equitable distribution costs benefits economic cooperation integration2 bolded relevant ones ecomog nonaggressive military cooperation pact signed ratified ecowas member states means go war de facto also security alliance protecting independence sovereignty ecowas members decided freetown sierra leone liberian civil war nigeria strongest active member ecomog nations equal members nbsp vision 2020 since creation 28 may 1975 economic community west african states ecowas promoting economic cooperation regional integration tool accelerated development west african economy regional integration remains viable appropriate tool accelerating achieving sustainable development west african countries consequently ecowas authority heads state government reaffirmed commitment improve west africa integration process enhance effectiveness achieve objective authority adopted resolution june 2007 introduce transformational ecowas vision 2020 ecowas vision 2020 aimed setting clear direction goal significantly raise standard living people conscious inclusive programmes guarantee bright future west africa shape destiny region many years come connection president ecowas commission directed mobilize citizens region vision help achieve 2020 gratifying visioning process achieved remarkable progress culminating formulation preparation vision document accomplishment represents significant step particularly given commendable effort involve relevant stakeholders visioning process3 1 2 3,positive,6,1455017234.0,1
Togo,Togo sustainable development,please discuss edit bit inputs observation didnt want steer conversation much edit day lot comments corresponding voting seem coming people arent actually reading see magical letters wfh think argument 100 inoffice supporting polar opposite absolutely,positive,0,1732569265.0,1
Togo,Togo sustainable development,2021 marks yet another year growth progress ghana nations extraordinary economic activity year mightve slowdown growth country faced notable hardships year beloved president akufoaddo murdered eyes financial panic damaged cedi exchange rates corruption still sees thriving force ghanaian society despite hardships ghana thriving embarked numerous projects reforms led increased growth rates year two largest abosom reforms hope city projects energy sector ghana nuclear energy ltd subsidiary volta river authority begins construction ghanas first nuclear power plant uranium enrichment center oil fields sekonditakoradi built hopefully pushing countrys 35 million barrels production per day 5 million transportation infrastructure ghanaian government begins converting railways standard gauge meeting ecowas expectations highway expansion act 2021 marks massive construction 800km paved national regional highways africa world airlines sees expansion south african rwandan airports heavy industry tema shipyard sees three additional drydocks construction abosom reforms safeguard stimulate ghanaian steel acts see success assisting promoting steel industries kantanka conglomerate founds heavy industries company financial sector failed financial reforms abosom reforms lead moderate panic causing cedi depreciate ewe free migration treaty 2020 finally put place minor disputes terms togo ewe workers migrate freely ghana togo ghanaian firms begun investment togo demand cedi increases causing appreciation technology sector rlg communications finally begins construction long planned 10 billion technology park hope city host tallest building africa mensah university large research university encompassing sciences technology begins construction hope city attracts foreign teachers investment military sector ghana begins recruiting armed forces dihoc builds new facilities kumasi tamale tema akrefena incorporated joint venture dihoc kantaka companies kofi wayo sees beginnings design manufacture guns armored vehicles see following projections coming 2022 gdp 62511324450 gdpcapita 2062 population 30319548 percentage spent 23 public debt 31102510536 debtgdp 498 budget 14065048001 surplusdeficit 0 previous gdp 56215219829 gdp growth 1120 lot assess numbers first foremost gdp growth year whopping 112 almost 2 growth rate last year bit 3 less highest growth ghana seen past decade next see massive population growth year observation shown unknown increase fertility rates year decrease emigration substantial scale many years debtgdp ratio increased quite bit due military reform purchases well infrastructure projects however ghanas inflation rates dropped 10 parliament ministry finance president agreed following budget 2022 expenditurepercentageamount education2002813009600 ghana armed forces60843902880 agriculture50703252400 energy25351626200 health2002813009600 infrastructure3004219514400 transport30421951440 foreign affairs10140650480 tourism arts culture10140650480 interior20281300960 black budget10140650480 other10140650480 debt repayment60843902880 research development15210975720 total100014065048001 gaf budget seen 02 increase whereas rd seen 02 decrease education spending cut 4 put debt repayment crucial obstacle buwumia address diversification economy also seen year important force sustaining future ghanas economy sector gdp industry271 agriculture183 services546 services sector seen another decrease reality growing industry agriculture growing much due reforms industrial seen largest amount growth year 2021 marked overall good year economically ghana laid foundation positive 2022 edit update ministry finance released export analysis total exports 164 billion ghanas top exports petroleum oil gold 38 crude petroleum 17 refined petroleum 14 aluminum ore 12 cocoa beans 17 rough sawn wood 2 raw aluminum 08 special purpose ships 12 vehicle parts 02 raw iron scrap iron 07 hot rolled cold rolled iron bars 04 course portion ghanas many exports finance emphasized highlight development diversification economy,positive,3,1506313543.0,1
Togo,Togo sustainable development,bbc russian spy ship sunk turkish coast breached collision freighter crew rescued turkish coastal authority says russia confirmed earlier hull liman sustained breach cause collision unclear fog reported area ship hit togo boat carrying livestock turkish prime minister binali yildirim called russian counterpart dmitry medvedev express sadness collision russian black sea fleet passes bosphorus strait deployments mediterranean notably syria 78 crew aboard liman safely evacuated collided youzarsif h freighter reportedly 29km 18 miles turkish town kilyos kilyos istanbul event ordinary freighter reportedly sustained minor damage incident deutsche welle liman former research ship russian navy turned reconnaissance vessel aljazeera military sources told russian media february would observing natos sea shield exercise black sea thomas reuters foundation news russian warships frequently pass narrow bophorus strait dont know losses yet thank god loss life neither side ship spokesman hammami livestock said adding livestock carrier heading jordans red sea port aqaba romania aqaba jordan constanța romania collision took place 1145 0845 gmt bosphorus already closed shipping poor visibility shipping agency gac said guardian cbs news russia goadedprovoked trump administration year couple spy ship voyages along us east coast coming within 17 miles land one point russian ship involved february march trips never entered us territorial waters viktor leonov known agi auxiliary general intelligence trawler independent radio free europe radio liberty turkish media reports said freighter carrying 8000 sheep romania jordan 1560ton vessel commissioned 1970 mostly unarmed equipped radar system sonar equipment designed track ships submarines washington post video washington post russia turkey developed increasingly warm ties last year putting aside bitter differences war syria cooperate brokering political solution conflict middle east eye russia also deployed aircraft searchandrescue teams area fox news cnn,negative,1,1493314891.0,-1
Togo,Togo sustainable development,westerlands doctrine table contents table contents preface definition westerlands article 1 article 2 article 3 article 4 preface dominion hereby established made official westerlands doctrine order ensure peace among small nations ensure security westerlands regions maintain stability economy pursue regional continental development nation dominion pledged upholding doctrine time dominion deems become dated longer needed whether comes demise creation new doctrines definition westerlands westerlands comprise regions known commonly west africa includes parts 2016 north africa central africa full map seen nations dark purple dominion lands light purple nations pictured cape verde falls light purple nations fall directly westerlands particular order dominion including dominion territory sierra leoneliberia volta republic seneguinea gambia guineabissau togo benin burkina faso mauritania mali niger chad gabon equatorial guinea republic congo democratic republic congo cape verde article 1 dominion vows defend nations westerlands event come direct threat continental overseas dominion called upon situation deemed need support defend protect westerland nations however event said attack sparked aggression westerland nation dominion reevaluate situation article 2 dominion pledge come westerlands aid times need great crisis westerlands doctrine aid defined military manpower fighting men defined situation calls example event invasion manpower would required yet event economic crisis bailout fund would appropriate article 3 dominion vows uphold development african continent whole priority number 1 takes precedent else besides national security dominion pledges develop invest donate whatever possible capacity order development continent whole also vow work closely united rest continent order prevent split occurring also vow disband said doctrine event panafrican union established deemed successful dominion article 4 order ensure sustainability westerlands dominion vows maintain lowered tariffs one another bolster invest economic relations within westerlands vow stimulate economic region westerlands called upon ensure stability times crisis ratified lord paramount,positive,1,1467695320.0,1
Togo,Togo sustainable development,title states im 23 queer woman traveled west africa two summers ago aware queeroutopen casual safe used though muslim host togo open accepting unsure expect upcoming trip trip 18000 mile solo ride vancouver bc ushuaia argentina im ktm 690 opting campsites couchsurfing hosts hostels hotels im looking forward csing latin america easy find lgbt friendly hosts recently graduated arizona state ba global studies ba political science im 18000 mile trip research develop sustainable bike coop integrates permaculture food systems malaria prevention easy affordable access transportation alleviate poverty rural communities primarily focusing developing countries ive traveled bit first time outside us internship global studies degree ghana togo group 8 women 4 identified queer one togolese counterparts 30 young men university kara university lomé occasions conversations accepting towards humans recognizing common humanity implied acceptance homosexuality behalf togolese friends ex girlfriend women gender studies justice studies double major really feminist discourse queer theory result endless nights spent helping homework want keep eye transborder queer issues actually hoping someone reading could point direction academic reading topic document experiences traveling queer woman want open dialogue expectwhat issues look im concerned personal safety looking advice interested queer theory transborder identity etc general rule value safety pride planning passing straight dont see big gay presence see queer locals plan wearing ring experiences suave young men costa rica last summer showed ring much effective million interested letdowns also please feel free ask anything need feedback appreciate new things think,positive,4,1336014830.0,1
Togo,Togo sustainable development,automatic summary original reduced 50 every year world happiness index surveys numerous people various countries around world search name implies country happiest population us ranked 13th researchers come list process actually rather simple index039s website explains quotthe rankings based answers main life evaluation question asked poll called cantril ladder asks respondents think ladder best possible life 10 worst possible life 0 asked rate current lives 0 10 scale you039re looking reasons dismiss home country039s lessthanstellar ranking one thing index going rather small sample size surveys 2000 3000 people per country unhappiest countries afghanistan 154th followed togo syria rankings truly tell us team believes report helps countries gauge ready start pursuing un039s sustainable development goals include ending poverty hunger increasing healthcare quality education reaching gender equality many great humanitarian goals would benefit world download full report browse entire rankings list world happiness index039s official site summary source faq version 16 37831 summaries far theory feedback pms comment replies read bot admin constructive feedback welcome top five keywords country1 rank2 index3 world4 asks5 notice thread discussing submission topic discuss concept autotldr bot,positive,1,1458232300.0,1
Togo,Togo sustainable development,optimal amount games super rugby currently feels like halfbaked season 14 games ideal situation everyone would play home away 20 games would decide final ladder positions integrity possible becoming big talking point saturated market australia nrl afl providing consistently large amount content season extended playoff formats hand super rugby actively limiting amount content needless byerounds middle season maximum 14 games shorter simpler overall less exciting playoff format nrl whos 4 round extended playoffs epic enthralling drama nz situation warriors selling home games long season able buildup home base support extended season super rugby competition 4 months northern hemisphere clubs play least 22 games season premiership urc 30 top 14 srp teams play 14 even japan growing schedule 18 games next season additionally short season killing us particularly australia face two competitors run longer seasons also player development problem players australasia heading overseas theres money theres also opportunities play regular rugby overseas competitions australian players even recently nz players play enough firstclass rugby one main reasons fell 5th 10th world 20192023 national rugby championship longer version super rugby got scrapped covid australian players go europe instead lack minutes usually playing playing week week proper length season improvement players accelerated getting opportunities developing much faster rate soughtafter international coaches higher wages compared australia playing maximum around 10 firstclass games year fringe super rugby player substandard coaching,positive,114,1718093611.0,1
Togo,Togo sustainable development,greetings helldivers wanted finally give idea whats going patch first next patch expected second week june second also pushed emergency hotfix address enemies spawning drill current major order right weve slowed cadence patches well go detail upcoming blog short version dedicating time patch allow us provide higher quality standard reduce pressure teams arrowhead physical mental health team important us maintaining longterm sustainable work pace crucial developers staff avoid putting anyone risk burnout additionally cadence patching left us little time engage community build helldivers 2 alongside players meaningful ways slower pace enables us focus energy effectively resulting impactful updates enjoyable game experience everyone also right communicated change clearly start sincerely thank patience support make adjustment,positive,4037,1717229178.0,1
Togo,Togo sustainable development,ive industry 20 years worked various studios publishers marketing agencies financing agencies work spanning well 100 released games hundreds never saw light day three games cocreated made steam250 time list indiedb 1 choice awards pc gamer top 100 awards etc im talk three main culprits ive identified behind slump thats become worse worse years video games industry investors founders distributors think needs serious discussion investors gamers highly aware problem investors want reduce risk much possible inevitably leads sequels upon sequels clones upon clones founders gamers barely clue issue contracts treatment staff awful viewed dispensable even outright contract violations rescinding credits non payments etc rarely founders anymore willing share revenue either best brightest talent eventually drop leave industry distributors gamers may somewhat aware defend monopolistic practices vast majority indie games fail stop development early access 30 cut steam takes top refunds taxes vat credit card fees difference sustaining development forced financially quit selling game 20 amount little 4 developer end day viral success 100000 sales might 400000 dollars sounds like lot course 2 years 5 developers artists youre already pulling 10hr crunching overtime nevermind paying influencers sponsor sales stream eventually dries early adopters pool tapped regular gamers wait full release insidious problem opinion distributor drives former two become ever prudent ruthless business managed order make sustainable oversatured market advertising promoting essentially requirement bar entry damn high passion make cut great game sell anymore viral fashion least need tell everybody may lucky game two every year captures hearts gamers catapulted free worldwide fame overwhelming sea 10000 steam releases every year really pour soul years 001 gamble success,positive,1632,1734092884.0,1
Togo,Togo sustainable development,tldr think fine arent 100 sure context reddit recently announced changes api ultimately ends reddits api moving paid model would mean 3rd party developers would pay reddit continued sustained access api pricing could considered similar twitters new pricing dev apollo good breakdown mean res res things bit differently whilst use api limited information use oauth instead go via cookie authentication res browser lets us use reddits apis using authentication provided local user user hit endpoints ones get information users follow listblock listvote information etc reddits public statements limited method however told see minimal impact via route however still 100 sure potential impact cautious going forwards happens res impacted turn res impacted see point mitigate functions rely api access features may work correctly however happen evaluate core res development team 12 developers work resource bring res back break changes footnote sad see reddits vibrant 3rd party developer community continue shrink api changes yet another nail coffin community hope reddit works 3rd party app developers find common ground move forward together pull rug personal note ive involved res 7 years seen developers come go res well 3rd party reddit projects passion developers platform unrivalled equally passionate delivering best experiences redditors however decisions like directly hurt passion projects general communitys morale around developing reddit,positive,13180,1685978499.0,1
Togo,Togo sustainable development,hi im jeffrey sachs ive professor past three decades harvard columbia well special advisor millennium development goals un secretaries general kofi annan ban kimoon ive traveled 125 countries seen extreme poverty impacts climate change firsthand generation indeed end ancient scourge extreme poverty yet also destroy earth¹s lifesupport system humaninduced environmental devastation necessity entered age sustainable development era must economic growth socially inclusive environmentally sustainable enormously excited launching free global online university course name january 21 2014 interested joining course register hope people world join course join generationlong quest achieve sustainable development ill available next 90 minutes please ask anything proof edit great chat im afraid im going close convo side geting bit late moscow questions observations absolutely terrific well continue discussion board coursera website reddit sessions semester keep great questions flowing best see class prof jeffrey sachs,positive,804,1389804477.0,1
Togo,Togo sustainable development,thank everyone community immense amount support last six months result tomorrow finally able hire number moderators staff fulltime us employees receiving benefits including medical dental vision life insurances also company retirement plan make sure setup far future international employees paid rates comparable total income including benefits us employees international employees contract free pick choose hours whatever works best refuse pay lowered rates staff countries purchasing power disadvantage everyone paid rate within role regardless territory lines able tighten pay gap 118 per year next step building permanent home ferret rescue ramping hiring fulltime staff help manage intention build largest ferret rescue united states definitely achievable also expanding ferret streams onto youtube fiber internet installed funding rescue rest corp seperated sustainable ever chance rescue go pay ensure animals get lives deserve planned process wrapping get back focusing game development heartbound back menu ton stuff make year going wild thank believing none would possible without,positive,2889,1713807460.0,1
Togo,Togo sustainable development,im assuming would take least decade make schools perhaps last 20 years many architects engineers planners taught form new urbanism traditional neighborhood development school generations graduated 20 years ago 2003 40s would put agerange serious positions power many municipalities hasnt made significant inroads city governments generations suppressed older less knowledgable individuals power focused keep jobs rocking boat simply actually taught traditional neighborhood development speaking architect definitely taught traditional development suburban sprawl urban renewal correct way forward architects power ive definitely seen becoming mainstream starting least 1718 years ago wondering professions hasnt greater impact american cities,positive,203,1696891571.0,1
Togo,Togo food security,peace corps volunteer cameroon distinction one countries like togo guyana hardly anyone ever heard lived central africa two years following pc worked development across kenya sudan mali south africa reddit smart many things west dont learn much africa thats reflected lot comments see thought id try help africa lot bigger looks usual mercador map straddles equator could fit continental us china western europe india argentina still lots room left africa poorest place world india actually people living extreme poverty india subsaharan africa according studies india also suffers much greater rates child malnutrition frenchspeaking people world live africa french least one official languages 31 countries africa reflecting widespread colonial influence france belgium english dominant western language ghana nigeria east southern africa almost cases local languages yoruba swahili xhosa zulu hausa etc widespread betterknown huge continent africa accurately described land civil wars famines civil conflict exist eastsouthern sudan eastern congo somalia wellpublicized examples vast majority continent peaceful saying africa rife war examples like saying asia afghanistan pakistan likewise famine rare throughout continent issues food security market failures problems supply africa best economic growth rates world like much developing world africa largely decoupled west economically economic growth hasnt strongly affected recession want great roi put ghanaian nigerian stock market seriously really blame africas woes editorializing part since colonization really extent westerners know africa theres lot lazy assumptions paired richcountry guilt must blame everything gone wrong since independence swept continent 50s60s surely still good deal colonial influence particularly francophone countries 50 years independence african messes accurately blamed leadership failures oneparty strongman rule norm much continent long time strongmen propped west mobutu one famous example others kenyatta senghor eyadema dynamic changing change slow africans incredibly diverse group probably geographic entity earth culturally racially religiously even genetically far greater diversity africa find asia surely europe northsouth america birthplace human evolution shouldnt really surprise africa often associated poverty true much continent pretty poor poor means different things different people southern cameroon one much money land plentiful free primary schooling usually available sudan sometimes food insecurity used great deal violence mali often difficult find job allows subsistence level income schooling food available access basic healthcare varies greatly region region country country even town town africans large group unhappy poor people lions elephants gorillas big game dont live everywhere africans arent actually real crazy animals like prefer shoot em sight nigerians email spammers theyre actually really nice really want help africa dont give money charity go visit much africa lovely place full friendly people theres lots tourist dollars economy ngo stories youll hopefully help change frankly awful misleading image africa given longterm good almost anything else could continue role west development ill stop enjoy,positive,1008,1316189780.0,1
Togo,Togo food security,hi im food science major graduating next year strong interest food security though love food science want start career making strong impact world learnexperience something really different new pc great opportunity get however sure qualifications even accepted position talking pc rep school told 2 options agriculture environmental sectors ive seen food securityinvolved positions categories told requirements sector pretty steep 3 years full time farming experience 2 years sustainable education teaching experience etc depending position pc something desperately want right college im afraid may qualified go say love food feel everyone least chance provided full meal everyday ive heard people chosen pc despite full qualifications also told ag sector shortage volunteers always looking pcvs prefer environmental sector ag want teach sustainable ag schools communities important meet qualifications positions offered common people recruited without experience thanks,positive,4,1457034978.0,1
Togo,Togo food security,mobil post awful couple come weekend grabbed menu host stand sat bar host gone guess one seen come thats first thing annoyed understandable however faulting seeing busy serving people behind bar second thing kitchen closed everything 130 half hour close guy rolled eyes gave sigh starting complaining ridiculous american restaurants homie british third strike came fifteen til last call spent five bitching lack staff time cut rant let know almost last call even pissed tried nice possible cutting let know last call ten minutes anyways get drinks hang meet friend picking togo order us asked could eat togo order since slow saw problem gave paper plates dishwasher leaves protocol give togo plates silverware anyone decides eat togo order restaurant instead strike four dude walks behind bar cut friends pizza smaller slices first time took breathe let already super rude tired second time told get behind bar im cutting pizza bruv need cut pizza serious response listen security got involved still proceeded bitch sitting last call came went gave tab started cleaning didnt pay guy actually flipped went tell girlfriend wasnt paying shit ignored kept cleaning got everyone else closed eventually snapped like literally snaps fingers asks box grab one drop go back cleaning im wrist deep combining small trashes large one pipes cant box im gonna able get box youre going strike fucking five losing patience told would fix wouldnt touching food flash forward 220 fucking morning hes still still bitching full double tequila soda basically fingering girlfriend bar give tab let know ten til security kicks everyone dude looks dead face goes offer advice youre fucking rude point im tell dont really care advice need pay drinks start heading proceeds call dumb american bitch tell wasnt paying anything cause didnt drink anything poured fucking water water glass cocktail glass front starts waving aroind going drank drink want pay didnt even fucking drink youre rude youre rude calling bunch shit strike six god damn patience know shouldnt responded dont give fuck advice need pay fucking tab go point girlfriend trying pull uuuuuuuh problem problem us bullshit security gets involved pays ask name 18 times going know exmanager im gonna call security leads manager theyre apparently good friends quit two months ago current manager saw almost everything luckily took side tldr obnoxious rude customer threatens call manager doesnt work bar anymore escorted security edit tldr,negative,192,1703587119.0,-1
Togo,Togo food security,dont get problem built farms price food goods isnt crazy market almost half population starving,positive,3,1732925423.0,1
Togo,Togo food security,cant post original link reddit kill post x200b food payment units economists cmasf russia needs field finance feed half world solving problem food security developing countries one key topics russianafrican summit opens july 27 oleg solntsev ilya medvedev irina ipatova denis pekhalsky gleb krivenko center macroeconomic analysis shortterm forecasting cmasf article kommersant show task requires creation alternative global payment system participation russia demonstrate may x200b photo dmitry azarov kommersant question ripe would like hope discussions second russianafrican summit opens july 27 st petersburg well august brics summit johannesburg focus formation new alternative existing global payment settlement systems question say overdue determined much geopolitical factors economic necessity 1 without longer possible ensure global economic including energy food security clearly evidenced failure grain deal due barriers western banks insurance companies payment systems significant volumes grain fertilizers russia delivered end consumers thus according exiar director general nikita gusakov shortage fertilizers russia led underproduction agricultural products would enough feed 20 million people time problem malnutrition hunger mainly developing countries remains quite acute according un estimates 2021 number hungry people reached 830 million 2030 despite growth global food production number decrease significantly one reasons instability price conjuncture food markets well payments supplies developing countries 2 need eliminate largescale redistribution investment income large developed countries developing ones perpetuates gap wealth levels development number countries paying net investment income 45 times greater number recipient countries basically former include countries developing transitional economies including brics countries average level net payments 37 gdp median 33 average higher annual economic growth rates words additional volume value added created per year payment investment income average completely redistributed abroad russian wheat rises price following global price increase among recipient countries consider offshore territories investment portals hong kong etc majority developed economies moreover four countries united states japan germany france account 80 global net investment income received countries major direct investors also play role global payment centers issuers major world currencies payment developing transitional economies significant payment rents means outflow income also leads longterm undervaluation purchasing power currencies turn limits ability independently acquire technologies advanced equipment intellectual assets world market 3 need protect potential instability major world currencies due excessive emission recent years financial bubbles cases largescale imbalance foreign trade issuing countries look solution mutual payments national currencies partner countries cannot longterm solution sooner later attempt build settlements based national currencies stumble upon limitations form low liquidity markets legislative restrictions convertibility high level exchange rate risks well imbalance mutual trade leading accumulation chronic potentially bad debts due high volatility limited market capacity classic cryptocurrencies cannot solutions private stablecoins cannot due insufficient security currency one key developing country chinese yuan political restrictions use international trade particularly india way seems formation within framework one another association countries system crossborder payments using multilateral clearing special payment unit form digital currency conversion national currencies domestic markets guaranteed central banks participating countries use digital currency platform provide high significantly superior traditional payment systems example swift settlement speed reliability confidentiality cost savings independence equality participants protection thirdcountry sanctions implementation mutual settlements using special payment unit transparent principle determining value combining flexibility sufficient stability proportions exchange national currencies minimize exchange rate risks participants settlements determine fair nature exchange trust system participants special payment unit based provision issued obligations security asset collateral case classic stablecoin time possibility converting assets must real confirmed sufficiency corresponding reserves multilateral clearing reduce requirements amount digital currency balances accordingly amount protective assets pledged limit costs ensuring stability system prototype system european payments union epu existed 1950s clearing system countries western europe functioned basis currency epunit value tied international price gold exchange rate national currencies participating countries relation epunit established countries independently new system architecture foundation calculations v salnikov gnidchenko cmasf used however experience enp shows order launch multilateral system motivation simplify increase reliability payment system enough needs linked solution pressing economic problems high level priority example epunite used establish cooperative ties within framework european coal steel community reasonable lay idea ensuring food security basis new settlement system developing countries topic significant postsoviet countries china one key items economic agenda india african countries andrey kolesnikov stands big russianafrican summit st petersburg decorated purposes synergistic strengthening advisable combine development payment infrastructure international projects services create fullfledged food security ecosystem example rapidly growing eurasian agroexpress project accelerated delivery agricultural products already actively used main buyer china expanded countries recently agreed include india iran uae create scalable payment logistics system seamless delivery configuration payment zone proposed us optimal terms scale balance agroindustrial food fertilizers agricultural machinery trade flows multilateral clearing full composition proposed configuration formed 21 countries see fig 1 largest asian countries china india eaeu countries russia belarus armenia kazakhstan kyrgyzstan key countries southeast asia thailand malaysia indonesia vietnam six african countries including largest south africa nigeria tanzania ghana madagascar uganda four countries near middle east uae iran syria oman composition clearing provide approximately 80 mutual trade zone see fig 2 noteworthy even countries generally unbalanced terms trade within zone become balanced example india optimal configuration agroindustrial payment zone turns quite largescale terms trade volumes share mutual trade zone trade participating countries whole world third size coverage 4 billion people live countries zone half population earth cereal meat consumption zone accounts approximately 4045 global consumption time zone includes countries experience shortage food resources include primarily countries africa india see fig 3 x200b figure 1 composition countries optimal payment zone flows mutual trade agroindustrial products area circle corresponds volume domestic markets grain meat byproducts thickness arrows corresponds volume mutual trade food fertilizers agricultural machinery calculated using baci merchandise shipment data 20212022 x200b figure 2 main indicators countries optimal agroindustrial payment zone calculated using baci merchandise shipment data 20212022 security special unit account advisable choose gold trustworthy asset traded almost country possible determine exchange rates national currencies unit account alternative cross rate dollar price gold dollar national currency time annual gold production countries optimal zone twice annual demand gold ensure nonclearing settlements purpose guaranteeing fulfillment obligations full repayment digital currency balances participating countries form reserve fund collateral assets stored physical gold goldbacked nonfungible tokens nfts issued accordance requirements accepted system amount participating countrys contribution reserve fund affects size debt limit set country limit exceeds amount contribution architecture new system interior exterior ensure systems performance several additional conditions must met 1 first necessary work mechanisms limit exchange rate risks arise new means payment tied gold value gold currencies emerging markets volatile rates us dollar problem solved two ways first value unit account determined basis instant spot price gold basis average previous period example rolling year case calculations show volatility value currencies developing countries drop sharply cases become close corresponding volatility us dollar secondly builtin exchange rate risk insurance system created form options exporters importers purchase sell unit account national currencies based estimates using blackscholes formula cost options currencies potential participants region 2 contract value half average 1 cost contract paid system created source funds system service fee income time fee income 1 retain multiple competitive advantage terms costs compared traditional systems swift commissions 24 system participant pay half cost contract contracts principle could quoted marketmaker banks countries zone countries account 56 banks 200 largest world mostly china india 33 9 respectively russia 2 banks could well master offer financial products insurance exchange rate risks required volume 2 creation institutions settlement problem debts since clearing system incomplete countries chronic trade imbalances risk default payment obligations case history enp therefore require system restructuring sovereign troubled debts kind analogue paris club creditors system offer soft terms restructuring perhaps debtforinvestment swap participation promising assets 3 unification trading standards gold markets countries gold mining significant reserves able purchase countries zone minimal transaction costs gold trading carried basis platforms existing zone shanghai mumbai dubai moscow standards gold trading sites must harmonized unified order actively warm entry barriers sites countries participating system lowered large liquid players banks global top 200 attracted countries 4 building around idea ensuring food security limited number participating countries typical initial stages development system goal scale system terms composition participating countries terms coverage commodity flows particular countries need solve problem low food security including african countries may gradually enter slightly increase imbalance mutual payments becomes mature able withstand provision unit account gold also applied first stages zone begins scale significantly gold backing enough necessary expand collateral include example government securities key largest time solvent countries give thanks proposed alternative system payments settlements participating countries able receive firstly cheaper stable supplies agroindustrial products food fertilizers agricultural machinery effect especially noticeable coordinating development payment system logistics initiatives eurasian agroexpress northsouth transport corridor etc second additional opportunities stabilize food prices time relevant markets develop funds used subsidize foreign exchange options redirected formation intervention grain fund participating countries work analogy state grain fund russia well food fund eaeu created calculations show stock wheat fee 1 accumulated fund 2 years approximately equal standard deviation annual consumption countries zone longterm trend means second year operation fund ready compensate excess shortage wheat countries greater predictability wheat prices help smooth price movements types food thirdly growth southsouth trade investment due simplification ties countries participating payment system emergence unclearable imbalances encourage parties look new common ground whether increased trade investment projects aimed unlocking countrys food security potential example africa significant mineral resource base production fertilizers growth fdi countries continent provide domestic demand fertilizers also form stable supply countries need increase cultivation crops x200b figure 3 provision population various countries basic types food x200b,positive,172,1690459353.0,1
Togo,Togo food security,ysk many people say theyll eat airport airport restaurants stupid expensive due convenience save money calories bringing food hell stop way sandwich place often leave trip theres food left fridge need throw prepare bring good meal ive taken full stir fry old go container tsa bring full sandwiches chips bring snacks like left fruits old take container eat trash need eat many people domt realize include liquids obviously could include frozen soup really splitting hairs bring frozen chili obviously fruit restrictions well international flights well nuances dont dumb,positive,11351,1696902812.0,1
Togo,Togo food security,travelers 30f husband 30m visited japan first time us top travel priorities food landscape design gardens parks urban plazas trails etc really enthusiastic urbanism walking exploring cities foot everywhere go japan wonderful destination us amazing time traveling late august every single day trip hot hck high 8896 degrees fahrenheit advice traveling heat hydrate aggressively take breaks shaded benches along walking routes buy handheld fan prepare go extra laundry due changing sweaty clothes halfway day days upside less tourism time hotels likely cheaper restaurant seating available tourist sites less crowded outdoor walks garden attractions fewer visitors peaceful gardens natural scenery also beautifully green favorite color obviously flowering plant species bloom navigating without data pocket wifi kept phones airplane mode whole trip without purchasing data wifi assume people would comfortable purchasing plan kind traveling way years stuck know felt secure husband oddly passionate learning subway systems good navigating curious multiple steps ahead time make method possible 1 download offline maps google maps 2 starsave locations google maps accommodations possible restaurants sites see etc 3 download japanese english dictionaries apple translate app photo translation function works wifi download languages ahead time 4 beginning day plan using hotel wifi look subway lines needed execute im recommending everyone could dataconserving strategy midbudget lifestyle maybe lowmid budget cost hotel picks central locations basic nice private accommodations info itinerary breakfast every day consisted free cheap hotel coffee conveniencestore snacks midrange restaurants pretty cheap comparison us two meals exceeded 25 usd per person one splurge omakase dinner 95 pp one huge yakinuki dinner including wagyu beef 35 pp holding strict budget gravitated towards cheaper places loved cheaper food generally prefer casual vibes ryoken kinosaki onsen luxurious splurge included accommodations large kaiseki dinners large breakfasts yukata robes passes town onsens 2 daysnights city never hesitated pay entry museums temples gardens typically cheap 26 usd per person paid 20 entries per person 16 days didnt many entertainment activity rental expenses whole time japan traveled foot train subway total trip cost excluding flights 4364 usd two people 16 days 2182 per person avg accommodation cost excluding 2 kinosaki onsen nights 113 per night two people 565 per person kinosaki ryokan separated bc cost allinclusive food overnight stay yukata rentals onsen passes 310 per night two people 155 per night per person avg daily expenses includes meals snacks misc cash spending subways site entries excludes 2 kinosaki onsen days see 56 per day per person average train costs cities 54 per trip per person travel insurance 27 per person souvenirs 46 per person itinerary logged daybyday activities meals long post tried pick relevant info share tokyo 4 nights accommodation lagent hotel shinjuku kabukicho favorite meals 1 godaime hanayama udon 2 marudori ruisuke izakaya favorite site experience hamarikyu gardens east gardens imperial palace sights seen meiji jingu park shrine togo shrine shibuya crossing metropolitan government observation room central park national museum ueno park harajuku shibuya window shopping personal thoughts loved tokyo one bustling cities world much diversity people food art experiences density activity balanced many green spaces resting slowing pace felt foreignerfriendly easy find amazing food spots tokyo among favorite cities world ive visited know much see couldnt get 4 days would love go back day experience city neighborhoods kanazawa 3 nights accommodation guest house shiro guest house private room shared bathrooms showers lounge room husband found reddit recommendation pass forward rec favorite meal 1 miyuke oden 2 midouen yakinuki favorite site experience yoshiro yoshio taniguchi museum architecture highlight special exhibit cityscapes anime background art sights seen higashi chaya district utatsuyama park kenrokuen gardens kanazawa castle gyokusoinmaren garden suzuki museum maeda tosanokamike shiryokan museum shinise kinenkan museum kanazawa oktoberfest thoughts really enjoyed kanazawa found interesting seemed like unique hybrid typical industrial japanese city actually know like spliced together historic areas tourist attractions commercial areas serve locals tourists walked city would pass streets neighborhoods drastically different characters short span city walkable areas visitor interest pretty dense walked everywhere never needed public transport people warm visitorfriendly easy navigate since visited kanazawa tokyo kyoto nice stop slowing pace comparison kyoto 4 nights accommodation hotel resol kyoto kawaramachi sanjo favorite meals 1 akutagawa ramen 2 ninenzaka sushi numoto omakase favorite site experience walking philosophers path seeing temples gardens path north higashima strolling home along koga river sights seen maruyama park kyimizudera temple sannenzaka kodaiji temple chionin temple nanzenji temple eikando temple honenin temple higashiyamajisho temple saihoji temple arashiyama overlooks ksura river bamboo forest okicho sanso garden nishiki market fushimi inari daitokuji thoughts kyoto took breath away amount beautiful scenery landscapes gardens views kyoto mecca seeing japanese garden design amazing experience also loved many hiking trail opportunities architecture city one beautiful city landscapes ive ever seen ive read complicated local feelings tourists understandable kyoto historic traditional culture intense saturation foreign tourists times felt selfconscious traditional restaurant environments unsure violating local etiquettes kinosaki onsen 2 nights accommodation morizuya inn 4 star ryokan traditional japanese breakfast dinner included pass use 7 town onsens included thoughts visiting kinosaki onsen pleasant beautiful im type person good sitting nothing basically goal coming kinosaki spending full day strolling small beautiful town onsen baths loved unself conscious culture baths first nervous look awkward nude accidentally violate etiquette reading signage observing others made feel quickly comfortable something goofy going hot bath temperature outside also 90 degrees really enjoyed one bath houses amazing icy bath relief heat osaka 3 nights accommodation hotel flag shinsaibashi favorite meal yukari sobezaki honten yaki soba okonomiyaki top favorite site experience umeda sky building dotonburi night time exploring sites seen osaka castle koji kinutani tenku art museum ohatsu tenjin shrine dotonburi bridge kuromon ichiba market thoughts osaka fun city lively energy awesome food culture lot cheap casual food counters amazing loved relaxed unpretentious ive heard highend food osaka also great didnt end anything pricier satisfied endless cheap eats definitely chaotic vibe walking around since many streets narrow lanes shared cars bikes pedestrians unlike tokyo abundance shady parks stop retreat glad booked one expensive hotels osaka nice restful spacious place regroup outings souvenir shopping super fun scene browse even husband usually hates shopping thought may make day trip kobe elsewhere osaka arrived happy take easy soak city atmosphere without much structure,positive,90,1694529065.0,1
Togo,Togo food security,hello fellow travelers review covered one week paris london trip since unable edit posts wont able link london one liked review instead ill note paris portion ends london begins family 4 parents 2 boys 10 8 years old enjoyed paris london vacation spring break please see details trip please ask questions pretrip cant emphasize enough things must dos really pre buying tickets ahead time sites buying first possible chance available louvre eiffel tower could mean difference going security going security waiting 2 hours buy tickets note pre buy ticket timing completely different paris wasnt specific set time ie 60 days make sure check things right away example louvre believe several months advance eiffel tower exactly 60 days note timed tickets ive heard strict timing plan schedule accordingly addition probably want figure want handle phone access outside area tried 2 different esims orange holiday esim voicedata airalo data relatively easy install use make sure read directions install note got 20 10gb way needed dialed back wireless usage case used mostly google maps random keep kids quiet restaurant moment day 1 sites visited arc de triomphe eiffel towerfood pomme de pain sandwiches pierre herme macaron eiffel cafe snack one biggest concerns relatively short time cities hit ground running hindsight would nice one extra half day recover flight jet lag recall ticket prices nearly double specifics took saturday 2pm pdt flight san francisco landed 1030am paris effectively landed midnight us time start day paris time key keep active try make evening flight 105 hours unfortunately entire family oldest son slept roughly 2 hours total us fumes landing past would taken public transit cdg hotel number people convenience simply arranged pick easy go shuttle extremely easy make reservation confirmed day upon arrival exiting customs driver right exit sign name helped us move luggage got van away went paris booked hyatt paris madeleine 3 nights hotel actually fairly centrally located within quick walk 2 different metro stations saintaugustin madeleine well walkable many locations note paris fairly walkable make sure comfortable shoes arrived early around noon rooms ready able quick change headed effort stay awake avoid bad case jet lag took metro easy purchase 4 navigo easy cards add 10 tickets card help attendant would say 2 stations near us major ones wasnt long wait arrived fdr station ended champselysee greeted 2 surprises one sunny warm forecasted closed champselysee easter sunday treat able walk street frankly able take great pictures arc de triomphe grabbed quick snack pomme de pain opinion quick fix would better looking boulangerie near hotel discovered last day note sunday places wanted try lunch closed sunday walked champelysee also grabbed first macaron pierre herme fantastic continued towards scheduled entrance time arc de triomphe mentioned cannot stress enough much time saved pre buying tickets would estimate tickets security likely saved 3045 minutes 200 stairs climb make sure take picture middle spiral stairway looking reached first level featured history site eventually made way top views quite spectacular particularly enjoyed center wheel spoke several streets led arc quick note make sure take opportunity use restroom reason mention soon exited arc son said use went one hour detour searching clean free bathroom didnt small change us eventually gave decided head towards eiffel tower went pont de bir hakeim station could take pictures bridge featured inception however right outside station ended eiffel cafe got quick snack also importantly bathroom use next eiffel tower look pretty spectacular possible try get little early many different perspectives take great pictures first go security access tower today took us 20 minutes appreciably shorter ticket line overheard following conversation long wait need buy tickets security 3040 minutes 23 hours buy ticket got headed line elevator took another 25 minutes see theme elevator ride interesting make second platform got another line go top tower although views pretty spectacular crowded ventilation would hate see hot would summer theres yet another line go literally organization free get back second deck looked around minutes 2 us took stairs 2 us took elevator honest opinion going tower pretty overrated honestly would views much better multitude angles would deal immense amount people would feel time better spent shopping picnic picking bottle wine finding spot grass enjoying picnic opposed constant waiting lines fighting crowds spending 10 minutes looking coming point verge exhaustion head back hotel grabbed quick meal hotel sign things come called night day 2 sites visited saint chapelle galeries lafayette haussmann colonnes de buren louvrefood angelina hot chocolate patrick roger chocolate galeries lafayette haussmann food court laduree macaron le saotico french good nights rest everyone wife got 2 hours sleep due jet lag grabbed breakfast hotel headed first stop saintechapelle pre bought tickets skipped saved 30 minutes first floor interesting history second floor really saintechapelle shines spectacular stained glass although really much stand stare wonder peaceful felt well worth price admission following saintchapelle designated shopping time wife thankful paris time another family knew dropped ladies men kids walked angelina get hot chocolate say decided ahead time stop get go good decision line eat looked long wrapped around watching pour hot chocolate interesting like watching syrup getting poured cup also sell pastries macarons didnt try looked good headed patrick roger say wasnt sure could many different stores sell chocolate say impressed presentation quality chocolates ladies done took boys galeries lafayette haussmann took magnificent ceiling ended rooftop observation area view nice well good little break rain lunch gourmet portion galeries good spread included sandwich pizza boys significant amount dessert well ended getting eclairs leclaire de genie admittedly looked much better tasted quick stop hotel drop bags take minor break started quick stop colonnes de buren interesting place would define must see headed louvre 1630 time slot even time line prebuy tickets 30 minutes savings least museum opened 1830pm rushed see much could including mona lisa room felt oppressive simply amount people room able see famous exhibits find interesting closing time indicates 1830 means everyone started closing exhibits souvenir store starting 1730 made way outside started rain decided head dinner le saotico local french dinner note make reservations possible even important 8 people although dinner wonderful ill write separate review highlights include foie gras appetizer duck confit dessert also introduced full experience leisurely long french meal another day complete another 25k steps day 3 sites visited pantheon sacre coeurfood richart chocolate seulement sea seafood boulangerie alexine baguette pastries la patisserie cyril lignac birthday cake last full day paris started photoshoot family starting trocadero looking eiffel tower 0800 chilly start sure although would best time take photos fewest amount people every photographer knows still decent sized crowd 0800 photo shoot headed pantheon via metro pantheon looked like classic greek architecture first floor pretty amazing vaulted ceilings floor ceiling artwork also ridiculously crowded least seemingly several schools worth field trips showed basement interesting researching names unfamiliar us getting good historical perspective pantheon made way lunch seulement sea via metro seulement sea local gem found pre trip research primary reason going eat moule frite mussels fries disappoint felt like 50 mussels enjoyed meal immensely happened upon nice local couple complimented us choice restaurant curious heard thought local secret quick note every meal also copious amounts fantastic baguette finished lunch walked stopping pharmacy could honestly say never seen many people working ready help pharmacy however heard lots good things pharmacies great place pick skin care products affordably following brief shopping break headed sacre coeur little fun usual recently watched john wick 4 although wanted walk stairs walked fell opted take tram kids thought would fun line surprisingly short could easily see everyone took stairs overwhelming large number people steps front sacre coeur quick walk around inside 15 minute wait ended square marcel bleustein blanchet underrated public bathroom fantastic view sacre coeur different angle plus fact quiet nice respite crowds originally plans eat bouillon pigalle dinner looking forward another 25 hour plus meal addition fact still full lunch canceled reservation picked baguette pastries boulangerie alexine headed back hotel friends arranged delivery variety cakes cyril lignac wifes birthday say signature cake equinoxe well deserved reputation addition hotel staff outdid drink lounge area waiter saw cakes brought tray plates silverware allow us take back upstairs could enjoy little private party wonderful evening headed bed knowing last evening day 4 sites visited gare du nordfood hotel breakfast last day easy morning 1313 eurostar train catch spent morning leisure breakfast buffet hotel first wonderful usual addition leave happy give togo box grabbed pastries train also stopping supermarket see interesting finds us ended stay hotel took cab gare du nord early wanted ensure enough time case line security literally one line immigration 5 minutes processing vat refund form took 2 minutes total ended nearly 2 hours early train able grab first seat gate b fortuitous later found moving walkway gate working anyone suitcase heading towards gate b thought would gain little advantage waiting third line gate 30 minutes honestly massive free gate opened bear mind however among first arrive train able secure space luggage rack easily london key takeaways make sure purchase tickets ahead time places want see different purchase points make sure look early example believe louvre next 120 days eiffel tower 60 saint chapelle randomly popped available one day louvre eiffel tower based times may potentially go fast eiffel tower example found tickets would go sale 60 days date wanted go 300 pm local time couple trials turns 30 seconds buy tickets even may get time spot want plan itinerary general neighborhoods overwhelm schedule also flexible example original plan louvre first thing opened wasnt able get tickets 9am flipped schedule 1630 moved things around accommodate make sure allot transit time general crowds get know use metro incredibly useful difficult get hang im happy give help anyone looking plan diversity food although food phenomenal find french foods rich mixing little would something would future also going restaurants much perhaps cafe future nothing else sandwiches phenomenal affordable quick procure ill end portion link little video created document trip link london portion trip edit mods took london post 2 options youtube video theres link trip report posted tripadvisor alternatively send message send london trip report im happy answer questions regards planning experiences trip wish little time always say end vacations x200b,positive,57,1682549228.0,1
Togo,Togo food security,ive tried fair amount research come itinerary think works well based locations everything im planning trip husband surprise husband 30th birthday im really able get advice trip im looking reddit help things us budget trip around 12000 excludes major shopping purchases big foodies know nailing food places tough given long lines want experience japan offer also dont want lose actually experiencing japan going fast dont really care club scene potentially interested renting karaoke room love coffee cute coffee shop would amazing find want buy luxury watch andor luxury bag japan one shopping days things need help stay place example ive heard ginza district amazing place stay many choices tokyo also unsure splurge places good view room focus location weve also discussed staying property going disney im sure worth would love perspective whether itinerary aggressive please please please help restaurant ideas think im overwhelmed sheer choices put meals listing im married dates places listed wanted list high recommendation restaurants itinerary want try typical foods tourists want try waygu sushi ramen gyoza tonkatsu udon etc missing anything itinerary let us know additionally items considering securing reservations activities ive listed please let know laundry issue us given duration stay pack enough trip plan laundry trip day 1 friday may 9 2025 tokyo flight ord hnd arrival time estimated 330 pm next day note banking points fly us business class tokyo flight overnight hoping well rested day 2 saturday may 10 2025 tokyo arrive hnd midafternoon taxi hotel arrive hotel hotel tbd shinjuku kabukicho golden gai walking tour 6 8 pm day 3 sunday may 11 2025 tokyo sightseeingshopping day rainbow bridge shibuya scramble crossing toho cinemas shinjuku akihabara 7eleven mega quijote pokemon center mega tokyo eat mcdonalds shibuya tradition husband eat mcdonalds every new country rooftop bar experience andaz toranomon hills meal happy pancake omotesando day 4 monday may 12 2025 tokyo shibuya sky studio ghibli museum know tickets tough obtain plan multiple people help secure tickets event tokyo metropoliton govt building tokyo dome baseball game meal wagyu yakiniku panga day 5 tuesday may 13 2025 tokyo tsukiji outer market teamlab planets tokyo sumo wrestling tournament viewing dont plan watch entire days worth tournaments street kart tokyo bay meal uobei day 6 wednesday may 14 2025 tokyo shrine day sensoji east gardens imperial palace kikyomon gate meiji jingu togo shrine harajuku station mt fuju helicopter tour travel disney hotel planning stay tokyo disneysea hotel miracosta meal kirby cafe day 7 thursday may 15 2025 tokyo disney sea day plan paying premier access avoid long lines day 8 friday may 16 2025 tokyo tokyo disneyland day plan paying premier access avoid long lines day 9 saturday may 17 2025 tokyo check tokyo disneysea hotel miracosta train osaka anticipate arriving early afternoon general sightseeing please provide good suggestions half day sightseeing osaka castle shinsaibashi market meal katsudon chiyomatsu meal ichiran ramen day 10 sunday may 18 2025 osaka shrine day namba yasaka jinja shitennoji hozenji sumiyoshi taisha dotonbori district sightseeing meal rikuros namba main branch rikuros cheesecake meal gyukatsu motomura day 11 monday may 19 2025 osaka universal studios japan day 12 tuesday may 20 2025 osaka hiroshima day trip hiroshima note ive thought potentially staying miyajima island day went hiroshima wasnt sure worth lose one tokyo days backend day 13 wednesday may 21 2025 kyoto travel kyoto nishiki market kimono tea ceremony geisha pontcho kaburenjo theatre show gion sightseeing day 14 thursday may 22 2025 kyoto nara day trip nara nara park eat okaru japanese pancakes todai ji shrine day 15 friday may 23 2025 kyoto shrinetemple day toji gojunoto 5 story pagoda fushimi inari taisha shimogamojinja shrine higashiyama jishoji honenin temple meal kichi kichi omurice day 16 saturday may 24 2025 kyoto shrinetemple day nijo castle kiyomizudera shopping glänta kyoto sanjo kawaramachi custom rings shopping ghibli store shopping custom chopsticks meal gyoza hohei day 17 sunday may 25 2025 kyoto shrinetemple day kinkakuji ryoanji shopping kikuichimonji day 18 monday may 26 2025 kyoto hakone train hakone hakone openair museum stay ryokan hakone top pick spa resort ryokan hakone ginyu day 19 tuesday may 27 2025 hakone tokyo train tokyo wrap anything missed adaibo beach head spa kuu im donut donuts stay capsule hotel day 20 wednesday may 28 2025 tokyo final shopping day tokyo meal pokemon cafe meal nihonbashi kaisen donburi tsujihan nihonbashi day 21 thursday may 29 2025 tokyo fly home unfortunately likely wont enough points fly back business class husbands actual birthday ideas make special flight let know,positive,2,1718306382.0,1
Togo,Togo food security,deliver business town regular hundreds employees delivery instructions leave delivery inside second set doors building take picture go business texted employee let know ill dropping food 2 3 minutes responded thank nice weekend getting back car security guard food hand screaming cant could bomb bag explained labeled doordash receipt furthermore bomb foolish would picking told company policy politely said would take employee dont work company continues keep screaming get car back im drive away throws customers food windshield explodes place obviously im pretty pissed point exchanged words nothing threatening letting know much ass superior comes call police four police cars show asked id didnt give didnt commit crime afterwards customer whose food exploded windshield hood comes screaming security guard long story short police officers told wasnt breaking laws give trespassing warning building company decides pursue told cant id crime wasnt committed since im employee building obviously cant violate company employee policy let go questions anything happen anyone else security similar edit would also like share reasoning giving id police officers violation state since stop id state fourth amendment rights furthermore dont want receive trespassing violation building minimum make 25 40 deliveries daily im going sacrifice living security officer bad day decided throw food car didnt belong return trip dropped another delivery customer waiting outside building guess waiting pen paper taking license plate lol happens im actually going go police station press formal harassment charges large brand originally going chalk somebody bad day shes obviously made personal wants hurt livelihood guess choice submit complaint town also video writing license plate number outside building zero interaction whatsoever last sidenote want thank everyone supported expecting half half split people thinking douche opposed guard appreciate support stay strong safe know rights,positive,4388,1691238207.0,1
Togo,Togo food security,public 2031 november 20th current food crisis africa devastating reality affects millions people struggling obtain daily meals unfortunately situation projected deteriorate recent collapse russian regime complicated situation leaving several african countries rely heavily russian grain food imports state great uncertainty anxiety egypt country relies heavily russian grain imports hit particularly hard crisis country teetering brink civil unrest many people unable access food need survive egyptian government working tirelessly address crisis limited resources struggling provide citizens several african countries including madagascar kenya sudan tanzania senegal burundi togo cameroon namibia also facing severe food shortages scale egypts nations even worse due dependence russian grain food imports countries scrambling find alternative sources food brazil currently secondlargest producer grain world thirdlargest food producer wellpositioned help alleviate crisis africa stable economy ongoing conflicts neutrality brazil trustworthy source food africa difficult times stand solidarity nations africa people committed offering support help african nations plan target grain agriculture industry subsidies exportation towards africa lower prices products african nations making affordable accessible recognize urgency situation stand ready offer support best ability addition subsidies also believe brazils welldeveloped agriculture sector utilizes advanced techniques technologies could help african farmers improve crop yields increase efficiency plan share knowledge expertise workshops training programs african nations brazil forms technical assistance help africa increase agricultural output make efficient egypt specifically already deal comsur facilitate exportation grains egypt finally many african nations troubles well natural gas importantly oil also willing help open cooperation many areas hope african nations willing cooperate brazil improve food security sake know happens people get hungry get angry always open feedback suggestions requests nations analyze thoroughly together work alleviate crisis help ensure everyone access food need survive,positive,7,1678025630.0,1
Togo,Togo food security,disclaimer grow fruit trees living biased value fruit tree nursery wanted post remind people everyone us time year order plant trees want year fruit trees opinion one overlooked parts home gardening food preparedness benefits numerous including perennial produce fruit year year unlike pretty much vegetables ease careroi effort compared vegetables fruit trees require fraction care opinion first year plant work digging hole adding compost etc established often spend basically 36 hours year fruit trees trees frequently produce 100lbs fruit year preservation food fruit used countless preservation methods including used make alcohol calories vitamins fruit far calorie dense vitamins many common vegetables attracting wildlife things pull wildlife hunting season like persimmon apple tree dropping fruit love talking fruit trees anyone questions kinds fruit grow area ask ill answer helps ton though tell things live space growhow big orchard want thanks everyone hear constantly summer people wish planted spring project year reminder place order get trees ground thanks,positive,669,1736290691.0,1
Togo,Togo food security,im basically stressed situation dad put business ups downs shouldve opportunities pay condo didnt take fast forward today 800 left month paying housing costs im sure place would rent 2k put rent probably sold 300k maybe little saving buy first home theoretically could take mortgage payments relieve expenses id tough time saving ideas smart folks sub im grateful ideas thank edit cant believe support far thank edit 2 live florida,positive,3539,1664274554.0,1
Togo,Togo food security,week since hazu kashibuchi disappeared face earth taro relished taste blood mouth killing pest thorn side long finally understood men tried seduce mother habit disappearing ren mindful enough teach taro effective ways ending persons life agonising ways keep alive wanted hazu didnt deserve attention kept alive entertainment worm food literally course ayato aishi wondered new friend gone ayato perfect every way caring compassionate clever handsome boot drew taro like fish caught hook standing near ayato made body feel like burning year older mind turned salacious thoughts regarding ayato sometimes wished could get kyoto guards grab ayato streets bring directly taro way wooden cabin could extra room basement especially darling pet specially designed bedroom ayato another room akin play room taro gathering different things would need space recent item purple gold rope room finished yet would ready soon peoples emotions could still get overwhelmed taro found flee order get back control lest ended jumping ayatos lap also things worry hazus disappearance making noise thanks needle discovered journalist taro guessed fifties trying gain access academy turned away headmaster instead loitered outside gates man looked slightly messy painfully cliché trench coat hat posture everyone questioned disappearance leads found didnt stop pathetic little husk man continued quiz question student including taro simply waved man continued walking couldnt help feeling mans suspicous eyes wouldnt matter anyway taro smirked sinisterly even figure removed destroyed another damned problem name togo tabara boy found taros class row even little grass eyed insect getting nerves quickly thought strike kill every person much look kouhai ill put prime suspect pretty quickly nodded mind continued piece together next course action noticed couple things first togo club attend day spent wondering around academy finding something sometimes would go way find ayato talk taro would clench fists keep level head order listen pair would talk found togo idea wanted would older young man purpose life fiery temper tried hide times belittling someone upset course hid ayato would tolerate kind behaviour ayato also unsure already destiny decided wearing moonless black leather jacket spikes uniform today moon stars embroidered back still wearing silver moth cuff wore special day taro saw first time also wore leather necklace another moth pendant though one looked like death head moth student body wouldnt able get away ayato best grades academy given special privileges taro couldnt help stare leather jacket hot yet perfect ayato needed get precious kouhai notice togo dark secret secret dark could ruin without doubt anyone else found togo tabara featured several animated porn films got around academy would doubt would expelled infringing upon terms scholarship thing animated films always doubt persons real name unless someone academy heard voice character putting two two together porn films werent main focus though material subject matter animated films would career ender togo habit voicing characters much like real life risqué subject matter would ruin togos chances anything japan desperately wanted leak films journalist hanging around needed plan carefully suspicion would fall onto collected films mashed together one file also working courage talk ayato persona created one slightly shy bookworm wasnt far truth would easy pull academy grounds taro grabbed specially picked occult books walked directly path ayato togo walking taro knocked togo let mask slip shoving taro away making books fall ground hey walking watch youre going trying act blind togo ayato raised voice togo tried back peddle kouhai none thats enough fuck togo stammered forced walk away ayato rushed grab books put back taros hands im sorry didnt realise like ayato spoke spoke taro stuttered response aactually would bit careful knew ayato tilted head slightly confusion seeming understand message accept younger boy looked books like occult well yes think fascinating taro admitted may believer much always thought destiny mind still interesting anyway ayato gestured follow know book think youll like prefer things around ghosts occult general oh taro think following tall kouhai im spirits kind person idea spirit able bless curse someone always interested returned library ayato looked shelves lucking book woman black susan hill story rather real ghostly sighting think youll like passed book taro took carefully collection holding carefully ayato smiled left library return classroom leaving behind flustered shocked taro wake taro wandered slowly back classroom making way desk long teacher arrived togo clearly seemed sulky mood happened taro cared boy reason still breathing taro chose live hazu lucky class ended taro following ayato home togo rushed ayato hey talk im mood taros beloved retorted back useless boy look want apologise acting earlier togo tried plead case taro cursed buying snacks shops entertainment ayato stopped stared boy like people act like ass holes reason enough parents sorted oh many relatives tell young money would better suited flat go home dont talk today need calm turned away walked home togo huffed turned back towards high street unaware taro one kyoto guards stalking room main estate taros bedroom covered wooden panelling top bottom luxurious crimson cherry wood money could buy sat bed computer collected x rated films togo starred put usb plug destroy evidence computer specially selected cutesy usb blue butterfly kind thing musume would intrigued keep placed usb little bag handwritten note course taro write note one butlers write bag put book bag began get ready bed already halfway reading book ayato suggested proving good novel well otherwise ayato would suggested going akademi tomorrow would prove interesting couldnt wait see things played musume ronshaku de facto leader gyaru girls father ran loan company best accessories money could offer friends always profited didnt mean money incentive get something done spread gossip greedy sure wasnt quiet little weirdo hazu disappeared nearly whole two weeks ago concern around academy wondered run away get attention wouldnt surprise friends busy sniffing decent gossip around academy things getting little boring liking bag 60000 yen usb stick found desk snatched brought friends find whatever hana curiously read note loud finds note know much love gossip spread rumours believe enough information create drama raised brow kashiko inspected usb sure doesnt nasty ass virus something asked hoshiko smiled back whatever good blog time laughed koroko remained quiet musume took usb plugged computer clicking file oh hana gasped loud x rated scene popped computer wait minute voice sounds like someone know koroko blushed embarrassment turned away awh innocent koroko kashiko giggled thought hit hold sounds like stopped spoke name lot grabbing musumes attention spill tea girl kashiko whispered girls ears laughed hysterically friday togo managed bridge gap ayato apologised things felt like going go planned brushed hair neatly today preparation confession even put best aftershave snatched neatly wrapped box desk give soon new boyfriend sunny fate watching prepare time strolled academy grounds everyone seemed smiling looked strained walked past worry later making see things continued stairs made way classroom desk vandalised like someone taken knife carved sorts slurs insults one stood one ever love whole class shock meant hear laughter behind hell sound cruel laughter erupted outside classroom multiple students looked arkwardly away gyaru girls cackled away except koroko togo tabara genka kunahito boomed behind office followed looking ground entered office shut doors behind took deep breath going desk need talk kind hours activities youve getting finally said ball dropped togos mind theres way tried reassure took enough precautions make sure one would find genka picked usb shape blue butterfly given another student start day seemed pretty shocked didnt give information told see believe feeling know activities crosses line acceptable finally left desk walked togo asked pitifully money pay education tears started well eyes togos shame nodded solemnly genka sighed ill need talk headmaster im right kocho shuyona headmaster akademi academy entered room ive discussion mr saikou unfortunately able continue education im afraid seeing breeched terms contract study forced expel everything slowed moment cube ice slid back nno stammered another person entered office man black white security uniform told need gentleman headmaster tried gesture kindly togo took hallways one thing mind oddly wasnt expulsion could confess ayato accepted expulsion price would willing accept ayato normally one zen gardens time morning rushed making sure lose security guard bolting east zen garden ayato boy knocked day togo shook anger threw knees front ayato ayato theres something ive hiding something ive hiding quite togo started could hear steps security guard getting closer please hear ok security guard genka kocho arrived garden security guard went walk kocho stopped headmaster genka asked curiously want see ayato reacts explained togo continued theres something burning deep inside wont brush around bush ive never felt way anyone wasnt even sure first know love ayato im expelled please accept confession ill make work us finally looked ayato looked sad look pitifully im sorry cant accept confession paused took breath continued tthose videos cant bring accept confession knowing wouldnt one turned away save shame letting tear run face taro wiped tears away tenderly ayato hugged automatically togo felt heart stop shouldnt way tears flowed face security guard began drag away ayato togo pleaded please ill stop videos ill anything ayato please pleas echoed dragged away site single gift box lying togo ayato seem notice box taro swiped could journalist could hear togo saw distressed boy thrown gates shut back finally seemed accept defeat ran away sobbing happened jin keneko asked headmaster expel making pornographic content pay education fees breaches terms contract left walked away jin threw glance direction boy ran grimaced something head told something right taro ayato helped cleaning hours nearly done turn incinerator taro alone area finally opened gift left floor leather bracelet much like one ayato already deep forest green instead purple pretty little gift taro noted leather expensive closed box threw incinerator closed doors turned flames green never colour,positive,19,1691071922.0,1
Togo,Togo food security,please find comments 17 new vacancies opened since friday 07 jul data come un talent every open volunteering position un finance amp economy environment ouagadougou burkina faso monitoring evaluation specialist undp united nations development programme expires 13 days unv national specialist unvorg english spanish translation 4350 words inclusive social protection child rights connect expires 13 days unv unvorg english french translation 4350 words inclusive social protection child rights connect expires 13 days unv unvorg medical amp health security unv especialista en salud nutrición agua saneamiento e higiene unicef united nations childrens fund expires 13 days unv national expert unvorg admin logistics amp procurement addis ababa ethiopia procurement assistant undp united nations development programme expires 13 days unv national specialist unvorg support design factsheets different areas wfp work wfp world food programme expires 13 days unv unvorg beijing china research assistant undp united nations development programme expires 13 days unv community volunteer unvorg admin human resources kinshasa democratic republic congo hr administrative assistant monusco united nations organisation stabilization mission democratic republic congo expires 13 days unv international specialist unvorg translate articles arabicenglish french undp lebanon expires 13 days unv unvorg give online english lessons underprivileged children tamil nadu ann foundation inc expires 13 days unv unvorg programme amp policy admin logistics amp procurement yangon myanmar burma programme assistant unv united nations volunteers expires 12 days unv national specialist unvorg programme amp policy finance amp economy rabat morocco programme assistant un women expires 12 days unv national specialist unvorg admin logistics amp procurement procurement assistant undp united nations development programme expires 11 days unv national specialist unvorg admin logistics amp procurement buea cameroon procurement assistant undp united nations development programme expires 11 days unv national specialist unvorg finance amp economy assistant e à lentrepreneuriat local undp united nations development programme expires 11 days unv national specialist unvorg admin environment lome togo assistant e à la planification stratégique et au suivi des odd undp united nations development programme expires 11 days unv national youth unvorg communications amp pr amp telecom lome togo assistant e communication et plaidoyer undp united nations development programme expires 11 days unv national youth unvorg next post 3 days,positive,1,1689024773.0,1
Togo,Togo food security,welcome time talked back guest forgive already posted incident bit traumatic fun way tend trouble remembering told brain tries block ago september maybe please forgive forget details work themed hotel geared toward children server bartender reason get way fair share awful guests rude people people dont tip get stiffed least shift know good job people ask lots weird questions people lift shirt show stomach tats unprompted last one one person tattoos beautiful portraits father two sons reasonin stylea baby gorilla x200b one morning come breakfast shift entire staff talking awful table night huge group 20 kids running everywhere rude parents demanding things comped tip etc x200b pretty slow shift currently 1 table people know 30 minutes close walk despite behavior last night seat anyway feel incredibly grateful table mood feign kindness low behold 5 minutes close joiners sit separate table couple young adults late teens turn rotation take care fine whatever instances claiming ordered things like juice definitely whatever deal young people still getting used way world works get settled food drinks go get check table x200b standing hostess station kid im serving yells across dinging room wants togo cup orange juice look respond im running card right get soon done x200b context main large party complaining everything eating anyway running 17 year old server ragged let kids run literally place making things dangerous upset one cooks generously helped run massive amounts food accidently knocked baby said baby playing doorway kitchen chef told people several times need keep eye child active doorway etc got mad telling cook felt absolutely awful knocking baby baby fine way point chef mod dealing tables complaints rather server absolutely amazing comps items didnt eat sticks around clear deal bs see main party check go grab check table pos hear one women main party one seems charge made complaints say shouldnt talk like somebodies child knew talking young adults table could hear trying come reasons pay bill head start preparing conflict x200b drop bill problem go bus table come back cluster jam hostess stand members party arguing paying food ridiculous ways want split check young woman party behind bill go ask would like run card friends apparently crossed line awful woman taken lead group sees starts ripping rude two young adults wasnt unprofessional talked across dinging room yelled across dining room says argument heard practice earlier x200b hes somebodies child finally moment practiced response head heard making story get actually use joy x200b im actually somebodies child reply x200b glorious hell broke loose spent next 15 minutes yelled woman friends heres thing though turns get first good retort nothing else bother sassy polite rebuttals keep flowing dont remember kind blur highlights involved stating knows bad jobs gm although never said assume meant general motors automobile smiling wasnt taking seriously actually right one although couldnt see smile unlike actually wearing mask two friends deciding said young man hadnt understood said first problem said attitude problem became said word manager standing watching whole thing eventually told needed pay leave going call security scatter close dining room course people problem hotel general refusing check time making mess complaining eventually escorted property security x200b real kicker though complaining food 2 meals violently arguing staff managers people tried come back restaurant lunch hour screamed us x200b x200b x200b second worst table first actually comes time caterwaiterevent staff known name olive garden wedding,negative,146,1614877214.0,-1
Togo,Togo food security,victoire tomegah dogbe togos first female prime minister resigned council ministers first tuesday august wake announcement pregnancy son due born april sunday president faure gnassingbes pick replacement notoriously effective notoriously quiet antoine lekpa gbegbeni serving minister agriculture livestock rural development appointed prime minister confirmed near unanimous vote national assembly gbegbenis former ministry quietly merged edem kokou tengues ministry maritime economy fisheries coastal protection six item long alphabetically ordered ministry agriculture coastal protection fisheries livestock maritime economy rural development tengue young standards togolese gerontocracy 40 years old time appointment former maersk executives promotion making waves hes ewe ewe represented haho prefecture heartland ewe country national assembly despite strong ewe credentials hes darling predominantly ethnically kabiye ruling elites hail countrys north tengues promotion important reasons president gnassingbe trying demonstrate play nice kabiye regime faure gnassingbes father eyadema clashed ewe opposition even long eyadema crushed dissent submission southern noncooperation national unity cited justification governments cruelty south southern common togolese political innuendo ewe attempt stabilize togo reduce ethnopolitical violence faure attempting distance kabiye vs ewenorth vs south narratives made point placing cooperative ewes high places gnassingbe sending message global business fomenting stability positive domestic political outcomes makes togo attractive potential investors past cited togos frequent outbursts street protests subsequent crackdowns reasons go elsewhere gnassingbe elevate ewe role ewe experience international business gbegbeni discreet ruthlessly efficient great friend gnassingbe family tengue perfect look togo looking inward outward ways push economy forward tengues given critical role togo looking towards agricultural ministry rising prices wheat thanks war ukraine rising prices agricultural inputs seeds fertilizer reminiscent 2008 food crisis rocked africa ministry agriculture livestock rural development never important tengue given second ministerial role two ministries merged reason made abundantly clear recent announcement agricultural goals expansion age ambitious plan tengue aims increase agricultural output togo sale across africa order create much needed new stream income country combination two ministries one governing agriculture governing shipping logistics permit tengue incredible control effort achieve goals agricultural goals expansion age plan identifies expanding modernizing togos agricultural sector number one priority country wants develop name ewe language pun age vodun spirit agriculture tengues laying whole ewe thing thick age identifies two primary objectives improve domestic food security increase agricultural exports try tackle former objective first move latter objective domestic food security situation addressed 65 percent togos population employed agricultural sector food imports relatively low yet undernourishment rural poverty remain prevailing issues statistics make reasons instantly clear shocking 1 agricultural land togo irrigated 89 farmed primitive hand tools 16 fertilized togo cooperating european union expand irrigation countryside wishes expedite process particularly less fertile northern regions rocky soil far less productive loam rainier south additionally togo wishes accelerate proliferation agricultural technologies tractors planters reapers genetically improved strains common crops togo requests monetary aid investment international community money used fund regionscale irrigation projects used subsidize production sale mechanized agricultural equipment used establish microfinance institutions enable individual farmers purchase agricultural equipment togo also pledges remove standing 5 10 tariffs agricultural technologies pledges make domestic agricultural improvement priority formulating fy2023 public investment budget historically accounted 30 states gdp much funding committed covid19 crisis past two years pandemics end togo able funnel money critical area togo vows permit international monitoring use foreign aid investment guarantee efficient application intended cause togo additionally calls upon states nongovernmental organizations work government roll better crop varieties togolese farms togo need crops resistant pests drought yield consistent outputs additionally need consultants work age commission togolese farmers order coordinate efficient operation togos mostly smallholder farms application new technologies means end togo pursuing total food security self sufficiency currently togos significant foodstuffs import rice mostly rice exported india usd 360000000 spent annually imported rice domestic production small 145000 tons harvested annually making eighth produced crop compared 1000000 tons cassava harvest every year using tools outlined togo focus increasing rice production hopefully eliminate import entirely another important aspect food security togo would like address lack strategic grain reserve making especially vulnerable food crises togo begin construction grain bins accommodate maximum grain reserve 250000 tons grain purchased government fair prices regions surplus crops reserve used regulate prices alleviate famine case crisis government also establish age crisis relief fund stockpile funding potential use future tldr heres short list things togo requesting direct monetary aid investment improve togos agricultural sector monitoring use foreign money agricultural sector assistance constructing grain bins irrigation infrastructure assistance procuring agricultural equipment genetically improved varieties rice cassava corn yam millet sorghum etc assistance distributing managing implementation new agricultural tech,positive,4,1659058716.0,1
Togo,Togo food security,btw atheist firmly believe die thats dont concern afterlife thanks,negative,1221,1694891699.0,-1
Togo,Togo food security,dont think things going go sideways enough next week impact 99 us 2020 taught anything things go bad fast said thought id check things weekend normally couple times year decided weekend would good weekend anybody else sitrep check things weekend list get rest security cameras fill gas tanks cars fill propane tanks check fire extinguishers check flashlight batteries last minute food preps enough tp check togo bags revist bug plan parent boys pick extra box ammo,negative,43,1610659848.0,-1
Togo,Togo food security,best tldr could make original reduced 67 im bot dakar senegal 25000 people could face starvation conflictplagued parts west africa next year united nations official warned friday quotone striking things already issues severe food insecurity last year year we039re seeing deteriorationquot doehnert said dakar presenting findings latest food security report regional governments un aid groups dicko said little food arrives gets military convoys often attacked road aid groups need use helicopters transport food costly advertisement last quarter year benin ivory coast guinea guineabissau liberia sierra leone togo experienced 20 increase food insecurity compared 2021 according food security report 25 million people nigeria face moderate worse food insecurity report states advertisement quotthis year we039re 63 people need next year projecting 69 million people figures increasing level funding less say terms percentagequot said summary source faq 606798 summaries far feedback pms comments monitored constructive feedback welcome top keywords food1 people2 year3 face4 where5 post found rworldnews notice thread discussing submission topic please discuss concept autotldr bot,positive,2,1671219110.0,1
Togo,Togo food security,anyone hears voices north texas probably hearing group people dfw area 23 years stumbled upon 2 years ago hearing noises house mckinney working used app called ear spy help hear even better past 2 years voices terrorizing teasing taunting every move well micro managing well say play game called money game get paid screw player win staying jail predetermined time limit rule 1 introduce player man running game fear caught police inside peoples head using nano tech upgraded visual voices transmitted thru nanobot technology mental telepathy well vision using eyes host see network called ears network plano police working towards finding group somewhere collin county stumbled upon communicating talking trying screw prize less 2 months togo 24 month time limit ended end past january usually games last 6 months thats alotted time agencys spy people investigating still collecting data ears eyes trying bust friends thus getting around snitch clause informants use pay network suppose pay housingmedical food information group done tries make kill get busted leader ex police officer plano affiliated deaatf us marshalls fbi years name frank tall blond 55 yrs old skinney flat ass 60 muscular friends mckinney police dept dallas well video back statements wife recorded saying medical city dallas bugged plano pd responsive never called back asked many questions going made calls fbi left messages department justice never heard back either told see doctor even told proof even made keys shop would walk asleep ive subjected loud piercing tones make head feel like vice team consists 6 8 people work round clock monitoring targets picked claim third party company support fbi dea terrorists equipment 22nd century updated old fbi spy wear early 2000s encounters late night called 911 plano police caught 3 times released wearing state trooper uniforms crafty lie make people believe dont know saying anyone hears voices dfw area aware team harass torment day everyday get want win game anyone voices frank rachael mama leanne medusa please get contact asap help bring team justice asap invasion freedom privacy become national security issue guys gang stalkers vigilantes dangerous crafty lie emencely get situations using badges former agencys departments try control life make promises kept thier whole premise win prize game thou destroy family friends network could even cities across america hope post reaches someone else situation happen please feel free contact thank greg garafola gxnwo plano,positive,4,1607268891.0,1
Togo,Togo food security,hi im 31m pnw last 3 years best met fiancee shes someone thought could never find enjoy playing games together like pokemon go overcooked stardew valley cosplay watch anime binge watch tv love travel bought first home together quarantining together couldnt ask better best friend since quarantine date nights car rides togo food still nice saddest thing wedding plans postponed covid lucky work home really prefer way spend time together love cook try new recipes current obsession right home maintenance safety security theres lot things happening world home often noticed things fix secure improve,positive,7,1602097816.0,1
Togo,Togo food security,think nasa might think rockets space exploration know play big role food eat space earth satellites unique view fishing ranching farming favorite foods fruits veggies grains nasa data helps farmers local communities address issues like water management croptype identification land use sustainable farming processes climate continues warm drought preparedness food security continue challenges nasa data helps overcome 4pm 5pm et 1617 ut answer questions agriculture drought food security nasa data ask us anything amber mccullum research scientist project manager applied sciences baerinasa ames research center erika podest scientist carbon cycle ecosystems group nasa jet propulsion laboratory kerry cawsenicholson ecostress science lead nasa jet propulsion laboratory matthew rodell associate deputy director earth science hydrosphere biosphere geophysics nasa goddard space flight center estefania puricelli lead economist nasa harvest username unasa,positive,3552,1629198035.0,1
Togo,Togo food security,since years applying pc wanted updated list general departure dates country decided would create personally departure date equally important aspects role like sector location every time new opportunities posted jan 1st apr 1st july 1st oct 1st added notes im sure others could benefit list curious postings pc offers information minus response pcv postings number positions language requirements couples accepted things recorded hindsight bit cumbersome post recommend using crtl f quick search country departure month sector sectors ag agriculture ced community economic development edu education env environment health health yid youth development pretty straightforward doesnt hurt define nomenclature find errors inconsistencies volunteer postings let know would happy correct error obviously exact dates change year year usually days weeks never seen changes months seasons generic format opportunity position title departure date sector x200b africa benin health extension volunteer june 7 2020 heath sustainable agricultural systems agent june 7 2020 ag sustainable agricultural systems agent june 7 2020 ag ced teaching english foreign language tefl teacher june 7 2020 edu botswana youth hivaids capacity building life skills educator july 23 2020 edu yid cameroon agriculture extension volunteer may 23 2020 ag community health educator may 23 2020 health english education teaching may 23 2020 edu secondary education science teacher may 23 2020 edu comoros teflsecondary school english teacher june 7 2020 edu eswatini community hivaids mitigation officer sept 21 2020 health youth development officer sept 21 2020 yid ethiopia agriculture nutrition development worker jan 17 2020 ag health community health educator jan 17 2020 health teflenglish language teacher june 14 2020 edu teflenglish language teaching specialist june 14 2020 edu ghana agriculture extension volunteer jan 13 2020 ag business agriculture advising volunteer jan 13 2020 ag ced health extension volunteer jan 13 2020 health junior high school math teacher may 31 2020 edu junior high school science teacher may 31 2020 edu special education teacher may 31 2020 edu guinea agroforestry volunteer nov 30 2019 ag env public health educator nov 30 2019 health secondary education english teacher june 22 2020 edu secondary education math teacher june 22 2020 edu secondary education science teacher june 22 2020 edu kenya deaf education teacher aug 31 2020 edu secondary education math teacher aug 31 2020 edu secondary education science teacher aug 31 2020 edu lesotho hivaids adolescent health advocate sept 27 2020 health yid primary education teacher sept 27 2020 edu liberia health extension volunteer feb 2 2020 health junior high math teacher june 3 2020 edu junior high science teacher june 3 2020 edu primary literacy teacher june 3 2020 edu primary literacy teacher specialist june 3 2020 edu madagascar agriculture extension volunteer feb 28 2020 ag community health advisor feb 28 2020 health english education teacher sept 11 2020 edu malawi environment food security educator june 6 2020 ag env high school english teacher june 6 2020 edu youth health advisor june 6 2020 health mozambique community health youth service promoter april 21 2020 heath yid high school english teacher aug 24 2020 edu high school math teacher aug 24 2020 edu high school science teacher aug 24 2020 edu namibia community health hivaids program chhap volunteer april 5 2020 health small enterprise entrepreneurship development volunteer april 5 2020 ced secondary education math teacher aug 9 2020 edu secondary education science teacher aug 9 2020 edu rwanda maternal child health educator aug 23 2020 health primary education english coteacher aug 23 2020 edu secondary education english coteacher aug 23 2020 edu senegal business development service agent feb 23 2020 ced yid community health support agent feb 23 2020 health forestry environment change agent sept 18 2020 ag env forestry environment specialist sept 18 2020 ag env sustainable rural agriculture extension agent sept 18 2020 ag sustainable rural agriculture specialist sept 18 2020 ag urban agriculture extension agent sept 18 2020 ag sierra leone community health promoter june 14 2020 health secondary education english teacher june 14 2020 edu secondary education math teacher june 14 2020 edu secondary education science teacher june 14 2020 edu south africa community hivaids outreach coordinator jan 17 2020 health primary school english teacher june 28 2020 edu tanzania health extension volunteer feb 3 2020 health sustainable agriculture volunteer feb 3 2020 ag secondary education math teacher july 5 2020 edu secondary education science teacher july 5 2020 edu gambia community gardening agroforestry facilitator oct 7 2019 ag community health facilitator oct 7 2019 health primary teacher trainer specialist june 15 2020 edu teacher trainer primary education june 15 2020 edu togo agriculture development specialist june 4 2020 ag community health educator june 4 2020 health english teacher june 4 2020 edu public health educator june 4 2020 health secondary education english teacher trainer june 4 2020 edu sustainable agriculture educator june 4 2020 ag uganda english literacy teacher nov 1 2019 edu agribusiness specialist june 5 2020 ag ced business development advisor june 5 2020 ag ced community health educator june 5 2020 health community health specialist june 5 2020 health zambia ag forestry extension agent linking income food environment life mar 9 2020 env agriculture extension agent rural aquaculture promotion rap mar 9 2020 ag maternal child health hivaids educator aug 16 2020 health secondary education english teacher tefl certificate aug 16 2020 edu x200b asia cambodia primary secondary education english teacher july 10 2020 edu secondary education english teacher trainer july 10 2020 edu china teacher english foreign language university college june 13 2020 edu indonesia english teacher teacher trainer sept 9 2020 edu mongolia english education teacher may 30 2020 edu health extension volunteer may 30 2020 health myanmar secondary education english teacher jan 21 2020 edu secondary education english teacherteacher trainer jan 21 2020 edu nepal english education teacher jan 31 2020 edu food security volunteer jan 31 2020 ag philippines coastal resource management community outreach facilitator july 2 2020 env english education coteacher july 2 2020 edu primary education teacher trainer july 2 2020 edu youth development facilitator july 2 2020 yid sri lanka english teacher teacher trainer oct 7 2019 edu english education teacher june 8 2020 edu thailand english coteacher teacher trainer jan 3 2020 edu english education teaching jan 3 2020 edu youth development volunteer jan 3 2020 yid timorleste community economic development facilitator oct 2 2019 ced english teacher teacher trainer oct 2 2019 edu x200b caribbean dominican republic community economic volunteer mar 3 2020 ced spanish literacy promoter primary school mar 3 2020 edu spanish literacy promoter primary school aug 17 2020 edu youth development facilitator aug 17 2020 yid eastern caribbean primary english literacy volunteer june 28 2020 edu jamaica primary literacy advisor mar 9 2020 edu sustainable agriculture facilitator mar 9 2020 ag ced env x200b central america mexico belize rural health educator may 4 2020 health yid costa rica business advising volunteer mar 9 2020 ced english teacher july 5 2020 edu youth development promoter july 5 2020 yid guatemala maternal child health promoter mar 3 2020 health rural development facilitator mar 3 2020 ag ced community economic development facilitator sept 20 2020 ced youth development program coordinator sept 20 2020 yid mexico climate change education youth empowerment volunteer june 3 2020 env natural resource conservation volunteer june 3 2020 env university english coteacher june 3 2020 edu university english coteacher teacher trainer june 3 2020 edu panama english coteaching critical skills facilitator feb 25 2020 edu english coteaching critical skills facilitator higher education feb 25 2020 edu environment education volunteer feb 25 2020 env business advising agriculture volunteer june 11 2020 ag ced sustainable agriculture extension promoter june 11 2020 ag water sanitation hygiene education facilitator june 11 2020 env health x200b eastern europe central asia albania community development volunteer jan 18 2020 ced english education volunteer jan 18 2020 edu health education volunteer jan 18 2020 health armenia community youth development volunteer mar 15 2020 yid tefl volunteer mar 15 2020 edu georgia english language coteacher youth educator april 17 2020 edu organizational community development facilitator april 17 2020 ced kosovo community organization development volunteer may 23 2020 ced english education volunteer may 23 2020 edu kyrgyz republic english language teacher june 4 2020 edu moldova english education teacher may 31 2020 edu health education teacher may 31 2020 health organizational development coordinator may 31 2020 ced montenegro english teacher youth development volunteer jan 18 2020 edu north macedonia community development associate sept 17 2020 ced english language coteacher sept 17 2020 edu special needs educator sept 17 2020 edu ukraine community youth development specialist aug 7 2020 yid community youth worker aug 7 2020 yid local government ngo advising volunteer aug 7 2020 ced secondary education teflenglish teaching aug 14 2020 edu university english teacher aug 14 2020 edu x200b north africa middle east morocco youth development specialist sept 7 2020 yid x200b pacific islands fiji community economic development facilitator sept 27 2020 ced samoa english literacy educator oct 1 2020 edu tonga english language teacher facilitator aug 17 2020 edu vanuatu literacy education facilitator may 20 2020 edu water sanitation hygiene wash nutrition facilitator may 20 2020 health x200b south america colombia business advising volunteer april 13 2020 ced english education teaching sept 7 2020 edu ecuador tefl teacher jan 13 2020 edu health wellness promoter may 25 2020 health youth development community service promoter may 25 2020 yid guyana adolescent health promoter june 1 2020 health community conservation promoter june 1 2020 env primary literacy promoter june 1 2020 edu paraguay community economic development promoter may 17 2020 ced community environment promoter sept 20 2020 env youth health promoter may 17 2020 health peru community health volunteer sept 2019 health youth development community service promoter sept 2019 yid community economic development facilitator mar 10 2020 ced water sanitation hygiene facilitator mar 10 2020 health x200b edits fixed inconsistencies added two missed positions peru,positive,95,1578014234.0,1
Togo,Togo food security,anyone cares know mother one controlled everything got 2022 step dad getting soon,positive,80477,1735851535.0,1
Togo,Togo food security,hi last minute planning trip west africa time frame little air depending start date new job still negotiating terms im thinking 1 month6 weeks plan arriving ouagadougou burkina faso applying west africa visa entente ill loop togobeninnigerback burkina faso head ivory coast last minute w africa part world ive never dont really time plan looking useful infolived experiences 1 realistically much travel cost part world need travel simply cheaply possible plan couchsurfing wherever 2 would love stay peace corps volunteers region anyone hook emails volunteers area 3 best order countries trip youve traveled plan outlined sound good would modify bit lot others seem go ghana first sort visas circle returning accra catch roundtrip flight home however expensive fly ghana multiple entry visa ghana outside budget im choosing skip start burkina faso 4 must brings donotbrings 5 food tips im vegetarian open eating fish dont really expect problems end 6 anyone copies pdfs preferred epubs w africa countryspecific travel guides places route 7 safety whole plan stupid security situation like places right travel warnings state avoid travel many places currently given plan take bush taxis country country illadvised naive thinking travel region world little preparation wits guide safety something take seriously time lived traveled worked many areas deemed insecure tend heed many warnings aka good grasp warnings take seriously ignore given fine many supposedly highrisk areas without exercise excessive caution someone lives works w africa done offthebeaten path trip last 6 months please give straight aqim etc presence thanks feel free dmcommentwhatever,positive,14,1497885353.0,1
Togo,Togo food security,30f live roommate sarah 29f habit eating everything fridge whether always says shes stressed swears shell replace groceries vanish faster dating app match mentioning kids last straw ate emotional support tiramisu context id spent hours making tiramisu rough week work therapy dessert sarah ate whole thing without asking left note empty dish said sorry pms sucks owe lost ordered lock fridge food moved everything sarahs furious saying ive ruined vibe apartment im passiveaggressive locking shared fridge even tried rally roommates spoiler also hide snacks aitah locking food sarah mad cant steal serotonin anymore updates 1222 temporary lock fridge figure solution proof go cops receipts last 6 months grocery bills claims could grocery runs also took broken lock roommate weve lived sarah around 6 years one core girls group started within last 14 months care person behavior cant continue recently started saying make money fair share since weve friends long weve gone landlord theft claims need work dont really leg stand also use paying portal automatically split rent four ways buying fridge already bought two 400 dollar coolers still didnt work pay additional hundred fridge electric bills would insane cannot break lease would loose 4800 security deposit need pay 98k 60 days rent find new tenants cant live 60 days parents crazy strict abusive feel bad going parents,negative,15327,1734844424.0,-1
Togo,Togo food security,b block murobuchi gozo passimianace chandelure aegislash jellicent drifblim cinderace murobuchi gozo might top gozo team 3rd cause pokémon suits also work julius wakatsuki decided would get lefts overs 3 passimian cinderace two mons team represent gozo martial art aka sports sadly isnt pokémon based olympics yet best got rest team made purely counter wakatsuki team guess want timeline 4 pokémon came first fight wakatsuki wakatsuki takeshi machamp sawkace togekiss duraludon lycanrocmidday form conkeldurr wakatsuki takeshi team sounds simple paper julius also big strong muscular man dont want repeat pokémon make teams side side really think get conkeldurr machamp purely show wakatsuki pure strength pokédex entries specifically machamps mentions point mastered use strength skillfully conkeldurr self made martial art machamp dip every martial art togekiss lycanroc team less represent wakatsuki relationship furumi heihachi kind shape like togekiss relationship like man dog heck wanna say wakatsuki given togepi starter furumi sawk pretty easy one understand duraludon purely team cause dragon dragons viewed power houses pokémon thought fit dont think best choice im open change one sawada keizaburo exploudfemaleace delcattymale puruglymale wigglytuffmale azumarill female male cinccinomale sawada keizaburo could made like 3 different sawada teams different themes decided go weird gender team mainly cause could make almost whole team normal types julius curb stomp makes sense say weird one azumarill type gender feel like works sawadaif curious gander changed look evolutionary line find also wanted least one female team put exploud despite team mainly male female attracts 0 effect team julius reinhold machoke buzzwoleace crabominable alakazam seismitoad rillaboom julius reinhold julius team simple crabominable seismitoad rillaboom purely cause big kinda muscular machoke team machamp well thats cause machoke pokédex talk machoke care deeply muscles workouts pure julius hand machamp pokédex entries talk martial art abilities julius let machoke evolve turn pathetic martial artist specially things martial arts might get way weight training also compare machamps arms machokes machoke clearly bigger machamp aka machoke better muscles buzzwole given julius hayami katsumasa secret weapon want keep legendaries special choice took make alakazam may look like odd ball julius advisor helps plan teams workout regimes course joins ever seen rip alakazam welp julius one team pure physical attackers member least moves thembull strength superpower like trainer take lot steroids imagine pokémon huge muscular veiny muteba gizenga leavanny golisopod zweilous slurpufface audinomegaace hatterene extras genesect celesteela muteba gizengathis team came strangely cute leavanny cause muteba man fashion leavanny sometimes make nice clothes wear gets bored zweilous slurpuff audino hatterene pretty easy understand either blind sorta super sense like muteba extra mean well round 2 muteba hatterene audino got heavily injured battle couldnt used round 3 togo tomari got replacements 3rd round dont think muteba think togo since arms dealer think pokémon look like weapons fit perfectly thats chose genesect celesteela also muteba bit breeder choice pokémon wont stop eggs kinda one hobbies bored meguro masaki throhnicknamed father marowaknicknamed kangaskhan zarude drampa dragapult meguro masaki team simple throh rest team family theme like much else meguro pretty simple character though guess fits gonna nickname different family names like brother mother thought cheesy names father sekibayashi jun hawlucha heavens funeralace incineroar tamed satan delibirdheavens messenger bisharp wing ripper thievul darkness light blissey angels nurse sekibayashi jun built sekibiyashi team represent fighting make team pro wrestling hawlucha obvious star show incineroar anthero wrestler good guy deep plays dirty win bisharp villain shows willing whatever takes win get belt thievul minion helps bisharp cheating ways also lead cleaner inbetween matches shows blissey nurse official punching bag group whenever need test new moves get pump show blissey blissey sometimes shows ever small part better believe blissey knows sell getting hurt blisseys great actors delibird hands team water bottles mid day snacks towels charges walking aground stands selling food drinks tshirts whatever else federation selling night delibird also handles security shows making sure fans dont go ring interrupt show also help practice training sometimes show may get flashy jobs better believe teammates think irreplaceable yes pokémon stage names dont mean anything special also lot costumes made shows like shorts masks body paint kozan takeru heracrossmega hariyama snorlax archeops ludicolo feraligatr kozan takeru hariyama sumo wrestler obvious choice heracross based beetles japanese use sumo like fights ludicolo despite looking like mexican stereotype kappa kappas love sumo made sense mythology way feraligatr snorlax cause one episode anime sumo tournament feraligatr like best snorlax came also look snorlax perfect sumo archeops might look like odd choice think ability defeatist fits kozan well since like defeatist kozan beginning great lot strong hits moves half way point fight got extremely tired began lose strength speed movements got smaller due using martial arts dont suit body shape marvellous sekihawluchahells beakace incineroarwild behemoth delibirddemons enforcer bisharpwarrior torture thievulhell shadow blisseycruel mercy marvellous sekinow let make one thing clear isnt using pokémon seki using demons hell might look like pokémon fact notyes wearing lot make,positive,13,1595964477.0,1
Togo,Togo food security,work red lobster red lobster recognizable name get seafood town makes restaurant busy add hectic atmosphere located parking lot mall front store section handicap togo parking small median parking mall food court far enough food court strip parking front used little mall security still gets upset park even going far ask gm every ones car model licence plate number frequently servers upset calling safety issue walk money every night busy area day section parking lot want us park 55 feet away door around corner whole staff concerned getting robbed mall sits highway would easy half tempted go ask mall office pay parking passes wanted know also felt like safety issue dont server im looking opinions,positive,14,1568961529.0,1
Togo,Togo food security,received invitation yesterday mind still blur togo serving environmental action food security departing june 2014 heres timeline february 22 2013 application submitted march 8 2013 contacted peace corps la office schedule interview march 28 2013 inperson interview march 28 2013 nominated health placement departure date february 2014 august 7 2013 medical preclearance august 8 2013 legal preclearance november 8 2013 invite anyone headed togo june would love chat also anyonepcvsrpcvs informationfun factsadvice country service togo personal life anything would love hear wow togo come,positive,13,1383987772.0,1
Togo,Togo food security,33rd african union summit held addis ababa two main goals set ethiopian government hopes three proposals help securing panafrican unity well individual prosperity within many nations africa review african union peace security council african union peace security council organ african union charge enforcing union decisions patterned somewhat united nations security council members elected assembly african union reflect regional balance within africa well variety criteria including capacity contribute militarily financially union political effective diplomatic presence addis ababa council composed fifteen countries five elected threeyear terms ten twoyear terms countries immediately reeligible upon expiration terms membership 20182020 2year members angola djibouti equatorial guinea gabon liberia morocco rwanda sierra leone togo zimbabwe 20162019 3 year members nigeria zambia egypt kenya republic congo ethiopia proposes following members 20192022 3year membership nigeria ethiopia egypt kenya republic congo change transitioning zambian seat ethiopia order reflect increased importance amison ethiopia key contributor ethiopia proposes following members 20202022 2 year membership angola djibouti zambia gabon liberia morocco rwanda algeria uganda zimbabwe relatively minimal changes present however believe list represents nations currently suited position open discussion revisitation well 2022 seats reassignment point proposing reforms structure aupsc rapid reaction force apsa developed late 1990s africa confronted crises somali civil war rwandan genocide time statutes organisation african unity oau allow intervention inner affairs another state lead creation african union constitutive act allows au member states intervene third state even respective government case crimes humanity war crimes genocide african standby force asf policy framework roadmap operationalization asf callsfor establishment rapid deployment capability rdc capable intervening within fourteen days cases genocide gross human rights abuses rdc decided integral part regional standby forces deployed entry point precursor deployment larger mission end 2013 expert panel au stated goal met ethiopia believes time create small effective rapid deployment capability force consisting missions aupsc members hopefuls effective contribution consideration event application membership rdc force consist minimum five thousand troops stationed addis ababa construction complex funded au maintenance supplied government troops take part exercises training missions always maintain ability within 14 days redeploy point across continent order intervene immediately establish small zone operations prior deployment larger aupsc mission ethiopia commit supplying 2000 troops military troops equipped following equipment quantity oshkosh matv 20 m113a2 apc 60 t72 mbt 75 m109a2 howitzer 40 d30 howizter 75 hmmwv armoured 100 hmmwv standard 250 gaz63 50 well making following air equipment available immediate noquestionsasked requisition rdc equipment quantity mig23 3 su27 6 textron airland scorpion 1 hope demonstration commitment help inspire african nations contribute remaining 3000 troops minimum establish required capabilities african union agricultural initiative comprehensive africa agriculture development programme caadp africas policy framework agricultural transformation wealth creation food security nutrition economic growth prosperity agriculture everyones business national independence depends development enables us escape scourge food insecurity undermines sovereignty fosters sedition driver growth whose leverage acknowledged economists politicians sector offering greatest potential poverty inequality reduction provides sources productivity disadvantaged people working sector benefit ibrahim assane mayaki chief executive officer nepad agency caadp currently two main goals signatory nations namely 1 6 annual growth agricultural gdp 2 allocation least 10 public expenditures agricultural sector believed two goals intrinsically linked without effective topdown investment agriculture may continue develop develop directions rate necessary goals many national governments currently 41 african union member states signed caadp compacts 33 developed formal national agriculture food security investment plans well four eight regional economic communities recs signed regional compacts three developed complete investment plans onaverage public agricultural expenditures risen 7 per year across africa since 2003 nearly doubling public agricultural expenditures since launch caadp issue accelerate expand attainment caadp goals ensure desired levels rate transformation african agriculture primarily believe rec cooperation effective nationallevel plans allowing collaboration neighbors planning without requiring move entire african union nations able rely resources would access otherwise improve situations one another propose resolution requiring 8 regional economic communities develop complete investment plans currently provide model ecowas comesa ecowas plan effective two eac sadc consist largely nations made significant progress nationally however done cooperation although hostility either respective organisations,positive,4,1528159520.0,1
Togo,Togo food security,march 21 2018 african continental free trade area afcfta signed kigali rwanda promote trade african nations foster continental unity 44 african countries signed agreement establishing free trade area seen vital continents economic development country signed niger president mahamadou issoufou rwanda president paul kagame chad president idriss déby angola president joão lourenço central african republic president faustin archange touadéra comoros president azali assoumani republic congo president denis sassou nguesso djibouti president ismaïl omar guelleh ghana president nana akufoaddo gambia president adama barrow gabon president ali bongo ondimba kenya president uhuru kenyatta mozambique filipe nyusi sahrawi arab democratic republic president mohamed abdelaziz senegal prresident macky sall south africa president cyril ramaphosa sudan president omar albashir mauritania president mohamed ould abdel aziz zimbabwe president emmerson mnangagwa cote divoire vice president daniel kablan duncan seychelles vincent meriton vice president algeria ahmed ouyahia prime minister equatorial guinea francisco pascual obama asue prime minister lesotho tom thabane prime minister morocco saadeddine othmani prime minister swaziland barnabas sibusiso dlamini prime minister tanzania kassim majaliwa prime minister tunisia youssef chahed prime minister benin aurélien agbénonci minister foreign affairs burkina faso alpha barry minister foreign affairs democratic republic congo léonard okitundu minister foreign affairs guinea mamadi touré foreign affairs minister liberia gbehzohngar findley foreign affairs minister mali minister foreign affairs somalia minister foreign affairs south sudan minister foreign affairs uganda sam kutesa minister foreign affairs são tomé príncipe cabinet minister togo minister cooperation integration malawi emmanuel fabiano foreign affairs minister cameroon finance minister cape verde tourism industry energy minister libya mohamed taha siala minister foreign affairs madagascar henry rabary njaka minister foreign affairs zambia joe malanji minister foreign affairs egypt tarek kabil trade industry minister mauritius vishnu lutchmeenaraidoo foreign affairs minister ethiopia bekele bulado trade trade namibia minister industrialization botswana minister trade goals afcfta important aim afcfta facilitate intraafrican goods trade making crossborder trade easier simpler less costly trade facilitation measures address nontariff barriers like delays borders inefficient customs documentation lack timely information health certification standards inconsistencies transit traffic requirements allow easier flow goods region trade facilitation measures successful coupled investment infrastructure hard infrastructure like upgrading border posts roads rail information communication technology ict infrastructure soft infrastructure policy regulation support competitive access infrastructure services enlarging african market making easier cost effective trade intercontinentally attract foreign direct investment fdi national regional infrastructure projects infrastructure investment enhancing regional connectivity turn stimulates market demand african products easily accessible improved access inputs manufacturing process markets public infrastructure producers including small medium sized enterprises improve competitiveness production capacity intraafrica crossborder trade becomes easier less costly afcfta creates opportunity establish regional value chains promote industrial development also affords benefits smallscale producers informal crossborder traders increased intraafrica trade numerous knockon effects linked targets sdgs including poverty alleviation food security addressing inequality industrial development flow benefits smallscale producers informal crossborder traders due improved access inputs infrastructure information markets significant focus access services targets sdgs afcfta play significant role facilitate flow services continent liberalising services trade synchronising services trade regulations immense impact majority sdgs services trade movement business persons also direct link industrial infrastructure development movement business persons facilitates transfer knowledge knowhow traderelated services including agriculture extension services energy ict financial education health professional services vital sustainable economic growth often lacking african economies improved access services afcfta make crosscutting contribution sdgs services trade direct impact sustainable economic growth improving health education working population youth access finance agriculture smallscale producers entrepreneurs efficient infrastructurerelated services improve functioning economy second phase afcfta negotiations addresses key policy issues lead fair playing field african economies intellectual property governance important example development pharmaceutical production capacity access medicines continent important element provision health services ecommerce increased connectivity significant benefit smallscale producers entrepreneurs reach markets otherwise unattainable afcfta serve integrate markets economies 55 countries different stages development progressive liberalisation give least developed countries necessary time build productive capacity diversity trade commodities ensure longterm sustainable economic growth employment creation poverty alleviation aftermath signing agreement require countries ratify national level due come force 180 days countries adopt legal instruments permit afcfta continue ratification final seal continental fta rwanda landlocked country stands massively benefit sudden free flow trade services liberalisation movement business persons well establishment continental agreement competition policy intellectual property ecommerce rwanda seeks africas financial services hub afcfta allows companies rwanda exploit deal maximum promoting intraafrican growth,positive,5,1523341454.0,1
Togo,Togo food security,hello im leaving june togo agriculturefood security volunteer anyone served west africa planted gardens tell found grew best successful chances get horse info would great im excited thank,positive,10,1454599881.0,1
Togo,Togo food security,every hotel restaurant road casino name view track bad spent last 3 days covering every visible spot including windows black sheets one see unless sitting paid seat side main strip security guards every fifty feet actively stop trying see race overlook window walkway restaurants overlooking track without black coverings charging 300 seat food drink grandstand tickets 3000 entire experience vegas antiviewer insane ive got general admission race saturday possible get podium ceremony seats update im stands awesome,positive,15097,1732347569.0,1
Togo,Togo food security,doesnt quite fit sub didnt know else post years ago used food sampling demos independent company often went particular whole foods rather small 3 hour gig would always see lady pushing cart around items entire time first time saw invited try samples politely declined used feel kinda bad thought prob kind mental illness im gig different whole foods invite shopper try sample comes quietly tells shes security see several times shift pushing cart groceries oh,negative,1180,1735794189.0,-1
Togo,Togo food security,1915 utc ok folks outta showed learn lot questions hopefully replies want think water commons see books free download youre really random curiosities check jive talking podcast newsletter find dont make money stuff ive got salary professor hi reddit done seven amas years usually triggered surge stories related water problems heres last one sep 2021 year seen floods pakistan dirty tap water jacksonville record droughts europe ongoing megadrought western us started blogging water 2007 written two books political economy water 2014 living water scarcity free download political economy political water shared common good eg water environment economic water managed prices drinking water markets irrigation water water pass political social economic uses complicates everything published little book commons 2022 wrote water many elements civilization exist commons everyone use nobody owns free download ama proof heres proof,positive,1683,1663071246.0,1
Togo,Togo food security,super psyched say received invite food security educator position togo would love hear advice togo volunteers connect invites,positive,7,1511377669.0,1
Togo,Togo food security,quick story happened today guest calls store answer phone calling verify togo order placed couldnt find name number system food claimed ordered offered ring since original order hadnt paid anyway come could cancel would security knowing food made x200b guy describes order two burgers one turkey patty appetizers lot burgers would tell burgers lot appetizers deal try ask exactly comes another voice girl fuck guy girl youre supposed ask long wait fuckin long guy acting like girl oh fuck guy know fuck girl fucking ask long wait x200b goes another 20 seconds orders piling guests coming door decide dont care anymore put guy hold notify manager go day guy never showed food order never came,negative,22,1549859267.0,-1
Togo,Togo food security,esl teaching training china esl teaching training mongolia community economic development esl community health let girls learn burkina faso esl madagascar food security nepal agriculture business development uganda agriculture extension work togo public health zambia public health togo public community health mozambique programs application deadlines october 1 apply field spring summer 2016,positive,18,1443039998.0,1
Togo,Togo food security,disclaimer prepper falls somewhere prepping tuesday prepping doomsday dont think well see teotwawki believe us state decay especially given proposed drastic changes new administration wants enact said securing food needs part everyones skillset sewing soapmaking repair etc good skills secondary keeping human body functioning stocking shelf stable food good point stock run every prepper know least one following bonus points multiple gardening hunting trapping fishing foraging animal husbandry,positive,343,1734113482.0,1
Togo,Togo food security,importance specialised standard software madmar compliance eu market abuse regulation created uniform legal framework catalogue criminal law prohibition market manipulation insider trading since 2016 moreover financial institutions obliged take active proactive measures order avoid criminal offences backyard amendments pose significant challenges financial industry especially banking sector systems traditional methods monitoring securities compliance longer effective therefore new procedures implemented almost three years later time take stock success madmar current market developments sds whitepaper madmar compliance provided austria based software company sds concisely summarises significant findings experiences three years practical application also provides approaches automated monitoring securities derivatives transactions sds continuously setting digital standards financial market operations regulations compliance solutions international financial industry comprehensive sds portfolio covers stateofthefuture products services customer marketrelated processes ranging global securities derivate processing regulatory tax compliance automation solutionbased consulting professional testing services managed services 3000 financial institutions worldwide 10000 users 80 countries trust sds sustainable business values sds wwwsdsat namefirstlast title company name job title work email work phone company website company size15051 100101 500501 10001001 50005001 10000100001 countryplease select onealbaniaalgeriaamerican samoaandorraangolaantigua barbudaargentinaarmeniaaustraliaaustriaazerbaijanbahamasbahrainbangladeshbarbadosbelarusbelgiumbelizebeninbermudabhutanboliviabosnia herzegovinabotswanabrazilbruneibulgariaburkina fasoburundicambodiacamerooncanadacape verdecayman islandscentral african republicchadchilechinacolombiacomoroscongo democratic republic thecongo republic thecosta ricacôte divoirecroatiacubacyprusczech republicdenmarkdjiboutidominicadominican republiceast timorecuadoregyptel salvadorequatorial guineaeritreaestoniaethiopiafijifinlandfrancegabongambiageorgiagermanyghanagreecegreenlandgrenadaguamguatemalaguineaguineabissauguyanahaitihondurashong konghungaryicelandindiaindonesiairaniraqirelandisraelitalyjamaicajapanjordankazakhstankenyakiribatinorth koreasouth koreakuwaitkyrgyzstanlaoslatvialebanonlesotholiberialibyaliechtensteinlithuanialuxembourgmacedoniamadagascarmalawimalaysiamaldivesmalimaltamarshall islandsmauritaniamauritiusmexicomicronesiamoldovamonacomongoliamontenegromoroccomozambiquemyanmarnamibianaurunepalnetherlandsnew zealandnicaraguanigernigerianorwaynorthern mariana islandsomanpakistanpalaupalestinepanamapapua new guineaparaguayperuphilippinespolandportugalpuerto ricoqatarromaniarussiarwandasaint kitts nevissaint luciasaint vincent grenadinessamoasan marinosao tome principesaudi arabiasenegalserbia montenegroseychellessierra leonesingaporeslovakiasloveniasolomon islandssomaliasouth africaspainsri lankasudansudan southsurinameswazilandswedenswitzerlandsyriataiwantajikistantanzaniathailandtogotongatrinidad tobagotunisiaturkeyturkmenistantuvaluugandaukraineunited arab emiratesunited kingdomunited statesuruguayuzbekistanvanuatuvatican cityvenezuelavietnamvirgin islands britishvirgin islands usyemenzambiazimbabwe business sectoradvertising marketing servicesagricultureapparel footwear accessories afabiotech pharmaceuticalscloud computing webbased softwarecomputer servicescomputer softwareconstruction contractingconsulting servicesdistribution wholesaleecommerceeducationenergy utilitiesengineering architecture designfinance accounting insurancefood beverage distributorfood beverage manufacturergovernmenthealth beautyhealthcare servicesit developer reseller varlogistic transportation servicesmanufacturingmediapublishingnonprofitprofessional servicesreal estaterestaurant hospitalityretailservices othertelecommunications please tick box wish receive latest insights via newsletters information relevant publications events fintech futures carefully selected partners _fintech futures use details provide send white paper share software daten service informative purposes including followup white paper_ _to understand use data change marketing permissions please see privacy policy email marketingbankingtechcom information_ details,positive,1,1564486068.0,1
Togo,Togo food security,couldnt find clear directions vatican im posting help first timers like tldr basilica 7am lined vatican museum 8am went eat cheap lunch nuovo mercato trionfale 1130ish headed home got vatican 7am didnt know go first got first line saw st peters basilica free enter need pay cash get cupola didnt basilica favorite part line security moves pretty fast hour went line vatican museums north side vatican city go around outside thought could freely walk inside precise location vatican museum via tunisi meets viale vaticano two lines right one tours skip line tickets moves really fast left one tickets left line started moving around 9am getting 8am got us really good spot first went security skipped large crowded room bought tickets line museum cool opted standard audio tour grownups family audio tour kids loved family audio tour basically scavenger hunt game learn stuff whole museum path basically line sistine chapel got wall wall people vatican staff showing people telling cant stand need move middle stand look afterward needed eat 1pm time cafeteria slammed expensive left vatican went nuovo mercato trionfale bunch venders selling sorts produce several street food vendors well picked lunch dinner togo 12 would paid vatican cafeteria look like several shops closing might good option arrived much later 130 hope visitors find useful,positive,10,1528386668.0,1
Togo,Togo food security,im sure even start goes 47m 22yearold daughter got arrested recently breaking rich peoples houses stealing wasnt onetime thingshe friends theyd gotten lucky luck ran broke mansion triggered alarm police caught didnt help werent wearing masks cameras caught everything outside insideevery angle heres thing could shot security mansion honestly dont know made without happening cops showed anything like could go arrested along others ive already helped pay lawyer evidence pretty airtight camera breaking parttime job shes living home theres reason idea made think good idea first place shes looking potentially going prison could kicked college shes going plead guilty well theres way around whats really eating blames get hook shes mad like im supposed magically make go away dont know else im supposed doshe made choice like said theres logical reason break wealthy peoples mansions steal stuff good job school heading good career path fact money used things wanted wife paid school food clothes needs dont even make pay rent theres reason turn crime guess im looking advice deal want support best shes adult cant fix honestly dont even know anyone something similar kid handle im loss right,positive,14370,1724617088.0,1
Togo,Togo food security,basically got matched tinder saturday date agreed cafe public shows friend whos fair attractive met asked whats said brought friend dont mind comfortable replied thought date since specifically asked would like go food drinks basically said friend wanted come security reasons got annoyed said im 3 person date sorry good one left im 27 year old almost free time looking serious partner situationship fun night profile also clearly states looking something serious long term normal bring friend date behind times,positive,9265,1727531414.0,1
Togo,Togo food security,ive always struggled understand picky eaters grew financially insecure household meant food varied based whatever sale week even disliked food option eat starve since food preferences often change eat disliked food think time actually helped appreciate foods initially hated adult barely foods actively dislike course still preferences raw celery still sucks would never leave something plate simply dont like food however noticed tends picky eaters amongst wealthier friends makes sense since afford eat anything want would bother eat foods dont like know experiences grew dont want assume things curious coincidence others noticed thing edit clarified definition picky eating clear definition picky eating refusing eat something perfectly fine wont make ill dislike due taste texture whatever different case intolerances allergies severe sensory disorders etc words eating puts commission day thats picky,negative,487,1700357490.0,-1
Togo,Togo food security,long time struggled grasp overarching themes one piece ive following series since anime impel arc initially noticed clear parallels plots op history home country brazil portrayal rich people enslaving others later denying access land food even security resonated historical reality brazil impoverished often resort violent means meet basic needs live europe ive come realize low standards many aspects basic necessities organized society enables modern forms exploitation often perpetuated old families marginalized groups discriminated fetishized based race despite medievallevel violence exploitation poverty food insecurity brazilians face dailyissues would terrify manyi find remarkable remain happy smiling ready help someone theyve met made wonder deeply oda might delved brazilian history conceived joyboy character existed world might come brazil course themes arent exclusive brazil unfortunately inherent colonial international relations continue evolve appearance ultimately perpetuate problems worldwide evident even ongoing immigration crisis holy land recent years see something similar op world known sinking makes wonder also see parallels reality well id interested hear perspective might misinterpreting,positive,24842,1724969235.0,1
Togo,Togo food security,mom started pulling social security addition food stamps bragging taking maga sister disney government money needed help planning made comment disney woke conversation moved onto frustrating discuss things matter superficial try make always turns wrong stuff officially decided keep address private see anymore im insanely frustrated little cares others someone poor vote interests,negative,7722,1734459668.0,-1
Togo,Togo food security,hey rpersonalfinance little long sooooo lets start readers digest versionalso throwaway account finance talk tldr 4 12 years went 20k debt surpassing 100k net worth thanks rpersonalfinance 1 increasing income 0 100k per year without increasing lifestyleexpenses 2 living well means 3 eliminating debt 4 taking new debt 5 saving investing retirement 6 proactive positive career cannot believe actually hit 100k net worth todayits seriously surreal words cant describe grateful financial security today help rpersonalfinance given along way without guys idea would zero financial knowledge like nothing past 4 12 years financial advice expertise youve provided opened eyes future couldnt dreamed wanted share success offer storyhelp anyone else struggling financially year promise things get better patience little perseverance course hard work life pf 2011 interest keeping things clear concise ill give key bullet points 20k debt student loans ba sociology unemployed lost social work job recession credit score around 350450 boa would give secured cc broke food stamps income selling tshirts street moment revelation moment pushed take control financial destiny denied secured line credit needing sell favorite surfboard rent day never credit card knew nothing credit scores didnt understand denied also money bank 20 food stamps week food realized needed understand financial forces world live life dreamed also realized forces already working didnt learn make work realized would destined life insecurity doubt fear every unexpected expense 27 years old creating plan 1 started reading learning much could personal finance credit loans debt etc 2 discovered rpersonalfinance immediately posted financial situation asked advice 3 based advice following decided transition careers started applying internships entry level positions new fields requested free credit report created game plan tackle outstanding debtnegative marks organized student loans according interest rate created plan aggressively highest interest loans work way steady income resolved establish emergency fund would give 3month cushion lose job completedstart saving retirement building credit step 1increase income career potential increasing income potential career prospects longterm utmost importance get finances control resolved start bottom work tirelessly develop skill set matter much pridesacrifice might take decided would find excel new career jumped right identified transferable skills polished resume decided wanted work startupscompanies developing exciting new technology immediately started applying interviews job meif seemed interesting like even relevant skills would apply process essential refining personal pitch honing positionsareas interested mention phone interviewsinperson interviews invaluable training future job searches weeks offered internship great company 20hours week 10 hour interns still college couldnt even drink despite feeling like old ass man 27 knew great opportunity jumped offer step 2 work hard move interview internship explicitly stated interns would hired decided new goal would change minds performance would convince keep around proceeded work ass end internship id learned could imagined two fulltime offers table companies id applied internship told intern supervisor said accept another offer want next day signed offer letter company interned starting 50k year important note ive continued working zeal dedication result ive promoted several times salary increased 50k year 100k year believe strong work ethic make anything reality step 3 dont let money change lifestyle live means new salary allowed immediately start saving tackling debtbut didnt spend money elsewhere living food stamps able keep expenses low right continued live well means put extra money paying debt saving meant new cars new debt frivolous spending sprees keep eye prize even wasnt intense financial pressure within 1year paid student loans increased credit score 100 points established emergency fund 1000 begun utilizing companies 401k match promoted given pay raise essentials 1 found proactive increase income salary position initiate salary reviews yearly basis superiors jump opportunity take new responsibilities proactive doesnt mean forcing youre way others always look right appropriate moments career goals remaining teachable never forget everyone replaceable work hard asset company 2 pay cc full every month dont take new debt want car buy used wait cash hand goes consumer product 3 max retirement accounts 401k roth ira 4 maintain liquid emergency fund cover everything current level expenditure 6months dont touch much could add questions please ask away love helping people stuff since advice freely given literally changed life anyone swear last least thank wasnt rpersonalfinance id still lost life edit wowthe skeptics strong didnt immediately respond comments questions posted 2am went bed going go today work respond everyones questions one one even takes till 4am edit 2 win lotto inherit money edit 3 job progression salary information assistant community manager 50000 k community manager 66000 k operations manager 80000 k head operations 100000 k new years eve edit 4 realized new years eve wanted let know plan hammering comments tomorrow afternoonevening forgotten first priority new year,positive,2022,1451551854.0,1
